"title","start_time","end_time","description","exercise_title","superset_id","exercise_notes","set_index","set_type","weight_kg","reps","distance_km","duration_seconds","rpe"
"Lower","May 7, 2026, 6:13 AM","May 7, 2026, 7:46 AM","","Squat (Barbell)",,"Neck hurt top set from buns placement but reps felt alot easier",0,"warmup",20,4,,,
"Lower","May 7, 2026, 6:13 AM","May 7, 2026, 7:46 AM","","Squat (Barbell)",,"Neck hurt top set from buns placement but reps felt alot easier",1,"warmup",60,4,,,
"Lower","May 7, 2026, 6:13 AM","May 7, 2026, 7:46 AM","","Squat (Barbell)",,"Neck hurt top set from buns placement but reps felt alot easier",2,"warmup",80,3,,,
"Lower","May 7, 2026, 6:13 AM","May 7, 2026, 7:46 AM","","Squat (Barbell)",,"Neck hurt top set from buns placement but reps felt alot easier",3,"failure",110,2,,,8.5
"Lower","May 7, 2026, 6:13 AM","May 7, 2026, 7:46 AM","","Squat (Barbell)",,"Neck hurt top set from buns placement but reps felt alot easier",4,"failure",90,5,,,9
"Lower","May 7, 2026, 6:13 AM","May 7, 2026, 7:46 AM","","Romanian Deadlift (Barbell)",,"Good",0,"warmup",60,6,,,
"Lower","May 7, 2026, 6:13 AM","May 7, 2026, 7:46 AM","","Romanian Deadlift (Barbell)",,"Good",1,"warmup",100,4,,,
"Lower","May 7, 2026, 6:13 AM","May 7, 2026, 7:46 AM","","Romanian Deadlift (Barbell)",,"Good",2,"failure",150,3,,,9
"Lower","May 7, 2026, 6:13 AM","May 7, 2026, 7:46 AM","","Romanian Deadlift (Barbell)",,"Good",3,"failure",130,6,,,10
"Lower","May 7, 2026, 6:13 AM","May 7, 2026, 7:46 AM","","Standing Calf Raise (Smith)",,"",0,"warmup",40,6,,,
"Lower","May 7, 2026, 6:13 AM","May 7, 2026, 7:46 AM","","Standing Calf Raise (Smith)",,"",1,"failure",120,10,,,9.5
"Lower","May 7, 2026, 6:13 AM","May 7, 2026, 7:46 AM","","Standing Calf Raise (Smith)",,"",2,"failure",120,8,,,9
"Lower","May 7, 2026, 6:13 AM","May 7, 2026, 7:46 AM","","Leg Extension (Machine)",,"Single leg",0,"failure",40,8,,,
"Lower","May 7, 2026, 6:13 AM","May 7, 2026, 7:46 AM","","Leg Extension (Machine)",,"Single leg",1,"failure",35,8,,,
"Lower","May 7, 2026, 6:13 AM","May 7, 2026, 7:46 AM","","Cable Crunch",,"Diff form testing",0,"normal",30,6,,,
"Lower","May 7, 2026, 6:13 AM","May 7, 2026, 7:46 AM","","Cable Crunch",,"Diff form testing",1,"normal",35,6,,,
"Pull","May 6, 2026, 7:26 PM","May 6, 2026, 8:32 PM","","Lat Pulldown (Cable)",,"First exc means up alot - idk if stronger or just less tired",0,"warmup",50,6,,,
"Pull","May 6, 2026, 7:26 PM","May 6, 2026, 8:32 PM","","Lat Pulldown (Cable)",,"First exc means up alot - idk if stronger or just less tired",1,"failure",95,6,,,9
"Pull","May 6, 2026, 7:26 PM","May 6, 2026, 8:32 PM","","Lat Pulldown (Cable)",,"First exc means up alot - idk if stronger or just less tired",2,"failure",95,5,,,10
"Pull","May 6, 2026, 7:26 PM","May 6, 2026, 8:32 PM","","Chest Supported T-bar Row",,"Buns 2nd exc - still matched so whatever - if first wouldve probs gone up",0,"warmup",25,6,,,
"Pull","May 6, 2026, 7:26 PM","May 6, 2026, 8:32 PM","","Chest Supported T-bar Row",,"Buns 2nd exc - still matched so whatever - if first wouldve probs gone up",1,"warmup",50,4,,,
"Pull","May 6, 2026, 7:26 PM","May 6, 2026, 8:32 PM","","Chest Supported T-bar Row",,"Buns 2nd exc - still matched so whatever - if first wouldve probs gone up",2,"failure",77.5,4,,,9.5
"Pull","May 6, 2026, 7:26 PM","May 6, 2026, 8:32 PM","","Chest Supported T-bar Row",,"Buns 2nd exc - still matched so whatever - if first wouldve probs gone up",3,"failure",75,5,,,10
"Pull","May 6, 2026, 7:26 PM","May 6, 2026, 8:32 PM","","Preacher Curl (Barbell)",,"Very good - up on borh and better ROM",0,"warmup",28,6,,,
"Pull","May 6, 2026, 7:26 PM","May 6, 2026, 8:32 PM","","Preacher Curl (Barbell)",,"Very good - up on borh and better ROM",1,"failure",40,5,,,10
"Pull","May 6, 2026, 7:26 PM","May 6, 2026, 8:32 PM","","Preacher Curl (Barbell)",,"Very good - up on borh and better ROM",2,"failure",38,5,,,10
"Pull","May 6, 2026, 7:26 PM","May 6, 2026, 8:32 PM","","Lat Pulldown - Close Grip (Cable)",,"",0,"failure",105,4,,,10
"Pull","May 6, 2026, 7:26 PM","May 6, 2026, 8:32 PM","","Lat Pulldown - Close Grip (Cable)",,"",1,"failure",95,5,,,10
"Pull","May 6, 2026, 7:26 PM","May 6, 2026, 8:32 PM","","Hammer Curl (Dumbbell)",,"Brutal up",0,"failure",28,8,,,10
"Pull","May 6, 2026, 7:26 PM","May 6, 2026, 8:32 PM","","Hammer Curl (Dumbbell)",,"Brutal up",1,"failure",28,6,,,9.5
"Push","May 5, 2026, 6:12 AM","May 5, 2026, 7:54 AM","","Incline Bench Press (Dumbbell)",,"4 set foid taken incline machine",0,"warmup",20,6,,,
"Push","May 5, 2026, 6:12 AM","May 5, 2026, 7:54 AM","","Incline Bench Press (Dumbbell)",,"4 set foid taken incline machine",1,"warmup",30,4,,,
"Push","May 5, 2026, 6:12 AM","May 5, 2026, 7:54 AM","","Incline Bench Press (Dumbbell)",,"4 set foid taken incline machine",2,"failure",40,5,,,9.5
"Push","May 5, 2026, 6:12 AM","May 5, 2026, 7:54 AM","","Incline Bench Press (Dumbbell)",,"4 set foid taken incline machine",3,"failure",38,5,,,10
"Push","May 5, 2026, 6:12 AM","May 5, 2026, 7:54 AM","","JM Press (Barbell)",,"",0,"warmup",40,6,,,
"Push","May 5, 2026, 6:12 AM","May 5, 2026, 7:54 AM","","JM Press (Barbell)",,"",1,"failure",75,5,,,9.5
"Push","May 5, 2026, 6:12 AM","May 5, 2026, 7:54 AM","","JM Press (Barbell)",,"",2,"failure",70,5,,,9
"Push","May 5, 2026, 6:12 AM","May 5, 2026, 7:54 AM","","Shoulder Press (Machine Plates)",,"",0,"warmup",40,6,,,
"Push","May 5, 2026, 6:12 AM","May 5, 2026, 7:54 AM","","Shoulder Press (Machine Plates)",,"",1,"warmup",80,4,,,
"Push","May 5, 2026, 6:12 AM","May 5, 2026, 7:54 AM","","Shoulder Press (Machine Plates)",,"",2,"failure",120,4,,,9.5
"Push","May 5, 2026, 6:12 AM","May 5, 2026, 7:54 AM","","Shoulder Press (Machine Plates)",,"",3,"failure",110,6,,,10
"Push","May 5, 2026, 6:12 AM","May 5, 2026, 7:54 AM","","Bench Press (Barbell)",,"Rough 4",0,"warmup",20,6,,,
"Push","May 5, 2026, 6:12 AM","May 5, 2026, 7:54 AM","","Bench Press (Barbell)",,"Rough 4",1,"warmup",60,4,,,
"Push","May 5, 2026, 6:12 AM","May 5, 2026, 7:54 AM","","Bench Press (Barbell)",,"Rough 4",2,"failure",92.5,4,,,10
"Push","May 5, 2026, 6:12 AM","May 5, 2026, 7:54 AM","","Bench Press (Barbell)",,"Rough 4",3,"failure",85,5,,,10
"Push","May 5, 2026, 6:12 AM","May 5, 2026, 7:54 AM","","Single Arm Triceps Pushdown (Cable)",,"",0,"failure",20,6,,,10
"Push","May 5, 2026, 6:12 AM","May 5, 2026, 7:54 AM","","Single Arm Triceps Pushdown (Cable)",,"",1,"failure",17.5,8,,,9
"Push","May 5, 2026, 6:12 AM","May 5, 2026, 7:54 AM","","Lateral Raise (Cable)",,"",0,"failure",12.5,4,,,10
"Push","May 5, 2026, 6:12 AM","May 5, 2026, 7:54 AM","","Lateral Raise (Cable)",,"",1,"failure",10,8,,,9
"Lower","May 3, 2026, 1:53 PM","May 3, 2026, 3:36 PM","","Squat (Barbell)",,"Yummy - issue this entire time is probs bracing",0,"warmup",20,4,,,
"Lower","May 3, 2026, 1:53 PM","May 3, 2026, 3:36 PM","","Squat (Barbell)",,"Yummy - issue this entire time is probs bracing",1,"warmup",60,4,,,
"Lower","May 3, 2026, 1:53 PM","May 3, 2026, 3:36 PM","","Squat (Barbell)",,"Yummy - issue this entire time is probs bracing",2,"warmup",80,4,,,
"Lower","May 3, 2026, 1:53 PM","May 3, 2026, 3:36 PM","","Squat (Barbell)",,"Yummy - issue this entire time is probs bracing",3,"failure",110,3,,,9.5
"Lower","May 3, 2026, 1:53 PM","May 3, 2026, 3:36 PM","","Squat (Barbell)",,"Yummy - issue this entire time is probs bracing",4,"failure",90,5,,,9.5
"Lower","May 3, 2026, 1:53 PM","May 3, 2026, 3:36 PM","","Romanian Deadlift (Barbell)",,"Starting off of floor is solid choice tbh",0,"warmup",60,6,,,
"Lower","May 3, 2026, 1:53 PM","May 3, 2026, 3:36 PM","","Romanian Deadlift (Barbell)",,"Starting off of floor is solid choice tbh",1,"warmup",100,4,,,
"Lower","May 3, 2026, 1:53 PM","May 3, 2026, 3:36 PM","","Romanian Deadlift (Barbell)",,"Starting off of floor is solid choice tbh",2,"failure",150,3,,,9
"Lower","May 3, 2026, 1:53 PM","May 3, 2026, 3:36 PM","","Romanian Deadlift (Barbell)",,"Starting off of floor is solid choice tbh",3,"failure",130,5,,,9.5
"Lower","May 3, 2026, 1:53 PM","May 3, 2026, 3:36 PM","","Standing Calf Raise (Smith)",,"",0,"warmup",40,6,,,
"Lower","May 3, 2026, 1:53 PM","May 3, 2026, 3:36 PM","","Standing Calf Raise (Smith)",,"",1,"failure",120,8,,,9
"Lower","May 3, 2026, 1:53 PM","May 3, 2026, 3:36 PM","","Standing Calf Raise (Smith)",,"",2,"failure",110,10,,,
"Lower","May 3, 2026, 1:53 PM","May 3, 2026, 3:36 PM","","Leg Extension (Machine)",,"Single leg all but first",0,"normal",62.5,8,,,
"Lower","May 3, 2026, 1:53 PM","May 3, 2026, 3:36 PM","","Leg Extension (Machine)",,"Single leg all but first",1,"normal",30,8,,,
"Lower","May 3, 2026, 1:53 PM","May 3, 2026, 3:36 PM","","Leg Extension (Machine)",,"Single leg all but first",2,"failure",40,6,,,
"Lower","May 3, 2026, 1:53 PM","May 3, 2026, 3:36 PM","","Decline Sit Ups",,"Funny feeling in back",0,"failure",15,4,,,
"Lower","May 3, 2026, 1:53 PM","May 3, 2026, 3:36 PM","","Decline Sit Ups",,"Funny feeling in back",1,"failure",10,6,,,
"Lower","May 3, 2026, 1:53 PM","May 3, 2026, 3:36 PM","","Cable Twist (Down to up)",,"Testing",0,"normal",10,6,,,
"Lower","May 3, 2026, 1:53 PM","May 3, 2026, 3:36 PM","","Cable Twist (Down to up)",,"Testing",1,"normal",12.5,6,,,
"Pull","May 2, 2026, 10:35 AM","May 2, 2026, 11:46 AM","","Chest Supported T-bar Row",,"Like 4.5 reps top set",0,"warmup",25,6,,,
"Pull","May 2, 2026, 10:35 AM","May 2, 2026, 11:46 AM","","Chest Supported T-bar Row",,"Like 4.5 reps top set",1,"warmup",50,4,,,
"Pull","May 2, 2026, 10:35 AM","May 2, 2026, 11:46 AM","","Chest Supported T-bar Row",,"Like 4.5 reps top set",2,"failure",77.5,4,,,9.5
"Pull","May 2, 2026, 10:35 AM","May 2, 2026, 11:46 AM","","Chest Supported T-bar Row",,"Like 4.5 reps top set",3,"failure",75,5,,,10
"Pull","May 2, 2026, 10:35 AM","May 2, 2026, 11:46 AM","","Lat Pulldown (Cable)",,"Just wider than shoulder width grip - gotta do 2x95kg next time",0,"warmup",50,6,,,
"Pull","May 2, 2026, 10:35 AM","May 2, 2026, 11:46 AM","","Lat Pulldown (Cable)",,"Just wider than shoulder width grip - gotta do 2x95kg next time",1,"failure",95,5,,,9
"Pull","May 2, 2026, 10:35 AM","May 2, 2026, 11:46 AM","","Lat Pulldown (Cable)",,"Just wider than shoulder width grip - gotta do 2x95kg next time",2,"failure",90,6,,,8.5
"Pull","May 2, 2026, 10:35 AM","May 2, 2026, 11:46 AM","","Preacher Curl (Barbell)",,"Biceps just feel cooked - only 1 down top so not bad ig",0,"warmup",28,6,,,
"Pull","May 2, 2026, 10:35 AM","May 2, 2026, 11:46 AM","","Preacher Curl (Barbell)",,"Biceps just feel cooked - only 1 down top so not bad ig",1,"failure",40,4,,,10
"Pull","May 2, 2026, 10:35 AM","May 2, 2026, 11:46 AM","","Preacher Curl (Barbell)",,"Biceps just feel cooked - only 1 down top so not bad ig",2,"failure",36,6,,,10
"Pull","May 2, 2026, 10:35 AM","May 2, 2026, 11:46 AM","","Lat Pulldown - Close Grip (Cable)",,"Maybe egolift up",0,"failure",100,5,,,9.5
"Pull","May 2, 2026, 10:35 AM","May 2, 2026, 11:46 AM","","Lat Pulldown - Close Grip (Cable)",,"Maybe egolift up",1,"failure",95,5,,,9.5
"Pull","May 2, 2026, 10:35 AM","May 2, 2026, 11:46 AM","","Hammer Curl (Preacher)",,"",0,"failure",18,4,,,9
"Pull","May 2, 2026, 10:35 AM","May 2, 2026, 11:46 AM","","Hammer Curl (Preacher)",,"",1,"failure",16,6,,,
"Push","May 1, 2026, 7:08 AM","May 1, 2026, 8:16 AM","","Incline Chest Press (Machine)",,"",0,"warmup",40,6,,,
"Push","May 1, 2026, 7:08 AM","May 1, 2026, 8:16 AM","","Incline Chest Press (Machine)",,"",1,"warmup",80,4,,,
"Push","May 1, 2026, 7:08 AM","May 1, 2026, 8:16 AM","","Incline Chest Press (Machine)",,"",2,"failure",100,4,,,10
"Push","May 1, 2026, 7:08 AM","May 1, 2026, 8:16 AM","","Incline Chest Press (Machine)",,"",3,"failure",95,6,,,9.5
"Push","May 1, 2026, 7:08 AM","May 1, 2026, 8:16 AM","","JM Press (Barbell)",,"Good form",0,"warmup",40,6,,,
"Push","May 1, 2026, 7:08 AM","May 1, 2026, 8:16 AM","","JM Press (Barbell)",,"Good form",1,"failure",75,4,,,9.5
"Push","May 1, 2026, 7:08 AM","May 1, 2026, 8:16 AM","","JM Press (Barbell)",,"Good form",2,"failure",70,5,,,9
"Push","May 1, 2026, 7:08 AM","May 1, 2026, 8:16 AM","","Shoulder Press (Machine Plates)",,"Back to 4 - could be a little bit too heavy idk",0,"warmup",40,6,,,
"Push","May 1, 2026, 7:08 AM","May 1, 2026, 8:16 AM","","Shoulder Press (Machine Plates)",,"Back to 4 - could be a little bit too heavy idk",1,"warmup",80,4,,,
"Push","May 1, 2026, 7:08 AM","May 1, 2026, 8:16 AM","","Shoulder Press (Machine Plates)",,"Back to 4 - could be a little bit too heavy idk",2,"failure",120,4,,,10
"Push","May 1, 2026, 7:08 AM","May 1, 2026, 8:16 AM","","Shoulder Press (Machine Plates)",,"Back to 4 - could be a little bit too heavy idk",3,"failure",110,6,,,10
"Push","May 1, 2026, 7:08 AM","May 1, 2026, 8:16 AM","","Bench Press (Barbell)",,"4th rep went up solid - prog made",0,"warmup",20,6,,,
"Push","May 1, 2026, 7:08 AM","May 1, 2026, 8:16 AM","","Bench Press (Barbell)",,"4th rep went up solid - prog made",1,"warmup",60,4,,,
"Push","May 1, 2026, 7:08 AM","May 1, 2026, 8:16 AM","","Bench Press (Barbell)",,"4th rep went up solid - prog made",2,"failure",92.5,4,,,10
"Push","May 1, 2026, 7:08 AM","May 1, 2026, 8:16 AM","","Bench Press (Barbell)",,"4th rep went up solid - prog made",3,"failure",85,5,,,10
"Push","May 1, 2026, 7:08 AM","May 1, 2026, 8:16 AM","","Single Arm Triceps Pushdown (Cable)",,"",0,"failure",20,5,,,10
"Push","May 1, 2026, 7:08 AM","May 1, 2026, 8:16 AM","","Single Arm Triceps Pushdown (Cable)",,"",1,"failure",17.5,8,,,9
"Push","May 1, 2026, 7:08 AM","May 1, 2026, 8:16 AM","","Lateral Raise (Cable)",,"Need to up weight by v small increment",0,"failure",10,10,,,10
"Push","May 1, 2026, 7:08 AM","May 1, 2026, 8:16 AM","","Lateral Raise (Cable)",,"Need to up weight by v small increment",1,"failure",10,6,,,9
"Lower","Apr 29, 2026, 6:14 AM","Apr 29, 2026, 7:27 AM","","Squat (Barbell)",,"",0,"warmup",20,4,,,
"Lower","Apr 29, 2026, 6:14 AM","Apr 29, 2026, 7:27 AM","","Squat (Barbell)",,"",1,"warmup",60,4,,,
"Lower","Apr 29, 2026, 6:14 AM","Apr 29, 2026, 7:27 AM","","Squat (Barbell)",,"",2,"warmup",80,4,,,
"Lower","Apr 29, 2026, 6:14 AM","Apr 29, 2026, 7:27 AM","","Squat (Barbell)",,"",3,"failure",100,4,,,
"Lower","Apr 29, 2026, 6:14 AM","Apr 29, 2026, 7:27 AM","","Squat (Barbell)",,"",4,"failure",90,5,,,
"Lower","Apr 29, 2026, 6:14 AM","Apr 29, 2026, 7:27 AM","","Romanian Deadlift (Barbell)",,"145 next time",0,"warmup",60,6,,,
"Lower","Apr 29, 2026, 6:14 AM","Apr 29, 2026, 7:27 AM","","Romanian Deadlift (Barbell)",,"145 next time",1,"warmup",100,4,,,
"Lower","Apr 29, 2026, 6:14 AM","Apr 29, 2026, 7:27 AM","","Romanian Deadlift (Barbell)",,"145 next time",2,"failure",140,6,,,9.5
"Lower","Apr 29, 2026, 6:14 AM","Apr 29, 2026, 7:27 AM","","Romanian Deadlift (Barbell)",,"145 next time",3,"failure",130,5,,,9.5
"Lower","Apr 29, 2026, 6:14 AM","Apr 29, 2026, 7:27 AM","","Standing Calf Raise (Smith)",,"",0,"warmup",40,6,,,
"Lower","Apr 29, 2026, 6:14 AM","Apr 29, 2026, 7:27 AM","","Standing Calf Raise (Smith)",,"",1,"failure",115,9,,,
"Lower","Apr 29, 2026, 6:14 AM","Apr 29, 2026, 7:27 AM","","Standing Calf Raise (Smith)",,"",2,"failure",110,10,,,
"Lower","Apr 29, 2026, 6:14 AM","Apr 29, 2026, 7:27 AM","","Leg Extension (Machine)",,"",0,"normal",62.5,8,,,
"Lower","Apr 29, 2026, 6:14 AM","Apr 29, 2026, 7:27 AM","","Leg Extension (Machine)",,"",1,"normal",62.5,8,,,
"Lower","Apr 29, 2026, 6:14 AM","Apr 29, 2026, 7:27 AM","","Decline Sit Ups",,"",0,"failure",15,5,,,
"Lower","Apr 29, 2026, 6:14 AM","Apr 29, 2026, 7:27 AM","","Decline Sit Ups",,"",1,"failure",10,6,,,
"Pull","Apr 28, 2026, 5:02 PM","Apr 28, 2026, 5:53 PM","","Chest Supported T-bar Row",,"Better form top set",0,"warmup",25,6,,,
"Pull","Apr 28, 2026, 5:02 PM","Apr 28, 2026, 5:53 PM","","Chest Supported T-bar Row",,"Better form top set",1,"warmup",50,4,,,
"Pull","Apr 28, 2026, 5:02 PM","Apr 28, 2026, 5:53 PM","","Chest Supported T-bar Row",,"Better form top set",2,"failure",77.5,4,,,9.5
"Pull","Apr 28, 2026, 5:02 PM","Apr 28, 2026, 5:53 PM","","Chest Supported T-bar Row",,"Better form top set",3,"failure",75,5,,,9.5
"Pull","Apr 28, 2026, 5:02 PM","Apr 28, 2026, 5:53 PM","","Lat Pulldown - Close Grip (Cable)",,"0 wide grip free - fucking sucks",0,"failure",100,6,,,
"Pull","Apr 28, 2026, 5:02 PM","Apr 28, 2026, 5:53 PM","","Lat Pulldown - Close Grip (Cable)",,"0 wide grip free - fucking sucks",1,"failure",95,5,,,
"Pull","Apr 28, 2026, 5:02 PM","Apr 28, 2026, 5:53 PM","","Preacher Curl (Barbell)",,"",0,"warmup",18,6,,,
"Pull","Apr 28, 2026, 5:02 PM","Apr 28, 2026, 5:53 PM","","Preacher Curl (Barbell)",,"",1,"failure",40,5,,,10
"Pull","Apr 28, 2026, 5:02 PM","Apr 28, 2026, 5:53 PM","","Preacher Curl (Barbell)",,"",2,"failure",36,6,,,10
"Pull","Apr 28, 2026, 5:02 PM","Apr 28, 2026, 5:53 PM","","Lat Pulldown (Cable)",,"Grip a bit wider than shoulder width - later in session cooks me tbh",0,"warmup",50,6,,,
"Pull","Apr 28, 2026, 5:02 PM","Apr 28, 2026, 5:53 PM","","Lat Pulldown (Cable)",,"Grip a bit wider than shoulder width - later in session cooks me tbh",1,"failure",95,5,,,9.5
"Pull","Apr 28, 2026, 5:02 PM","Apr 28, 2026, 5:53 PM","","Lat Pulldown (Cable)",,"Grip a bit wider than shoulder width - later in session cooks me tbh",2,"failure",90,5,,,9.5
"Pull","Apr 28, 2026, 5:02 PM","Apr 28, 2026, 5:53 PM","","Reverse Curl (Barbell)",,"I <3 foot cramps in reverse curls",0,"failure",40,4,,,9
"Pull","Apr 28, 2026, 5:02 PM","Apr 28, 2026, 5:53 PM","","Reverse Curl (Barbell)",,"I <3 foot cramps in reverse curls",1,"failure",35,6,,,9
"Push","Apr 27, 2026, 6:23 AM","Apr 27, 2026, 8:01 AM","","Incline Bench Press (Dumbbell)",,"Substitute cuz machine taken by 3 set sam - decent for a technique diff tbh",0,"warmup",20,6,,,
"Push","Apr 27, 2026, 6:23 AM","Apr 27, 2026, 8:01 AM","","Incline Bench Press (Dumbbell)",,"Substitute cuz machine taken by 3 set sam - decent for a technique diff tbh",1,"warmup",30,4,,,
"Push","Apr 27, 2026, 6:23 AM","Apr 27, 2026, 8:01 AM","","Incline Bench Press (Dumbbell)",,"Substitute cuz machine taken by 3 set sam - decent for a technique diff tbh",2,"failure",40,4,,,9.5
"Push","Apr 27, 2026, 6:23 AM","Apr 27, 2026, 8:01 AM","","Incline Bench Press (Dumbbell)",,"Substitute cuz machine taken by 3 set sam - decent for a technique diff tbh",3,"failure",38,5,,,10
"Push","Apr 27, 2026, 6:23 AM","Apr 27, 2026, 8:01 AM","","JM Press (Barbell)",,"Need to go up just a little bit",0,"warmup",40,6,,,
"Push","Apr 27, 2026, 6:23 AM","Apr 27, 2026, 8:01 AM","","JM Press (Barbell)",,"Need to go up just a little bit",1,"failure",70,6,,,9
"Push","Apr 27, 2026, 6:23 AM","Apr 27, 2026, 8:01 AM","","JM Press (Barbell)",,"Need to go up just a little bit",2,"failure",70,6,,,9.5
"Push","Apr 27, 2026, 6:23 AM","Apr 27, 2026, 8:01 AM","","Shoulder Press (Machine Plates)",,"Sadge 1 down",0,"warmup",40,6,,,
"Push","Apr 27, 2026, 6:23 AM","Apr 27, 2026, 8:01 AM","","Shoulder Press (Machine Plates)",,"Sadge 1 down",1,"warmup",80,4,,,
"Push","Apr 27, 2026, 6:23 AM","Apr 27, 2026, 8:01 AM","","Shoulder Press (Machine Plates)",,"Sadge 1 down",2,"failure",120,3,,,10
"Push","Apr 27, 2026, 6:23 AM","Apr 27, 2026, 8:01 AM","","Shoulder Press (Machine Plates)",,"Sadge 1 down",3,"failure",110,5,,,9.5
"Push","Apr 27, 2026, 6:23 AM","Apr 27, 2026, 8:01 AM","","Bench Press (Barbell)",,"",0,"warmup",20,6,,,
"Push","Apr 27, 2026, 6:23 AM","Apr 27, 2026, 8:01 AM","","Bench Press (Barbell)",,"",1,"warmup",60,4,,,
"Push","Apr 27, 2026, 6:23 AM","Apr 27, 2026, 8:01 AM","","Bench Press (Barbell)",,"",2,"failure",92.5,4,,,10
"Push","Apr 27, 2026, 6:23 AM","Apr 27, 2026, 8:01 AM","","Bench Press (Barbell)",,"",3,"failure",85,5,,,9.5
"Push","Apr 27, 2026, 6:23 AM","Apr 27, 2026, 8:01 AM","","Single Arm Triceps Pushdown (Cable)",,"",0,"failure",20,5,,,9.5
"Push","Apr 27, 2026, 6:23 AM","Apr 27, 2026, 8:01 AM","","Single Arm Triceps Pushdown (Cable)",,"",1,"failure",17.5,8,,,10
"Push","Apr 27, 2026, 6:23 AM","Apr 27, 2026, 8:01 AM","","Lateral Raise (Cable)",,"Idk bro",0,"failure",10,8,,,9.5
"Push","Apr 27, 2026, 6:23 AM","Apr 27, 2026, 8:01 AM","","Lateral Raise (Cable)",,"Idk bro",1,"failure",10,8,,,10
"Lower","Apr 25, 2026, 10:36 AM","Apr 25, 2026, 11:46 AM","","Squat (Barbell)",,"Hips kinda tight - need to warmup proper",0,"warmup",20,4,,,
"Lower","Apr 25, 2026, 10:36 AM","Apr 25, 2026, 11:46 AM","","Squat (Barbell)",,"Hips kinda tight - need to warmup proper",1,"warmup",60,6,,,
"Lower","Apr 25, 2026, 10:36 AM","Apr 25, 2026, 11:46 AM","","Squat (Barbell)",,"Hips kinda tight - need to warmup proper",2,"warmup",80,4,,,
"Lower","Apr 25, 2026, 10:36 AM","Apr 25, 2026, 11:46 AM","","Squat (Barbell)",,"Hips kinda tight - need to warmup proper",3,"failure",100,4,,,
"Lower","Apr 25, 2026, 10:36 AM","Apr 25, 2026, 11:46 AM","","Squat (Barbell)",,"Hips kinda tight - need to warmup proper",4,"failure",90,5,,,
"Lower","Apr 25, 2026, 10:36 AM","Apr 25, 2026, 11:46 AM","","Romanian Deadlift (Barbell)",,"Sldl",0,"warmup",60,6,,,
"Lower","Apr 25, 2026, 10:36 AM","Apr 25, 2026, 11:46 AM","","Romanian Deadlift (Barbell)",,"Sldl",1,"warmup",100,4,,,
"Lower","Apr 25, 2026, 10:36 AM","Apr 25, 2026, 11:46 AM","","Romanian Deadlift (Barbell)",,"Sldl",2,"failure",140,5,,,9
"Lower","Apr 25, 2026, 10:36 AM","Apr 25, 2026, 11:46 AM","","Romanian Deadlift (Barbell)",,"Sldl",3,"failure",130,4,,,8.5
"Lower","Apr 25, 2026, 10:36 AM","Apr 25, 2026, 11:46 AM","","Decline Sit Ups",,"Everything else taken",0,"failure",15,4,,,
"Lower","Apr 25, 2026, 10:36 AM","Apr 25, 2026, 11:46 AM","","Decline Sit Ups",,"Everything else taken",1,"failure",10,6,,,
"Lower","Apr 25, 2026, 10:36 AM","Apr 25, 2026, 11:46 AM","","Standing Calf Raise (Smith)",,"",0,"warmup",40,6,,,
"Lower","Apr 25, 2026, 10:36 AM","Apr 25, 2026, 11:46 AM","","Standing Calf Raise (Smith)",,"",1,"failure",115,8,,,9.5
"Lower","Apr 25, 2026, 10:36 AM","Apr 25, 2026, 11:46 AM","","Standing Calf Raise (Smith)",,"",2,"failure",110,10,,,9.5
"Lower","Apr 25, 2026, 10:36 AM","Apr 25, 2026, 11:46 AM","","Leg Extension (Machine)",,"",0,"normal",62.5,8,,,
"Lower","Apr 25, 2026, 10:36 AM","Apr 25, 2026, 11:46 AM","","Leg Extension (Machine)",,"",1,"normal",62.5,8,,,
"Pull","Apr 24, 2026, 11:28 AM","Apr 24, 2026, 12:30 PM","","Seated Cable Row - Bar Wide Grip",,"Tbar taken :( - row just mid tbh",0,"warmup",50,6,,,
"Pull","Apr 24, 2026, 11:28 AM","Apr 24, 2026, 12:30 PM","","Seated Cable Row - Bar Wide Grip",,"Tbar taken :( - row just mid tbh",1,"warmup",70,6,,,
"Pull","Apr 24, 2026, 11:28 AM","Apr 24, 2026, 12:30 PM","","Seated Cable Row - Bar Wide Grip",,"Tbar taken :( - row just mid tbh",2,"failure",80,5,,,9
"Pull","Apr 24, 2026, 11:28 AM","Apr 24, 2026, 12:30 PM","","Seated Cable Row - Bar Wide Grip",,"Tbar taken :( - row just mid tbh",3,"failure",75,5,,,9
"Pull","Apr 24, 2026, 11:28 AM","Apr 24, 2026, 12:30 PM","","Lat Pulldown (Cable)",,"",0,"warmup",50,6,,,
"Pull","Apr 24, 2026, 11:28 AM","Apr 24, 2026, 12:30 PM","","Lat Pulldown (Cable)",,"",1,"failure",95,5,,,9
"Pull","Apr 24, 2026, 11:28 AM","Apr 24, 2026, 12:30 PM","","Lat Pulldown (Cable)",,"",2,"failure",90,7,,,9.5
"Pull","Apr 24, 2026, 11:28 AM","Apr 24, 2026, 12:30 PM","","Preacher Curl (Barbell)",,"",0,"warmup",18,6,,,
"Pull","Apr 24, 2026, 11:28 AM","Apr 24, 2026, 12:30 PM","","Preacher Curl (Barbell)",,"",1,"failure",40,4,,,9.5
"Pull","Apr 24, 2026, 11:28 AM","Apr 24, 2026, 12:30 PM","","Preacher Curl (Barbell)",,"",2,"failure",36,6,,,9.5
"Pull","Apr 24, 2026, 11:28 AM","Apr 24, 2026, 12:30 PM","","Lat Pulldown - Close Grip (Cable)",,"",0,"failure",100,5,,,10
"Pull","Apr 24, 2026, 11:28 AM","Apr 24, 2026, 12:30 PM","","Lat Pulldown - Close Grip (Cable)",,"",1,"failure",95,5,,,9
"Pull","Apr 24, 2026, 11:28 AM","Apr 24, 2026, 12:30 PM","","Hammer Curl (Dumbbell)",,"",0,"failure",28,6,,,9
"Pull","Apr 24, 2026, 11:28 AM","Apr 24, 2026, 12:30 PM","","Hammer Curl (Dumbbell)",,"",1,"failure",28,4,,,9.5
"Push","Apr 23, 2026, 6:16 PM","Apr 23, 2026, 7:29 PM","","Incline Chest Press (Machine)",,"Please no plateau - back off set up so decent",0,"warmup",40,6,,,
"Push","Apr 23, 2026, 6:16 PM","Apr 23, 2026, 7:29 PM","","Incline Chest Press (Machine)",,"Please no plateau - back off set up so decent",1,"warmup",80,4,,,
"Push","Apr 23, 2026, 6:16 PM","Apr 23, 2026, 7:29 PM","","Incline Chest Press (Machine)",,"Please no plateau - back off set up so decent",2,"failure",100,4,,,9.5
"Push","Apr 23, 2026, 6:16 PM","Apr 23, 2026, 7:29 PM","","Incline Chest Press (Machine)",,"Please no plateau - back off set up so decent",3,"failure",95,6,,,10
"Push","Apr 23, 2026, 6:16 PM","Apr 23, 2026, 7:29 PM","","JM Press (Barbell)",,"Too high warmup maybe? - form much better recently",0,"warmup",60,6,,,
"Push","Apr 23, 2026, 6:16 PM","Apr 23, 2026, 7:29 PM","","JM Press (Barbell)",,"Too high warmup maybe? - form much better recently",1,"failure",70,6,,,
"Push","Apr 23, 2026, 6:16 PM","Apr 23, 2026, 7:29 PM","","JM Press (Barbell)",,"Too high warmup maybe? - form much better recently",2,"failure",70,5,,,
"Push","Apr 23, 2026, 6:16 PM","Apr 23, 2026, 7:29 PM","","Shoulder Press (Machine Plates)",,"The big 3",0,"warmup",40,4,,,
"Push","Apr 23, 2026, 6:16 PM","Apr 23, 2026, 7:29 PM","","Shoulder Press (Machine Plates)",,"The big 3",1,"warmup",80,4,,,
"Push","Apr 23, 2026, 6:16 PM","Apr 23, 2026, 7:29 PM","","Shoulder Press (Machine Plates)",,"The big 3",2,"failure",120,4,,,9
"Push","Apr 23, 2026, 6:16 PM","Apr 23, 2026, 7:29 PM","","Shoulder Press (Machine Plates)",,"The big 3",3,"failure",110,5,,,9.5
"Push","Apr 23, 2026, 6:16 PM","Apr 23, 2026, 7:29 PM","","Bench Press (Barbell)",,"No spotter back off -sadge",0,"warmup",20,6,,,
"Push","Apr 23, 2026, 6:16 PM","Apr 23, 2026, 7:29 PM","","Bench Press (Barbell)",,"No spotter back off -sadge",1,"warmup",60,4,,,
"Push","Apr 23, 2026, 6:16 PM","Apr 23, 2026, 7:29 PM","","Bench Press (Barbell)",,"No spotter back off -sadge",2,"failure",92.5,3,,,10
"Push","Apr 23, 2026, 6:16 PM","Apr 23, 2026, 7:29 PM","","Bench Press (Barbell)",,"No spotter back off -sadge",3,"failure",85,4,,,10
"Push","Apr 23, 2026, 6:16 PM","Apr 23, 2026, 7:29 PM","","Rear Delt Reverse Fly (Cable)",,"",0,"failure",7.5,6,,,
"Push","Apr 23, 2026, 6:16 PM","Apr 23, 2026, 7:29 PM","","Single Arm Triceps Pushdown (Cable)",,"",0,"failure",20,5,,,9
"Push","Apr 23, 2026, 6:16 PM","Apr 23, 2026, 7:29 PM","","Single Arm Triceps Pushdown (Cable)",,"",1,"failure",17.5,8,,,10
"Push","Apr 23, 2026, 6:16 PM","Apr 23, 2026, 7:29 PM","","Lateral Raise (Cable)",,"10 to 12.5 kg is brutal",0,"failure",12.5,3,,,
"Push","Apr 23, 2026, 6:16 PM","Apr 23, 2026, 7:29 PM","","Lateral Raise (Cable)",,"10 to 12.5 kg is brutal",1,"failure",10,8,,,9
"Lower","Apr 21, 2026, 6:16 AM","Apr 21, 2026, 8:06 AM","","Squat (Barbell)",,"Up for once - getting back into it w squats",0,"warmup",20,4,,,
"Lower","Apr 21, 2026, 6:16 AM","Apr 21, 2026, 8:06 AM","","Squat (Barbell)",,"Up for once - getting back into it w squats",1,"warmup",60,6,,,
"Lower","Apr 21, 2026, 6:16 AM","Apr 21, 2026, 8:06 AM","","Squat (Barbell)",,"Up for once - getting back into it w squats",2,"warmup",80,4,,,
"Lower","Apr 21, 2026, 6:16 AM","Apr 21, 2026, 8:06 AM","","Squat (Barbell)",,"Up for once - getting back into it w squats",3,"failure",100,5,,,9.5
"Lower","Apr 21, 2026, 6:16 AM","Apr 21, 2026, 8:06 AM","","Squat (Barbell)",,"Up for once - getting back into it w squats",4,"failure",90,5,,,9.5
"Lower","Apr 21, 2026, 6:16 AM","Apr 21, 2026, 8:06 AM","","Deadlift (Barbell)",,"Rep farming tbh",0,"warmup",60,6,,,
"Lower","Apr 21, 2026, 6:16 AM","Apr 21, 2026, 8:06 AM","","Deadlift (Barbell)",,"Rep farming tbh",1,"warmup",100,4,,,
"Lower","Apr 21, 2026, 6:16 AM","Apr 21, 2026, 8:06 AM","","Deadlift (Barbell)",,"Rep farming tbh",2,"failure",140,4,,,9.5
"Lower","Apr 21, 2026, 6:16 AM","Apr 21, 2026, 8:06 AM","","Deadlift (Barbell)",,"Rep farming tbh",3,"failure",120,6,,,9.5
"Lower","Apr 21, 2026, 6:16 AM","Apr 21, 2026, 8:06 AM","","Standing Calf Raise (Smith)",,"",0,"warmup",40,6,,,
"Lower","Apr 21, 2026, 6:16 AM","Apr 21, 2026, 8:06 AM","","Standing Calf Raise (Smith)",,"",1,"failure",110,11,,,
"Lower","Apr 21, 2026, 6:16 AM","Apr 21, 2026, 8:06 AM","","Standing Calf Raise (Smith)",,"",2,"failure",110,10,,,
"Lower","Apr 21, 2026, 6:16 AM","Apr 21, 2026, 8:06 AM","","Leg Extension (Machine)",,"",0,"normal",62.5,8,,,
"Lower","Apr 21, 2026, 6:16 AM","Apr 21, 2026, 8:06 AM","","Leg Extension (Machine)",,"",1,"normal",62.5,8,,,
"Lower","Apr 21, 2026, 6:16 AM","Apr 21, 2026, 8:06 AM","","Decline Sit Ups",,"Coulda done more top on 15kg but hip cramp tf",0,"normal",10,6,,,
"Lower","Apr 21, 2026, 6:16 AM","Apr 21, 2026, 8:06 AM","","Decline Sit Ups",,"Coulda done more top on 15kg but hip cramp tf",1,"failure",15,4,,,
"Pull","Apr 20, 2026, 7:32 PM","Apr 20, 2026, 8:35 PM","","Chest Supported T-bar Row",,"Yummey",0,"warmup",25,6,,,
"Pull","Apr 20, 2026, 7:32 PM","Apr 20, 2026, 8:35 PM","","Chest Supported T-bar Row",,"Yummey",1,"warmup",50,4,,,
"Pull","Apr 20, 2026, 7:32 PM","Apr 20, 2026, 8:35 PM","","Chest Supported T-bar Row",,"Yummey",2,"failure",77.5,4,,,9
"Pull","Apr 20, 2026, 7:32 PM","Apr 20, 2026, 8:35 PM","","Chest Supported T-bar Row",,"Yummey",3,"failure",75,4,,,9
"Pull","Apr 20, 2026, 7:32 PM","Apr 20, 2026, 8:35 PM","","Lat Pulldown (Cable)",,"",0,"warmup",50,6,,,
"Pull","Apr 20, 2026, 7:32 PM","Apr 20, 2026, 8:35 PM","","Lat Pulldown (Cable)",,"",1,"failure",95,5,,,9.5
"Pull","Apr 20, 2026, 7:32 PM","Apr 20, 2026, 8:35 PM","","Lat Pulldown (Cable)",,"",2,"failure",90,6,,,9.5
"Pull","Apr 20, 2026, 7:32 PM","Apr 20, 2026, 8:35 PM","","Preacher Curl (Barbell)",,"Seat on #5",0,"warmup",18,6,,,
"Pull","Apr 20, 2026, 7:32 PM","Apr 20, 2026, 8:35 PM","","Preacher Curl (Barbell)",,"Seat on #5",1,"failure",38,6,,,9.5
"Pull","Apr 20, 2026, 7:32 PM","Apr 20, 2026, 8:35 PM","","Preacher Curl (Barbell)",,"Seat on #5",2,"failure",36,5,,,9.5
"Pull","Apr 20, 2026, 7:32 PM","Apr 20, 2026, 8:35 PM","","Lat Pulldown - Close Grip (Cable)",,"",0,"failure",100,5,,,
"Pull","Apr 20, 2026, 7:32 PM","Apr 20, 2026, 8:35 PM","","Lat Pulldown - Close Grip (Cable)",,"",1,"failure",95,5,,,9.5
"Pull","Apr 20, 2026, 7:32 PM","Apr 20, 2026, 8:35 PM","","Reverse Curl (Barbell)",,"",0,"failure",40,5,,,9.5
"Pull","Apr 20, 2026, 7:32 PM","Apr 20, 2026, 8:35 PM","","Reverse Curl (Barbell)",,"",1,"failure",35,6,,,9
"Push","Apr 19, 2026, 10:55 AM","Apr 19, 2026, 12:35 PM","","Incline Chest Press (Machine)",,"Top went down, big sad, back off little bit easier",0,"warmup",40,6,,,
"Push","Apr 19, 2026, 10:55 AM","Apr 19, 2026, 12:35 PM","","Incline Chest Press (Machine)",,"Top went down, big sad, back off little bit easier",1,"warmup",80,4,,,
"Push","Apr 19, 2026, 10:55 AM","Apr 19, 2026, 12:35 PM","","Incline Chest Press (Machine)",,"Top went down, big sad, back off little bit easier",2,"failure",100,4,,,10
"Push","Apr 19, 2026, 10:55 AM","Apr 19, 2026, 12:35 PM","","Incline Chest Press (Machine)",,"Top went down, big sad, back off little bit easier",3,"failure",95,5,,,9.5
"Push","Apr 19, 2026, 10:55 AM","Apr 19, 2026, 12:35 PM","","JM Press (Barbell)",,"",0,"warmup",40,6,,,
"Push","Apr 19, 2026, 10:55 AM","Apr 19, 2026, 12:35 PM","","JM Press (Barbell)",,"",1,"normal",60,6,,,
"Push","Apr 19, 2026, 10:55 AM","Apr 19, 2026, 12:35 PM","","JM Press (Barbell)",,"",2,"failure",70,5,,,
"Push","Apr 19, 2026, 10:55 AM","Apr 19, 2026, 12:35 PM","","Shoulder Press (Machine Plates)",,"",0,"warmup",40,6,,,
"Push","Apr 19, 2026, 10:55 AM","Apr 19, 2026, 12:35 PM","","Shoulder Press (Machine Plates)",,"",1,"warmup",80,4,,,
"Push","Apr 19, 2026, 10:55 AM","Apr 19, 2026, 12:35 PM","","Shoulder Press (Machine Plates)",,"",2,"failure",115,6,,,9.5
"Push","Apr 19, 2026, 10:55 AM","Apr 19, 2026, 12:35 PM","","Shoulder Press (Machine Plates)",,"",3,"failure",110,5,,,9.5
"Push","Apr 19, 2026, 10:55 AM","Apr 19, 2026, 12:35 PM","","Bench Press (Barbell)",,"5 or 6 on 85kg",0,"warmup",20,6,,,
"Push","Apr 19, 2026, 10:55 AM","Apr 19, 2026, 12:35 PM","","Bench Press (Barbell)",,"5 or 6 on 85kg",1,"warmup",60,4,,,
"Push","Apr 19, 2026, 10:55 AM","Apr 19, 2026, 12:35 PM","","Bench Press (Barbell)",,"5 or 6 on 85kg",2,"failure",92.5,3,,,9.5
"Push","Apr 19, 2026, 10:55 AM","Apr 19, 2026, 12:35 PM","","Bench Press (Barbell)",,"5 or 6 on 85kg",3,"failure",85,5,,,9
"Push","Apr 19, 2026, 10:55 AM","Apr 19, 2026, 12:35 PM","","Single Arm Triceps Pushdown (Cable)",,"Decent",0,"failure",20,5,,,10
"Push","Apr 19, 2026, 10:55 AM","Apr 19, 2026, 12:35 PM","","Single Arm Triceps Pushdown (Cable)",,"Decent",1,"failure",17.5,7,,,
"Push","Apr 19, 2026, 10:55 AM","Apr 19, 2026, 12:35 PM","","Lateral Raise (Cable)",,"Cuffed from now on",0,"failure",10,8,,,9.5
"Push","Apr 19, 2026, 10:55 AM","Apr 19, 2026, 12:35 PM","","Lateral Raise (Cable)",,"Cuffed from now on",1,"failure",10,6,,,9
"Lower","Apr 18, 2026, 11:40 AM","Apr 18, 2026, 12:40 PM","","Squat (Barbell)",,"",0,"warmup",20,4,,,
"Lower","Apr 18, 2026, 11:40 AM","Apr 18, 2026, 12:40 PM","","Squat (Barbell)",,"",1,"warmup",60,6,,,
"Lower","Apr 18, 2026, 11:40 AM","Apr 18, 2026, 12:40 PM","","Squat (Barbell)",,"",2,"normal",80,4,,,
"Lower","Apr 18, 2026, 11:40 AM","Apr 18, 2026, 12:40 PM","","Squat (Barbell)",,"",3,"failure",100,4,,,10
"Lower","Apr 18, 2026, 11:40 AM","Apr 18, 2026, 12:40 PM","","Squat (Barbell)",,"",4,"failure",90,5,,,9.5
"Lower","Apr 18, 2026, 11:40 AM","Apr 18, 2026, 12:40 PM","","Romanian Deadlift (Barbell)",,"",0,"warmup",60,6,,,
"Lower","Apr 18, 2026, 11:40 AM","Apr 18, 2026, 12:40 PM","","Romanian Deadlift (Barbell)",,"",1,"warmup",100,6,,,
"Lower","Apr 18, 2026, 11:40 AM","Apr 18, 2026, 12:40 PM","","Romanian Deadlift (Barbell)",,"",2,"failure",140,5,,,9
"Lower","Apr 18, 2026, 11:40 AM","Apr 18, 2026, 12:40 PM","","Romanian Deadlift (Barbell)",,"",3,"failure",130,5,,,9
"Lower","Apr 18, 2026, 11:40 AM","Apr 18, 2026, 12:40 PM","","Standing Calf Raise (Smith)",,"Single leg next time",0,"warmup",40,6,,,
"Lower","Apr 18, 2026, 11:40 AM","Apr 18, 2026, 12:40 PM","","Standing Calf Raise (Smith)",,"Single leg next time",1,"normal",110,10,,,
"Lower","Apr 18, 2026, 11:40 AM","Apr 18, 2026, 12:40 PM","","Standing Calf Raise (Smith)",,"Single leg next time",2,"normal",110,9,,,
"Lower","Apr 18, 2026, 11:40 AM","Apr 18, 2026, 12:40 PM","","Leg Extension (Machine)",,"",0,"normal",62.5,8,,,
"Lower","Apr 18, 2026, 11:40 AM","Apr 18, 2026, 12:40 PM","","Leg Extension (Machine)",,"",1,"normal",62.5,8,,,
"Pull","Apr 17, 2026, 11:49 AM","Apr 17, 2026, 12:46 PM","","Chest Supported T-bar Row",,"Couldve maybe forced another rep on top set - 2nd set went up so whatever",0,"warmup",25,6,,,
"Pull","Apr 17, 2026, 11:49 AM","Apr 17, 2026, 12:46 PM","","Chest Supported T-bar Row",,"Couldve maybe forced another rep on top set - 2nd set went up so whatever",1,"warmup",50,4,,,
"Pull","Apr 17, 2026, 11:49 AM","Apr 17, 2026, 12:46 PM","","Chest Supported T-bar Row",,"Couldve maybe forced another rep on top set - 2nd set went up so whatever",2,"failure",77.5,4,,,9.5
"Pull","Apr 17, 2026, 11:49 AM","Apr 17, 2026, 12:46 PM","","Chest Supported T-bar Row",,"Couldve maybe forced another rep on top set - 2nd set went up so whatever",3,"failure",72.5,6,,,10
"Pull","Apr 17, 2026, 11:49 AM","Apr 17, 2026, 12:46 PM","","Lat Pulldown (Cable)",,"Maybe should have warmup higher?",0,"warmup",50,6,,,
"Pull","Apr 17, 2026, 11:49 AM","Apr 17, 2026, 12:46 PM","","Lat Pulldown (Cable)",,"Maybe should have warmup higher?",1,"failure",95,4,,,9.5
"Pull","Apr 17, 2026, 11:49 AM","Apr 17, 2026, 12:46 PM","","Lat Pulldown (Cable)",,"Maybe should have warmup higher?",2,"failure",90,6,,,10
"Pull","Apr 17, 2026, 11:49 AM","Apr 17, 2026, 12:46 PM","","Preacher Curl (Barbell)",,"Im buns at this? Might try cable curl - or put seat lower or summin",0,"warmup",18,6,,,
"Pull","Apr 17, 2026, 11:49 AM","Apr 17, 2026, 12:46 PM","","Preacher Curl (Barbell)",,"Im buns at this? Might try cable curl - or put seat lower or summin",1,"failure",38,5,,,9.5
"Pull","Apr 17, 2026, 11:49 AM","Apr 17, 2026, 12:46 PM","","Preacher Curl (Barbell)",,"Im buns at this? Might try cable curl - or put seat lower or summin",2,"failure",36,5,,,9.5
"Pull","Apr 17, 2026, 11:49 AM","Apr 17, 2026, 12:46 PM","","Lat Pulldown - Close Grip (Cable)",,"",0,"failure",100,5,,,9.5
"Pull","Apr 17, 2026, 11:49 AM","Apr 17, 2026, 12:46 PM","","Lat Pulldown - Close Grip (Cable)",,"",1,"failure",95,5,,,
"Pull","Apr 17, 2026, 11:49 AM","Apr 17, 2026, 12:46 PM","","Hammer Curl (Dumbbell)",,"Ts sucks - try reverse curls out next time",0,"failure",26,6,,,
"Pull","Apr 17, 2026, 11:49 AM","Apr 17, 2026, 12:46 PM","","Hammer Curl (Dumbbell)",,"Ts sucks - try reverse curls out next time",1,"failure",26,5,,,
"Push","Apr 16, 2026, 11:51 AM","Apr 16, 2026, 1:04 PM","Peak workout","Incline Chest Press (Machine)",,"Lovely",0,"warmup",40,6,,,
"Push","Apr 16, 2026, 11:51 AM","Apr 16, 2026, 1:04 PM","Peak workout","Incline Chest Press (Machine)",,"Lovely",1,"warmup",80,4,,,
"Push","Apr 16, 2026, 11:51 AM","Apr 16, 2026, 1:04 PM","Peak workout","Incline Chest Press (Machine)",,"Lovely",2,"failure",100,5,,,10
"Push","Apr 16, 2026, 11:51 AM","Apr 16, 2026, 1:04 PM","Peak workout","Incline Chest Press (Machine)",,"Lovely",3,"failure",95,5,,,9.5
"Push","Apr 16, 2026, 11:51 AM","Apr 16, 2026, 1:04 PM","Peak workout","JM Press (Barbell)",,"Form maxxing - pretty sure my triceps are cooked",0,"warmup",40,6,,,
"Push","Apr 16, 2026, 11:51 AM","Apr 16, 2026, 1:04 PM","Peak workout","JM Press (Barbell)",,"Form maxxing - pretty sure my triceps are cooked",1,"normal",60,6,,,
"Push","Apr 16, 2026, 11:51 AM","Apr 16, 2026, 1:04 PM","Peak workout","JM Press (Barbell)",,"Form maxxing - pretty sure my triceps are cooked",2,"normal",60,6,,,
"Push","Apr 16, 2026, 11:51 AM","Apr 16, 2026, 1:04 PM","Peak workout","Shoulder Press (Machine Plates)",,"Insane up",0,"warmup",40,6,,,
"Push","Apr 16, 2026, 11:51 AM","Apr 16, 2026, 1:04 PM","Peak workout","Shoulder Press (Machine Plates)",,"Insane up",1,"warmup",80,4,,,
"Push","Apr 16, 2026, 11:51 AM","Apr 16, 2026, 1:04 PM","Peak workout","Shoulder Press (Machine Plates)",,"Insane up",2,"failure",115,5,,,9.5
"Push","Apr 16, 2026, 11:51 AM","Apr 16, 2026, 1:04 PM","Peak workout","Shoulder Press (Machine Plates)",,"Insane up",3,"failure",110,5,,,9.5
"Push","Apr 16, 2026, 11:51 AM","Apr 16, 2026, 1:04 PM","Peak workout","Bench Press (Barbell)",,"Might try a 1rm soon idk",0,"warmup",20,6,,,
"Push","Apr 16, 2026, 11:51 AM","Apr 16, 2026, 1:04 PM","Peak workout","Bench Press (Barbell)",,"Might try a 1rm soon idk",1,"warmup",60,4,,,
"Push","Apr 16, 2026, 11:51 AM","Apr 16, 2026, 1:04 PM","Peak workout","Bench Press (Barbell)",,"Might try a 1rm soon idk",2,"failure",90,5,,,9.5
"Push","Apr 16, 2026, 11:51 AM","Apr 16, 2026, 1:04 PM","Peak workout","Bench Press (Barbell)",,"Might try a 1rm soon idk",3,"failure",85,5,,,10
"Push","Apr 16, 2026, 11:51 AM","Apr 16, 2026, 1:04 PM","Peak workout","Single Arm Triceps Pushdown (Cable)",,"",0,"failure",20,4,,,9.5
"Push","Apr 16, 2026, 11:51 AM","Apr 16, 2026, 1:04 PM","Peak workout","Single Arm Triceps Pushdown (Cable)",,"",1,"failure",17.5,7,,,
"Push","Apr 16, 2026, 11:51 AM","Apr 16, 2026, 1:04 PM","Peak workout","Lateral Raise (Cable)",,"",0,"failure",10,8,,,
"Push","Apr 16, 2026, 11:51 AM","Apr 16, 2026, 1:04 PM","Peak workout","Lateral Raise (Cable)",,"",1,"failure",10,6,,,
"Lower","Apr 15, 2026, 10:56 AM","Apr 15, 2026, 11:55 AM","","Squat (Barbell)",,"Misgrooved in last set",0,"warmup",20,6,,,
"Lower","Apr 15, 2026, 10:56 AM","Apr 15, 2026, 11:55 AM","","Squat (Barbell)",,"Misgrooved in last set",1,"warmup",60,6,,,
"Lower","Apr 15, 2026, 10:56 AM","Apr 15, 2026, 11:55 AM","","Squat (Barbell)",,"Misgrooved in last set",2,"normal",80,4,,,
"Lower","Apr 15, 2026, 10:56 AM","Apr 15, 2026, 11:55 AM","","Squat (Barbell)",,"Misgrooved in last set",3,"failure",100,4,,,9
"Lower","Apr 15, 2026, 10:56 AM","Apr 15, 2026, 11:55 AM","","Squat (Barbell)",,"Misgrooved in last set",4,"failure",90,4,,,
"Lower","Apr 15, 2026, 10:56 AM","Apr 15, 2026, 11:55 AM","","Romanian Deadlift (Barbell)",,"ROM is bar goes just below knees",0,"warmup",60,6,,,
"Lower","Apr 15, 2026, 10:56 AM","Apr 15, 2026, 11:55 AM","","Romanian Deadlift (Barbell)",,"ROM is bar goes just below knees",1,"warmup",100,6,,,
"Lower","Apr 15, 2026, 10:56 AM","Apr 15, 2026, 11:55 AM","","Romanian Deadlift (Barbell)",,"ROM is bar goes just below knees",2,"normal",130,4,,,
"Lower","Apr 15, 2026, 10:56 AM","Apr 15, 2026, 11:55 AM","","Romanian Deadlift (Barbell)",,"ROM is bar goes just below knees",3,"failure",140,4,,,8.5
"Lower","Apr 15, 2026, 10:56 AM","Apr 15, 2026, 11:55 AM","","Leg Extension (Machine)",,"",0,"normal",62.5,6,,,
"Lower","Apr 15, 2026, 10:56 AM","Apr 15, 2026, 11:55 AM","","Leg Extension (Machine)",,"",1,"normal",62.5,8,,,
"Pull","Apr 14, 2026, 12:17 PM","Apr 14, 2026, 1:14 PM","","Chest Supported T-bar Row",,"",0,"warmup",25,6,,,
"Pull","Apr 14, 2026, 12:17 PM","Apr 14, 2026, 1:14 PM","","Chest Supported T-bar Row",,"",1,"warmup",50,4,,,
"Pull","Apr 14, 2026, 12:17 PM","Apr 14, 2026, 1:14 PM","","Chest Supported T-bar Row",,"",2,"failure",77.5,4,,,9.5
"Pull","Apr 14, 2026, 12:17 PM","Apr 14, 2026, 1:14 PM","","Chest Supported T-bar Row",,"",3,"failure",72.5,5,,,9
"Pull","Apr 14, 2026, 12:17 PM","Apr 14, 2026, 1:14 PM","","Lat Pulldown (Cable)",,"",0,"warmup",50,6,,,
"Pull","Apr 14, 2026, 12:17 PM","Apr 14, 2026, 1:14 PM","","Lat Pulldown (Cable)",,"",1,"failure",95,4,,,9.5
"Pull","Apr 14, 2026, 12:17 PM","Apr 14, 2026, 1:14 PM","","Lat Pulldown (Cable)",,"",2,"failure",90,5,,,9
"Pull","Apr 14, 2026, 12:17 PM","Apr 14, 2026, 1:14 PM","","Preacher Curl (Barbell)",,"40 too heavy?",0,"warmup",28,6,,,
"Pull","Apr 14, 2026, 12:17 PM","Apr 14, 2026, 1:14 PM","","Preacher Curl (Barbell)",,"40 too heavy?",1,"failure",38,4,,,9
"Pull","Apr 14, 2026, 12:17 PM","Apr 14, 2026, 1:14 PM","","Preacher Curl (Barbell)",,"40 too heavy?",2,"failure",36,5,,,
"Pull","Apr 14, 2026, 12:17 PM","Apr 14, 2026, 1:14 PM","","Lat Pulldown - Close Grip (Cable)",,"Crushed my finger top set and still went up 👺",0,"failure",100,5,,,
"Pull","Apr 14, 2026, 12:17 PM","Apr 14, 2026, 1:14 PM","","Lat Pulldown - Close Grip (Cable)",,"Crushed my finger top set and still went up 👺",1,"failure",95,5,,,
"Pull","Apr 14, 2026, 12:17 PM","Apr 14, 2026, 1:14 PM","","Hammer Curl (Dumbbell)",,"",0,"failure",26,6,,,
"Pull","Apr 14, 2026, 12:17 PM","Apr 14, 2026, 1:14 PM","","Hammer Curl (Dumbbell)",,"",1,"failure",26,5,,,
"Push","Apr 13, 2026, 12:00 PM","Apr 13, 2026, 1:05 PM","","Incline Chest Press (Machine)",,"",0,"warmup",40,6,,,
"Push","Apr 13, 2026, 12:00 PM","Apr 13, 2026, 1:05 PM","","Incline Chest Press (Machine)",,"",1,"warmup",80,4,,,
"Push","Apr 13, 2026, 12:00 PM","Apr 13, 2026, 1:05 PM","","Incline Chest Press (Machine)",,"",2,"failure",100,4,,,9.5
"Push","Apr 13, 2026, 12:00 PM","Apr 13, 2026, 1:05 PM","","Incline Chest Press (Machine)",,"",3,"failure",95,4,,,10
"Push","Apr 13, 2026, 12:00 PM","Apr 13, 2026, 1:05 PM","","Shoulder Press (Machine Plates)",,"",0,"warmup",40,6,,,
"Push","Apr 13, 2026, 12:00 PM","Apr 13, 2026, 1:05 PM","","Shoulder Press (Machine Plates)",,"",1,"warmup",80,4,,,
"Push","Apr 13, 2026, 12:00 PM","Apr 13, 2026, 1:05 PM","","Shoulder Press (Machine Plates)",,"",2,"failure",112.5,5,,,9.5
"Push","Apr 13, 2026, 12:00 PM","Apr 13, 2026, 1:05 PM","","Shoulder Press (Machine Plates)",,"",3,"failure",110,4,,,10
"Push","Apr 13, 2026, 12:00 PM","Apr 13, 2026, 1:05 PM","","JM Press (Barbell)",,"Form shit so focusing on it",0,"warmup",40,6,,,
"Push","Apr 13, 2026, 12:00 PM","Apr 13, 2026, 1:05 PM","","JM Press (Barbell)",,"Form shit so focusing on it",1,"normal",60,6,,,
"Push","Apr 13, 2026, 12:00 PM","Apr 13, 2026, 1:05 PM","","Bench Press (Barbell)",,"",0,"warmup",20,6,,,
"Push","Apr 13, 2026, 12:00 PM","Apr 13, 2026, 1:05 PM","","Bench Press (Barbell)",,"",1,"warmup",60,6,,,
"Push","Apr 13, 2026, 12:00 PM","Apr 13, 2026, 1:05 PM","","Bench Press (Barbell)",,"",2,"failure",90,5,,,9.5
"Push","Apr 13, 2026, 12:00 PM","Apr 13, 2026, 1:05 PM","","Bench Press (Barbell)",,"",3,"failure",85,4,,,10
"Push","Apr 13, 2026, 12:00 PM","Apr 13, 2026, 1:05 PM","","Single Arm Triceps Pushdown (Cable)",,"",0,"failure",20,4,,,
"Push","Apr 13, 2026, 12:00 PM","Apr 13, 2026, 1:05 PM","","Single Arm Triceps Pushdown (Cable)",,"",1,"failure",17.5,7,,,
"Push","Apr 13, 2026, 12:00 PM","Apr 13, 2026, 1:05 PM","","Lateral Raise (Cable)",,"Tried cuffed - its actually solid",0,"failure",7.5,8,,,
"Push","Apr 13, 2026, 12:00 PM","Apr 13, 2026, 1:05 PM","","Lateral Raise (Cable)",,"Tried cuffed - its actually solid",1,"failure",10,6,,,
"Lower","Apr 12, 2026, 11:47 AM","Apr 12, 2026, 12:44 PM","Ross Typa session","Squat (Barbell)",,"Solid",0,"warmup",20,6,,,
"Lower","Apr 12, 2026, 11:47 AM","Apr 12, 2026, 12:44 PM","Ross Typa session","Squat (Barbell)",,"Solid",1,"warmup",60,6,,,
"Lower","Apr 12, 2026, 11:47 AM","Apr 12, 2026, 12:44 PM","Ross Typa session","Squat (Barbell)",,"Solid",2,"normal",80,4,,,
"Lower","Apr 12, 2026, 11:47 AM","Apr 12, 2026, 12:44 PM","Ross Typa session","Squat (Barbell)",,"Solid",3,"failure",90,6,,,9.5
"Lower","Apr 12, 2026, 11:47 AM","Apr 12, 2026, 12:44 PM","Ross Typa session","Squat (Barbell)",,"Solid",4,"failure",90,3,,,9
"Lower","Apr 12, 2026, 11:47 AM","Apr 12, 2026, 12:44 PM","Ross Typa session","Deadlift (Barbell)",,"Just getting back into it after month off of dl",0,"warmup",60,4,,,
"Lower","Apr 12, 2026, 11:47 AM","Apr 12, 2026, 12:44 PM","Ross Typa session","Deadlift (Barbell)",,"Just getting back into it after month off of dl",1,"warmup",100,4,,,
"Lower","Apr 12, 2026, 11:47 AM","Apr 12, 2026, 12:44 PM","Ross Typa session","Deadlift (Barbell)",,"Just getting back into it after month off of dl",2,"normal",140,3,,,9
"Lower","Apr 12, 2026, 11:47 AM","Apr 12, 2026, 12:44 PM","Ross Typa session","Deadlift (Barbell)",,"Just getting back into it after month off of dl",3,"failure",160,2,,,9.5
"Lower","Apr 12, 2026, 11:47 AM","Apr 12, 2026, 12:44 PM","Ross Typa session","Leg Extension (Machine)",,"",0,"normal",62.5,8,,,
"Lower","Apr 12, 2026, 11:47 AM","Apr 12, 2026, 12:44 PM","Ross Typa session","Leg Extension (Machine)",,"",1,"normal",62.5,8,,,
"Pull","Apr 11, 2026, 4:19 PM","Apr 11, 2026, 5:21 PM","Decent for post night out","Chest Supported T-bar Row",,"",0,"warmup",25,6,,,
"Pull","Apr 11, 2026, 4:19 PM","Apr 11, 2026, 5:21 PM","Decent for post night out","Chest Supported T-bar Row",,"",1,"warmup",50,4,,,
"Pull","Apr 11, 2026, 4:19 PM","Apr 11, 2026, 5:21 PM","Decent for post night out","Chest Supported T-bar Row",,"",2,"failure",77.5,4,,,10
"Pull","Apr 11, 2026, 4:19 PM","Apr 11, 2026, 5:21 PM","Decent for post night out","Chest Supported T-bar Row",,"",3,"failure",72.5,5,,,9.5
"Pull","Apr 11, 2026, 4:19 PM","Apr 11, 2026, 5:21 PM","Decent for post night out","Lat Pulldown (Cable)",,"",0,"warmup",50,6,,,
"Pull","Apr 11, 2026, 4:19 PM","Apr 11, 2026, 5:21 PM","Decent for post night out","Lat Pulldown (Cable)",,"",1,"failure",95,4,,,10
"Pull","Apr 11, 2026, 4:19 PM","Apr 11, 2026, 5:21 PM","Decent for post night out","Lat Pulldown (Cable)",,"",2,"failure",90,5,,,9.5
"Pull","Apr 11, 2026, 4:19 PM","Apr 11, 2026, 5:21 PM","Decent for post night out","Preacher Curl (Barbell)",,"",0,"warmup",28,6,,,
"Pull","Apr 11, 2026, 4:19 PM","Apr 11, 2026, 5:21 PM","Decent for post night out","Preacher Curl (Barbell)",,"",1,"failure",40,3,,,9.5
"Pull","Apr 11, 2026, 4:19 PM","Apr 11, 2026, 5:21 PM","Decent for post night out","Preacher Curl (Barbell)",,"",2,"failure",36,5,,,9.5
"Pull","Apr 11, 2026, 4:19 PM","Apr 11, 2026, 5:21 PM","Decent for post night out","Lat Pulldown - Close Grip (Cable)",,"",0,"failure",100,4,,,9.5
"Pull","Apr 11, 2026, 4:19 PM","Apr 11, 2026, 5:21 PM","Decent for post night out","Lat Pulldown - Close Grip (Cable)",,"",1,"failure",95,6,,,9.5
"Pull","Apr 11, 2026, 4:19 PM","Apr 11, 2026, 5:21 PM","Decent for post night out","Hammer Curl (Dumbbell)",,"",0,"failure",28,4,,,
"Push","Apr 10, 2026, 9:34 AM","Apr 10, 2026, 10:55 AM","","Incline Chest Press (Machine)",,"",0,"warmup",40,6,,,
"Push","Apr 10, 2026, 9:34 AM","Apr 10, 2026, 10:55 AM","","Incline Chest Press (Machine)",,"",1,"warmup",80,4,,,
"Push","Apr 10, 2026, 9:34 AM","Apr 10, 2026, 10:55 AM","","Incline Chest Press (Machine)",,"",2,"failure",100,4,,,10
"Push","Apr 10, 2026, 9:34 AM","Apr 10, 2026, 10:55 AM","","Incline Chest Press (Machine)",,"",3,"failure",95,5,,,9.5
"Push","Apr 10, 2026, 9:34 AM","Apr 10, 2026, 10:55 AM","","JM Press (Barbell)",,"Back to normal smith",0,"warmup",40,6,,,
"Push","Apr 10, 2026, 9:34 AM","Apr 10, 2026, 10:55 AM","","JM Press (Barbell)",,"Back to normal smith",1,"warmup",60,4,,,
"Push","Apr 10, 2026, 9:34 AM","Apr 10, 2026, 10:55 AM","","JM Press (Barbell)",,"Back to normal smith",2,"failure",80,4,,,9
"Push","Apr 10, 2026, 9:34 AM","Apr 10, 2026, 10:55 AM","","JM Press (Barbell)",,"Back to normal smith",3,"failure",70,5,,,8.5
"Push","Apr 10, 2026, 9:34 AM","Apr 10, 2026, 10:55 AM","","Shoulder Press (Machine Plates)",,"Normal machine",0,"warmup",40,6,,,
"Push","Apr 10, 2026, 9:34 AM","Apr 10, 2026, 10:55 AM","","Shoulder Press (Machine Plates)",,"Normal machine",1,"warmup",80,4,,,
"Push","Apr 10, 2026, 9:34 AM","Apr 10, 2026, 10:55 AM","","Shoulder Press (Machine Plates)",,"Normal machine",2,"failure",112.5,4,,,10
"Push","Apr 10, 2026, 9:34 AM","Apr 10, 2026, 10:55 AM","","Shoulder Press (Machine Plates)",,"Normal machine",3,"failure",110,4,,,9.5
"Push","Apr 10, 2026, 9:34 AM","Apr 10, 2026, 10:55 AM","","Bench Press (Barbell)",,"Solid for matching while having more sets before - no spotter 2nd set",0,"warmup",20,6,,,
"Push","Apr 10, 2026, 9:34 AM","Apr 10, 2026, 10:55 AM","","Bench Press (Barbell)",,"Solid for matching while having more sets before - no spotter 2nd set",1,"warmup",60,6,,,
"Push","Apr 10, 2026, 9:34 AM","Apr 10, 2026, 10:55 AM","","Bench Press (Barbell)",,"Solid for matching while having more sets before - no spotter 2nd set",2,"failure",90,4,,,10
"Push","Apr 10, 2026, 9:34 AM","Apr 10, 2026, 10:55 AM","","Bench Press (Barbell)",,"Solid for matching while having more sets before - no spotter 2nd set",3,"failure",85,4,,,10
"Push","Apr 10, 2026, 9:34 AM","Apr 10, 2026, 10:55 AM","","Single Arm Triceps Pushdown (Cable)",,"",0,"warmup",15,6,,,
"Push","Apr 10, 2026, 9:34 AM","Apr 10, 2026, 10:55 AM","","Single Arm Triceps Pushdown (Cable)",,"",1,"failure",20,3,,,
"Push","Apr 10, 2026, 9:34 AM","Apr 10, 2026, 10:55 AM","","Single Arm Triceps Pushdown (Cable)",,"",2,"failure",17.5,6,,,
"Lower","Apr 9, 2026, 12:33 PM","Apr 9, 2026, 1:44 PM","","Squat (Barbell)",,"",0,"warmup",20,6,,,
"Lower","Apr 9, 2026, 12:33 PM","Apr 9, 2026, 1:44 PM","","Squat (Barbell)",,"",1,"warmup",60,6,,,
"Lower","Apr 9, 2026, 12:33 PM","Apr 9, 2026, 1:44 PM","","Squat (Barbell)",,"",2,"normal",80,6,,,
"Lower","Apr 9, 2026, 12:33 PM","Apr 9, 2026, 1:44 PM","","Squat (Barbell)",,"",3,"failure",90,5,,,9
"Lower","Apr 9, 2026, 12:33 PM","Apr 9, 2026, 1:44 PM","","Squat (Barbell)",,"",4,"failure",90,3,,,9.5
"Lower","Apr 9, 2026, 12:33 PM","Apr 9, 2026, 1:44 PM","","Romanian Deadlift (Barbell)",,"Proper form now :)",0,"warmup",60,6,,,
"Lower","Apr 9, 2026, 12:33 PM","Apr 9, 2026, 1:44 PM","","Romanian Deadlift (Barbell)",,"Proper form now :)",1,"warmup",100,4,,,
"Lower","Apr 9, 2026, 12:33 PM","Apr 9, 2026, 1:44 PM","","Romanian Deadlift (Barbell)",,"Proper form now :)",2,"failure",130,4,,,
"Lower","Apr 9, 2026, 12:33 PM","Apr 9, 2026, 1:44 PM","","Romanian Deadlift (Barbell)",,"Proper form now :)",3,"failure",120,5,,,9.5
"Lower","Apr 9, 2026, 12:33 PM","Apr 9, 2026, 1:44 PM","","Standing Calf Raise (Smith)",,"Bit scary to overload, might try single leg or summin",0,"warmup",40,6,,,
"Lower","Apr 9, 2026, 12:33 PM","Apr 9, 2026, 1:44 PM","","Standing Calf Raise (Smith)",,"Bit scary to overload, might try single leg or summin",1,"warmup",80,8,,,
"Lower","Apr 9, 2026, 12:33 PM","Apr 9, 2026, 1:44 PM","","Standing Calf Raise (Smith)",,"Bit scary to overload, might try single leg or summin",2,"normal",110,8,,,
"Lower","Apr 9, 2026, 12:33 PM","Apr 9, 2026, 1:44 PM","","Standing Calf Raise (Smith)",,"Bit scary to overload, might try single leg or summin",3,"normal",110,8,,,
"Lower","Apr 9, 2026, 12:33 PM","Apr 9, 2026, 1:44 PM","","Leg Extension (Machine)",,"",0,"normal",62.5,8,,,
"Lower","Apr 9, 2026, 12:33 PM","Apr 9, 2026, 1:44 PM","","Leg Extension (Machine)",,"",1,"normal",62.5,8,,,
"Pull","Apr 8, 2026, 11:31 AM","Apr 8, 2026, 12:21 PM","","Lat Pulldown (Cable)",,"",0,"warmup",59,6,,,
"Pull","Apr 8, 2026, 11:31 AM","Apr 8, 2026, 12:21 PM","","Lat Pulldown (Cable)",,"",1,"failure",93,4,,,
"Pull","Apr 8, 2026, 11:31 AM","Apr 8, 2026, 12:21 PM","","Lat Pulldown (Cable)",,"",2,"failure",86,6,,,8.5
"Pull","Apr 8, 2026, 11:31 AM","Apr 8, 2026, 12:21 PM","","Seated Cable Row - Bar Wide Grip",,"Honestly not even bad",0,"warmup",45,6,,,
"Pull","Apr 8, 2026, 11:31 AM","Apr 8, 2026, 12:21 PM","","Seated Cable Row - Bar Wide Grip",,"Honestly not even bad",1,"warmup",59,6,,,
"Pull","Apr 8, 2026, 11:31 AM","Apr 8, 2026, 12:21 PM","","Seated Cable Row - Bar Wide Grip",,"Honestly not even bad",2,"failure",79,4,,,
"Pull","Apr 8, 2026, 11:31 AM","Apr 8, 2026, 12:21 PM","","Seated Cable Row - Bar Wide Grip",,"Honestly not even bad",3,"failure",73,6,,,
"Pull","Apr 8, 2026, 11:31 AM","Apr 8, 2026, 12:21 PM","","Bicep Curl (Dumbbell)",,"",0,"warmup",16,6,,,
"Pull","Apr 8, 2026, 11:31 AM","Apr 8, 2026, 12:21 PM","","Bicep Curl (Dumbbell)",,"",1,"failure",22,4,,,
"Pull","Apr 8, 2026, 11:31 AM","Apr 8, 2026, 12:21 PM","","Bicep Curl (Dumbbell)",,"",2,"failure",20,6,,,
"Pull","Apr 8, 2026, 11:31 AM","Apr 8, 2026, 12:21 PM","","Lat Pulldown - Close Grip (Cable)",,"Diff cable",0,"failure",93,5,,,
"Pull","Apr 8, 2026, 11:31 AM","Apr 8, 2026, 12:21 PM","","Lat Pulldown - Close Grip (Cable)",,"Diff cable",1,"failure",86,5,,,
"Push","Apr 7, 2026, 7:09 AM","Apr 7, 2026, 8:38 AM","","Incline Bench Press (Dumbbell)",,"",0,"warmup",24,6,,,
"Push","Apr 7, 2026, 7:09 AM","Apr 7, 2026, 8:38 AM","","Incline Bench Press (Dumbbell)",,"",1,"warmup",30,5,,,
"Push","Apr 7, 2026, 7:09 AM","Apr 7, 2026, 8:38 AM","","Incline Bench Press (Dumbbell)",,"",2,"failure",40,3,,,9
"Push","Apr 7, 2026, 7:09 AM","Apr 7, 2026, 8:38 AM","","Incline Bench Press (Dumbbell)",,"",3,"failure",38,4,,,9.5
"Push","Apr 7, 2026, 7:09 AM","Apr 7, 2026, 8:38 AM","","Overhead Triceps Extension (Cable)",,"",0,"normal",30,8,,,
"Push","Apr 7, 2026, 7:09 AM","Apr 7, 2026, 8:38 AM","","Overhead Triceps Extension (Cable)",,"",1,"normal",35,8,,,
"Push","Apr 7, 2026, 7:09 AM","Apr 7, 2026, 8:38 AM","","Bench Press (Barbell)",,"",0,"warmup",20,10,,,
"Push","Apr 7, 2026, 7:09 AM","Apr 7, 2026, 8:38 AM","","Bench Press (Barbell)",,"",1,"warmup",60,4,,,
"Push","Apr 7, 2026, 7:09 AM","Apr 7, 2026, 8:38 AM","","Bench Press (Barbell)",,"",2,"failure",90,4,,,9.5
"Push","Apr 7, 2026, 7:09 AM","Apr 7, 2026, 8:38 AM","","Bench Press (Barbell)",,"",3,"failure",85,5,,,9.5
"Push","Apr 7, 2026, 7:09 AM","Apr 7, 2026, 8:38 AM","","Shoulder Press (Dumbbell)",,"",0,"warmup",20,6,,,
"Push","Apr 7, 2026, 7:09 AM","Apr 7, 2026, 8:38 AM","","Shoulder Press (Dumbbell)",,"",1,"failure",32,3,,,9
"Push","Apr 7, 2026, 7:09 AM","Apr 7, 2026, 8:38 AM","","Shoulder Press (Dumbbell)",,"",2,"failure",28,5,,,
"Push","Apr 7, 2026, 7:09 AM","Apr 7, 2026, 8:38 AM","","Lateral Raise (Cable)",,"",0,"failure",9,3,,,
"Push","Apr 7, 2026, 7:09 AM","Apr 7, 2026, 8:38 AM","","Lateral Raise (Cable)",,"",1,"normal",6.8,6,,,
"Push","Apr 7, 2026, 7:09 AM","Apr 7, 2026, 8:38 AM","","Triceps Pushdown",,"",0,"failure",40.5,4,,,
"Push","Apr 7, 2026, 7:09 AM","Apr 7, 2026, 8:38 AM","","Triceps Pushdown",,"",1,"failure",38,5,,,
"Pull","Apr 5, 2026, 9:11 AM","Apr 5, 2026, 10:27 AM","","Bent Over Row (Barbell)",,"Idk",0,"warmup",20,6,,,
"Pull","Apr 5, 2026, 9:11 AM","Apr 5, 2026, 10:27 AM","","Bent Over Row (Barbell)",,"Idk",1,"warmup",60,6,,,
"Pull","Apr 5, 2026, 9:11 AM","Apr 5, 2026, 10:27 AM","","Bent Over Row (Barbell)",,"Idk",2,"normal",75,4,,,
"Pull","Apr 5, 2026, 9:11 AM","Apr 5, 2026, 10:27 AM","","Lat Pulldown (Cable)",,"",0,"warmup",59,6,,,
"Pull","Apr 5, 2026, 9:11 AM","Apr 5, 2026, 10:27 AM","","Lat Pulldown (Cable)",,"",1,"failure",93,5,,,9.5
"Pull","Apr 5, 2026, 9:11 AM","Apr 5, 2026, 10:27 AM","","Lat Pulldown (Cable)",,"",2,"failure",86,8,,,9.5
"Pull","Apr 5, 2026, 9:11 AM","Apr 5, 2026, 10:27 AM","","Bicep Curl (Dumbbell)",,"",0,"warmup",16,6,,,
"Pull","Apr 5, 2026, 9:11 AM","Apr 5, 2026, 10:27 AM","","Bicep Curl (Dumbbell)",,"",1,"failure",22,4,,,
"Pull","Apr 5, 2026, 9:11 AM","Apr 5, 2026, 10:27 AM","","Bicep Curl (Dumbbell)",,"",2,"failure",20,6,,,
"Pull","Apr 5, 2026, 9:11 AM","Apr 5, 2026, 10:27 AM","","Lat Pulldown - Close Grip (Cable)",,"",0,"failure",100,4,,,
"Pull","Apr 5, 2026, 9:11 AM","Apr 5, 2026, 10:27 AM","","Lat Pulldown - Close Grip (Cable)",,"",1,"failure",93,5,,,
"Push","Apr 4, 2026, 4:03 PM","Apr 4, 2026, 5:16 PM","","Incline Bench Press (Dumbbell)",,"Eveything about dumbells and the bench sucks",0,"warmup",24,6,,,
"Push","Apr 4, 2026, 4:03 PM","Apr 4, 2026, 5:16 PM","","Incline Bench Press (Dumbbell)",,"Eveything about dumbells and the bench sucks",1,"warmup",30,4,,,
"Push","Apr 4, 2026, 4:03 PM","Apr 4, 2026, 5:16 PM","","Incline Bench Press (Dumbbell)",,"Eveything about dumbells and the bench sucks",2,"failure",38,5,,,9.5
"Push","Apr 4, 2026, 4:03 PM","Apr 4, 2026, 5:16 PM","","Incline Bench Press (Dumbbell)",,"Eveything about dumbells and the bench sucks",3,"failure",36,6,,,10
"Push","Apr 4, 2026, 4:03 PM","Apr 4, 2026, 5:16 PM","","JM Press (Barbell)",,"11kg bw",0,"warmup",51,6,,,
"Push","Apr 4, 2026, 4:03 PM","Apr 4, 2026, 5:16 PM","","JM Press (Barbell)",,"11kg bw",1,"normal",71,6,,,
"Push","Apr 4, 2026, 4:03 PM","Apr 4, 2026, 5:16 PM","","JM Press (Barbell)",,"11kg bw",2,"failure",81,4,,,9.5
"Push","Apr 4, 2026, 4:03 PM","Apr 4, 2026, 5:16 PM","","Lateral Raise (Cable)",,"Had to do early cuz of bench goblins",0,"normal",7.9,5,,,
"Push","Apr 4, 2026, 4:03 PM","Apr 4, 2026, 5:16 PM","","Lateral Raise (Cable)",,"Had to do early cuz of bench goblins",1,"normal",5.7,8,,,
"Push","Apr 4, 2026, 4:03 PM","Apr 4, 2026, 5:16 PM","","Chest Fly (Machine)",,"1 time filler cuz bench hoarded with people",0,"warmup",86,6,,,
"Push","Apr 4, 2026, 4:03 PM","Apr 4, 2026, 5:16 PM","","Chest Fly (Machine)",,"1 time filler cuz bench hoarded with people",1,"normal",134,6,,,
"Push","Apr 4, 2026, 4:03 PM","Apr 4, 2026, 5:16 PM","","Chest Fly (Machine)",,"1 time filler cuz bench hoarded with people",2,"failure",134,9,,,
"Push","Apr 4, 2026, 4:03 PM","Apr 4, 2026, 5:16 PM","","Shoulder Press (Dumbbell)",,"Highest degree still feels leaned back enough to cause issues - go up next time",0,"warmup",20,6,,,
"Push","Apr 4, 2026, 4:03 PM","Apr 4, 2026, 5:16 PM","","Shoulder Press (Dumbbell)",,"Highest degree still feels leaned back enough to cause issues - go up next time",1,"failure",30,6,,,9
"Push","Apr 4, 2026, 4:03 PM","Apr 4, 2026, 5:16 PM","","Shoulder Press (Dumbbell)",,"Highest degree still feels leaned back enough to cause issues - go up next time",2,"failure",28,6,,,8.5
"Push","Apr 4, 2026, 4:03 PM","Apr 4, 2026, 5:16 PM","","Triceps Pushdown",,"",0,"normal",35.5,6,,,
"Lower","Apr 3, 2026, 11:51 AM","Apr 3, 2026, 12:27 PM","Wtf","Squat (Machine)",,"Idk",0,"warmup",30,6,,,
"Lower","Apr 3, 2026, 11:51 AM","Apr 3, 2026, 12:27 PM","Wtf","Squat (Machine)",,"Idk",1,"warmup",60,6,,,
"Lower","Apr 3, 2026, 11:51 AM","Apr 3, 2026, 12:27 PM","Wtf","Squat (Machine)",,"Idk",2,"normal",80,6,,,
"Lower","Apr 3, 2026, 11:51 AM","Apr 3, 2026, 12:27 PM","Wtf","Romanian Deadlift (Barbell)",,"",0,"warmup",60,6,,,
"Lower","Apr 3, 2026, 11:51 AM","Apr 3, 2026, 12:27 PM","Wtf","Romanian Deadlift (Barbell)",,"",1,"warmup",100,6,,,
"Lower","Apr 3, 2026, 11:51 AM","Apr 3, 2026, 12:27 PM","Wtf","Romanian Deadlift (Barbell)",,"",2,"normal",120,6,,,
"Lower","Apr 3, 2026, 11:51 AM","Apr 3, 2026, 12:27 PM","Wtf","Crunch (Machine)",,"",0,"warmup",36,6,,,
"Lower","Apr 3, 2026, 11:51 AM","Apr 3, 2026, 12:27 PM","Wtf","Crunch (Machine)",,"",1,"normal",54,4,,,
"Pull","Apr 2, 2026, 12:05 PM","Apr 2, 2026, 12:58 PM","","Seated Row (Machine)",,"Diverging - machine sucks, do something else next time",0,"warmup",45,6,,,
"Pull","Apr 2, 2026, 12:05 PM","Apr 2, 2026, 12:58 PM","","Seated Row (Machine)",,"Diverging - machine sucks, do something else next time",1,"warmup",66,6,,,
"Pull","Apr 2, 2026, 12:05 PM","Apr 2, 2026, 12:58 PM","","Seated Row (Machine)",,"Diverging - machine sucks, do something else next time",2,"failure",100,3,,,
"Pull","Apr 2, 2026, 12:05 PM","Apr 2, 2026, 12:58 PM","","Seated Row (Machine)",,"Diverging - machine sucks, do something else next time",3,"failure",86,6,,,
"Pull","Apr 2, 2026, 12:05 PM","Apr 2, 2026, 12:58 PM","","Lat Pulldown (Cable)",,"",0,"warmup",59,6,,,
"Pull","Apr 2, 2026, 12:05 PM","Apr 2, 2026, 12:58 PM","","Lat Pulldown (Cable)",,"",1,"failure",93,4,,,9.5
"Pull","Apr 2, 2026, 12:05 PM","Apr 2, 2026, 12:58 PM","","Lat Pulldown (Cable)",,"",2,"failure",86,8,,,9.5
"Pull","Apr 2, 2026, 12:05 PM","Apr 2, 2026, 12:58 PM","","Bicep Curl (Dumbbell)",,"",0,"warmup",16,6,,,
"Pull","Apr 2, 2026, 12:05 PM","Apr 2, 2026, 12:58 PM","","Bicep Curl (Dumbbell)",,"",1,"normal",20,6,,,9
"Pull","Apr 2, 2026, 12:05 PM","Apr 2, 2026, 12:58 PM","","Bicep Curl (Dumbbell)",,"",2,"failure",20,5,,,9.5
"Pull","Apr 2, 2026, 12:05 PM","Apr 2, 2026, 12:58 PM","","Lat Pulldown - Close Grip (Cable)",,"Diff cable",0,"failure",100,3,,,9
"Pull","Apr 2, 2026, 12:05 PM","Apr 2, 2026, 12:58 PM","","Lat Pulldown - Close Grip (Cable)",,"Diff cable",1,"failure",93,4,,,
"Push","Apr 1, 2026, 11:01 AM","Apr 1, 2026, 12:32 PM","","Incline Bench Press (Dumbbell)",,"Failed 40kg",0,"warmup",20,6,,,
"Push","Apr 1, 2026, 11:01 AM","Apr 1, 2026, 12:32 PM","","Incline Bench Press (Dumbbell)",,"Failed 40kg",1,"warmup",30,4,,,
"Push","Apr 1, 2026, 11:01 AM","Apr 1, 2026, 12:32 PM","","Incline Bench Press (Dumbbell)",,"Failed 40kg",2,"failure",36,6,,,8.5
"Push","Apr 1, 2026, 11:01 AM","Apr 1, 2026, 12:32 PM","","Triceps Pushdown",,"",0,"warmup",29.3,6,,,
"Push","Apr 1, 2026, 11:01 AM","Apr 1, 2026, 12:32 PM","","Triceps Pushdown",,"",1,"failure",40.5,5,,,9.5
"Push","Apr 1, 2026, 11:01 AM","Apr 1, 2026, 12:32 PM","","Triceps Pushdown",,"",2,"failure",36,6,,,8.5
"Push","Apr 1, 2026, 11:01 AM","Apr 1, 2026, 12:32 PM","","Bench Press (Barbell)",,"",0,"warmup",20,10,,,
"Push","Apr 1, 2026, 11:01 AM","Apr 1, 2026, 12:32 PM","","Bench Press (Barbell)",,"",1,"warmup",60,6,,,
"Push","Apr 1, 2026, 11:01 AM","Apr 1, 2026, 12:32 PM","","Bench Press (Barbell)",,"",2,"failure",90,3,,,9.5
"Push","Apr 1, 2026, 11:01 AM","Apr 1, 2026, 12:32 PM","","Bench Press (Barbell)",,"",3,"failure",80,6,,,9
"Push","Apr 1, 2026, 11:01 AM","Apr 1, 2026, 12:32 PM","","Shoulder Press (Dumbbell)",,"Per arm",0,"warmup",22,6,,,
"Push","Apr 1, 2026, 11:01 AM","Apr 1, 2026, 12:32 PM","","Shoulder Press (Dumbbell)",,"Per arm",1,"failure",28,7,,,8.5
"Push","Apr 1, 2026, 11:01 AM","Apr 1, 2026, 12:32 PM","","Shoulder Press (Dumbbell)",,"Per arm",2,"failure",30,6,,,9.5
"Push","Apr 1, 2026, 11:01 AM","Apr 1, 2026, 12:32 PM","","Lateral Raise (Cable)",,"",0,"failure",7.9,5,,,9.5
"Push","Apr 1, 2026, 11:01 AM","Apr 1, 2026, 12:32 PM","","Lateral Raise (Cable)",,"",1,"failure",5.7,10,,,9
"Pull","Mar 31, 2026, 9:12 AM","Mar 31, 2026, 10:40 AM","","Pull Up",,"",0,"warmup",,6,,,
"Pull","Mar 31, 2026, 9:12 AM","Mar 31, 2026, 10:40 AM","","Bent Over Row (Barbell)",,"Form maxxing - 85kg too heavy",0,"warmup",20,8,,,
"Pull","Mar 31, 2026, 9:12 AM","Mar 31, 2026, 10:40 AM","","Bent Over Row (Barbell)",,"Form maxxing - 85kg too heavy",1,"warmup",50,6,,,
"Pull","Mar 31, 2026, 9:12 AM","Mar 31, 2026, 10:40 AM","","Bent Over Row (Barbell)",,"Form maxxing - 85kg too heavy",2,"normal",80,6,,,
"Pull","Mar 31, 2026, 9:12 AM","Mar 31, 2026, 10:40 AM","","Bent Over Row (Barbell)",,"Form maxxing - 85kg too heavy",3,"normal",85,3,,,
"Pull","Mar 31, 2026, 9:12 AM","Mar 31, 2026, 10:40 AM","","Lat Pulldown (Cable)",,"",0,"warmup",59,6,,,
"Pull","Mar 31, 2026, 9:12 AM","Mar 31, 2026, 10:40 AM","","Lat Pulldown (Cable)",,"",1,"failure",93,4,,,9.5
"Pull","Mar 31, 2026, 9:12 AM","Mar 31, 2026, 10:40 AM","","Lat Pulldown (Cable)",,"",2,"failure",86,7,,,9.5
"Pull","Mar 31, 2026, 9:12 AM","Mar 31, 2026, 10:40 AM","","Bicep Curl (Dumbbell)",,"Per arm",0,"warmup",14,6,,,
"Pull","Mar 31, 2026, 9:12 AM","Mar 31, 2026, 10:40 AM","","Bicep Curl (Dumbbell)",,"Per arm",1,"normal",20,6,,,
"Pull","Mar 31, 2026, 9:12 AM","Mar 31, 2026, 10:40 AM","","Bicep Curl (Dumbbell)",,"Per arm",2,"failure",22,4,,,
"Pull","Mar 31, 2026, 9:12 AM","Mar 31, 2026, 10:40 AM","","Lat Pulldown - Close Grip (Cable)",,"Tried straps on last srt",0,"failure",100,4,,,9.5
"Pull","Mar 31, 2026, 9:12 AM","Mar 31, 2026, 10:40 AM","","Lat Pulldown - Close Grip (Cable)",,"Tried straps on last srt",1,"failure",93,4,,,9
"Pull","Mar 31, 2026, 9:12 AM","Mar 31, 2026, 10:40 AM","","Hammer Curl (Dumbbell)",,"Smooth ass grip",0,"warmup",22,4,,,
"Pull","Mar 31, 2026, 9:12 AM","Mar 31, 2026, 10:40 AM","","Hammer Curl (Dumbbell)",,"Smooth ass grip",1,"failure",28,6,,,
"Pull","Mar 31, 2026, 9:12 AM","Mar 31, 2026, 10:40 AM","","Hammer Curl (Dumbbell)",,"Smooth ass grip",2,"failure",26,6,,,9
"Lower","Mar 30, 2026, 12:18 PM","Mar 30, 2026, 1:29 PM","","Squat (Barbell)",,"Gonna try the squat machine next time maybe",0,"warmup",20,4,,,
"Lower","Mar 30, 2026, 12:18 PM","Mar 30, 2026, 1:29 PM","","Squat (Barbell)",,"Gonna try the squat machine next time maybe",1,"warmup",60,4,,,
"Lower","Mar 30, 2026, 12:18 PM","Mar 30, 2026, 1:29 PM","","Squat (Barbell)",,"Gonna try the squat machine next time maybe",2,"normal",80,6,,,
"Lower","Mar 30, 2026, 12:18 PM","Mar 30, 2026, 1:29 PM","","Squat (Barbell)",,"Gonna try the squat machine next time maybe",3,"normal",90,5,,,9
"Lower","Mar 30, 2026, 12:18 PM","Mar 30, 2026, 1:29 PM","","Romanian Deadlift (Barbell)",,"Getting back into it",0,"warmup",60,6,,,
"Lower","Mar 30, 2026, 12:18 PM","Mar 30, 2026, 1:29 PM","","Romanian Deadlift (Barbell)",,"Getting back into it",1,"warmup",100,6,,,
"Lower","Mar 30, 2026, 12:18 PM","Mar 30, 2026, 1:29 PM","","Romanian Deadlift (Barbell)",,"Getting back into it",2,"normal",120,4,,,
"Lower","Mar 30, 2026, 12:18 PM","Mar 30, 2026, 1:29 PM","","Romanian Deadlift (Barbell)",,"Getting back into it",3,"normal",140,4,,,
"Lower","Mar 30, 2026, 12:18 PM","Mar 30, 2026, 1:29 PM","","Standing Calf Raise (Machine)",,"Bw 30kg",0,"warmup",30,6,,,
"Lower","Mar 30, 2026, 12:18 PM","Mar 30, 2026, 1:29 PM","","Standing Calf Raise (Machine)",,"Bw 30kg",1,"warmup",70,6,,,
"Lower","Mar 30, 2026, 12:18 PM","Mar 30, 2026, 1:29 PM","","Standing Calf Raise (Machine)",,"Bw 30kg",2,"normal",100,8,,,
"Lower","Mar 30, 2026, 12:18 PM","Mar 30, 2026, 1:29 PM","","Standing Calf Raise (Machine)",,"Bw 30kg",3,"normal",120,6,,,
"Lower","Mar 30, 2026, 12:18 PM","Mar 30, 2026, 1:29 PM","","Leg Extension (Machine)",,"Its almost heavy",0,"normal",86,6,,,
"Lower","Mar 30, 2026, 12:18 PM","Mar 30, 2026, 1:29 PM","","Leg Extension (Machine)",,"Its almost heavy",1,"normal",113,6,,,
"Lower","Mar 30, 2026, 12:18 PM","Mar 30, 2026, 1:29 PM","","Crunch (Machine)",,"Actually good ab machine holy shit",0,"warmup",36,6,,,
"Lower","Mar 30, 2026, 12:18 PM","Mar 30, 2026, 1:29 PM","","Crunch (Machine)",,"Actually good ab machine holy shit",1,"normal",54,6,,,
"Push","Mar 29, 2026, 9:10 AM","Mar 29, 2026, 10:56 AM","","Incline Bench Press (Dumbbell)",,"Yummy",0,"warmup",20,6,,,
"Push","Mar 29, 2026, 9:10 AM","Mar 29, 2026, 10:56 AM","","Incline Bench Press (Dumbbell)",,"Yummy",1,"warmup",30,4,,,
"Push","Mar 29, 2026, 9:10 AM","Mar 29, 2026, 10:56 AM","","Incline Bench Press (Dumbbell)",,"Yummy",2,"failure",40,5,,,9
"Push","Mar 29, 2026, 9:10 AM","Mar 29, 2026, 10:56 AM","","Incline Bench Press (Dumbbell)",,"Yummy",3,"failure",38,6,,,9.5
"Push","Mar 29, 2026, 9:10 AM","Mar 29, 2026, 10:56 AM","","JM Press (Barbell)",,"Dogshit smith",0,"warmup",49,6,,,
"Push","Mar 29, 2026, 9:10 AM","Mar 29, 2026, 10:56 AM","","JM Press (Barbell)",,"Dogshit smith",1,"normal",69,5,,,
"Push","Mar 29, 2026, 9:10 AM","Mar 29, 2026, 10:56 AM","","JM Press (Barbell)",,"Dogshit smith",2,"failure",79,4,,,
"Push","Mar 29, 2026, 9:10 AM","Mar 29, 2026, 10:56 AM","","Bench Press (Barbell)",,"Trying chest fly immediately fucked my shoulder up, never ever doing it",0,"warmup",20,10,,,
"Push","Mar 29, 2026, 9:10 AM","Mar 29, 2026, 10:56 AM","","Bench Press (Barbell)",,"Trying chest fly immediately fucked my shoulder up, never ever doing it",1,"warmup",60,6,,,
"Push","Mar 29, 2026, 9:10 AM","Mar 29, 2026, 10:56 AM","","Bench Press (Barbell)",,"Trying chest fly immediately fucked my shoulder up, never ever doing it",2,"failure",85,6,,,9
"Push","Mar 29, 2026, 9:10 AM","Mar 29, 2026, 10:56 AM","","Lateral Raise (Cable)",,"Shit cable",0,"normal",6.25,6,,,
"Push","Mar 29, 2026, 9:10 AM","Mar 29, 2026, 10:56 AM","","Lateral Raise (Cable)",,"Shit cable",1,"normal",7.5,5,,,
"Push","Mar 29, 2026, 9:10 AM","Mar 29, 2026, 10:56 AM","","Shoulder Press (Machine Plates)",,"Shit machine",0,"warmup",40,6,,,
"Push","Mar 29, 2026, 9:10 AM","Mar 29, 2026, 10:56 AM","","Shoulder Press (Machine Plates)",,"Shit machine",1,"normal",80,6,,,7.5
"Push","Mar 29, 2026, 9:10 AM","Mar 29, 2026, 10:56 AM","","Shoulder Press (Machine Plates)",,"Shit machine",2,"failure",100,4,,,9.5
"Push","Mar 29, 2026, 9:10 AM","Mar 29, 2026, 10:56 AM","","Triceps Pushdown",,"Straight bar",0,"normal",33.75,6,,,7.5
"Push","Mar 29, 2026, 9:10 AM","Mar 29, 2026, 10:56 AM","","Triceps Pushdown",,"Straight bar",1,"failure",41.25,6,,,8.5
"Pull","Mar 27, 2026, 10:21 AM","Mar 27, 2026, 11:34 AM","","Chest Supported T-bar Row",,"Waiting simulator",0,"warmup",25,6,,,
"Pull","Mar 27, 2026, 10:21 AM","Mar 27, 2026, 11:34 AM","","Chest Supported T-bar Row",,"Waiting simulator",1,"warmup",50,4,,,
"Pull","Mar 27, 2026, 10:21 AM","Mar 27, 2026, 11:34 AM","","Chest Supported T-bar Row",,"Waiting simulator",2,"failure",77.5,4,,,9.5
"Pull","Mar 27, 2026, 10:21 AM","Mar 27, 2026, 11:34 AM","","Chest Supported T-bar Row",,"Waiting simulator",3,"failure",72.5,5,,,9.5
"Pull","Mar 27, 2026, 10:21 AM","Mar 27, 2026, 11:34 AM","","Preacher Curl (Barbell)",,"Seat on #5",0,"warmup",28,6,,,
"Pull","Mar 27, 2026, 10:21 AM","Mar 27, 2026, 11:34 AM","","Preacher Curl (Barbell)",,"Seat on #5",1,"failure",40,4,,,9.5
"Pull","Mar 27, 2026, 10:21 AM","Mar 27, 2026, 11:34 AM","","Preacher Curl (Barbell)",,"Seat on #5",2,"failure",36,6,,,9
"Pull","Mar 27, 2026, 10:21 AM","Mar 27, 2026, 11:34 AM","","Lat Pulldown (Cable)",,"Did better rom for lats, stopped around mouth/ chin w bar",0,"warmup",50,6,,,
"Pull","Mar 27, 2026, 10:21 AM","Mar 27, 2026, 11:34 AM","","Lat Pulldown (Cable)",,"Did better rom for lats, stopped around mouth/ chin w bar",1,"failure",90,6,,,9.5
"Pull","Mar 27, 2026, 10:21 AM","Mar 27, 2026, 11:34 AM","","Lat Pulldown (Cable)",,"Did better rom for lats, stopped around mouth/ chin w bar",2,"failure",85,6,,,9
"Pull","Mar 27, 2026, 10:21 AM","Mar 27, 2026, 11:34 AM","","Hammer Curl (Dumbbell)",,"The grip on the 28kg is fucking huge, its just really difficult to hold",0,"warmup",20,6,,,
"Pull","Mar 27, 2026, 10:21 AM","Mar 27, 2026, 11:34 AM","","Hammer Curl (Dumbbell)",,"The grip on the 28kg is fucking huge, its just really difficult to hold",1,"failure",28,4,,,
"Pull","Mar 27, 2026, 10:21 AM","Mar 27, 2026, 11:34 AM","","Hammer Curl (Dumbbell)",,"The grip on the 28kg is fucking huge, its just really difficult to hold",2,"failure",26,6,,,
"Pull","Mar 27, 2026, 10:21 AM","Mar 27, 2026, 11:34 AM","","Lat Pulldown - Close Grip (Cable)",,"",0,"failure",95,6,,,9.5
"Pull","Mar 27, 2026, 10:21 AM","Mar 27, 2026, 11:34 AM","","Lat Pulldown - Close Grip (Cable)",,"",1,"failure",90,6,,,9
"Push","Mar 26, 2026, 10:02 AM","Mar 26, 2026, 11:27 AM","Such a good session wasted on such a shit day","Incline Chest Press (Machine)",,"Up!!!",0,"warmup",40,6,,,
"Push","Mar 26, 2026, 10:02 AM","Mar 26, 2026, 11:27 AM","Such a good session wasted on such a shit day","Incline Chest Press (Machine)",,"Up!!!",1,"warmup",80,4,,,
"Push","Mar 26, 2026, 10:02 AM","Mar 26, 2026, 11:27 AM","Such a good session wasted on such a shit day","Incline Chest Press (Machine)",,"Up!!!",2,"failure",95,6,,,9.5
"Push","Mar 26, 2026, 10:02 AM","Mar 26, 2026, 11:27 AM","Such a good session wasted on such a shit day","Incline Chest Press (Machine)",,"Up!!!",3,"failure",90,6,,,9.5
"Push","Mar 26, 2026, 10:02 AM","Mar 26, 2026, 11:27 AM","Such a good session wasted on such a shit day","JM Press (Barbell)",,"",0,"warmup",40,6,,,
"Push","Mar 26, 2026, 10:02 AM","Mar 26, 2026, 11:27 AM","Such a good session wasted on such a shit day","JM Press (Barbell)",,"",1,"warmup",60,4,,,
"Push","Mar 26, 2026, 10:02 AM","Mar 26, 2026, 11:27 AM","Such a good session wasted on such a shit day","JM Press (Barbell)",,"",2,"failure",80,5,,,9.5
"Push","Mar 26, 2026, 10:02 AM","Mar 26, 2026, 11:27 AM","Such a good session wasted on such a shit day","JM Press (Barbell)",,"",3,"failure",75,4,,,9
"Push","Mar 26, 2026, 10:02 AM","Mar 26, 2026, 11:27 AM","Such a good session wasted on such a shit day","Bench Press (Barbell)",,"Form practice still - no spotter",0,"warmup",20,6,,,
"Push","Mar 26, 2026, 10:02 AM","Mar 26, 2026, 11:27 AM","Such a good session wasted on such a shit day","Bench Press (Barbell)",,"Form practice still - no spotter",1,"warmup",60,6,,,
"Push","Mar 26, 2026, 10:02 AM","Mar 26, 2026, 11:27 AM","Such a good session wasted on such a shit day","Bench Press (Barbell)",,"Form practice still - no spotter",2,"failure",85,4,,,9
"Push","Mar 26, 2026, 10:02 AM","Mar 26, 2026, 11:27 AM","Such a good session wasted on such a shit day","Bench Press (Barbell)",,"Form practice still - no spotter",3,"failure",80,6,,,8.5
"Push","Mar 26, 2026, 10:02 AM","Mar 26, 2026, 11:27 AM","Such a good session wasted on such a shit day","Shoulder Press (Machine Plates)",,"",0,"warmup",40,6,,,
"Push","Mar 26, 2026, 10:02 AM","Mar 26, 2026, 11:27 AM","Such a good session wasted on such a shit day","Shoulder Press (Machine Plates)",,"",1,"warmup",80,4,,,
"Push","Mar 26, 2026, 10:02 AM","Mar 26, 2026, 11:27 AM","Such a good session wasted on such a shit day","Shoulder Press (Machine Plates)",,"",2,"failure",112.5,5,,,9.5
"Push","Mar 26, 2026, 10:02 AM","Mar 26, 2026, 11:27 AM","Such a good session wasted on such a shit day","Shoulder Press (Machine Plates)",,"",3,"failure",110,5,,,9
"Push","Mar 26, 2026, 10:02 AM","Mar 26, 2026, 11:27 AM","Such a good session wasted on such a shit day","Single Arm Triceps Pushdown (Cable)",,"20kg is too heavy, gotta find a middle ground weight",0,"failure",20,3,,,9.5
"Push","Mar 26, 2026, 10:02 AM","Mar 26, 2026, 11:27 AM","Such a good session wasted on such a shit day","Single Arm Triceps Pushdown (Cable)",,"20kg is too heavy, gotta find a middle ground weight",1,"normal",17.5,8,,,9
"Push","Mar 26, 2026, 10:02 AM","Mar 26, 2026, 11:27 AM","Such a good session wasted on such a shit day","Lateral Raise (Cable)",,"Ive made more progress by not doing it tf",0,"normal",6.25,8,,,
"Push","Mar 26, 2026, 10:02 AM","Mar 26, 2026, 11:27 AM","Such a good session wasted on such a shit day","Lateral Raise (Cable)",,"Ive made more progress by not doing it tf",1,"normal",7.5,8,,,9
"Pull","Mar 23, 2026, 6:17 AM","Mar 23, 2026, 7:20 AM","","Chest Supported T-bar Row",,"",0,"warmup",25,6,,,
"Pull","Mar 23, 2026, 6:17 AM","Mar 23, 2026, 7:20 AM","","Chest Supported T-bar Row",,"",1,"warmup",50,4,,,
"Pull","Mar 23, 2026, 6:17 AM","Mar 23, 2026, 7:20 AM","","Chest Supported T-bar Row",,"",2,"failure",77.5,4,,,9.5
"Pull","Mar 23, 2026, 6:17 AM","Mar 23, 2026, 7:20 AM","","Chest Supported T-bar Row",,"",3,"failure",72.5,4,,,9.5
"Pull","Mar 23, 2026, 6:17 AM","Mar 23, 2026, 7:20 AM","","Preacher Curl (Barbell)",,"",0,"warmup",28,6,,,
"Pull","Mar 23, 2026, 6:17 AM","Mar 23, 2026, 7:20 AM","","Preacher Curl (Barbell)",,"",1,"failure",40,3,,,9.5
"Pull","Mar 23, 2026, 6:17 AM","Mar 23, 2026, 7:20 AM","","Preacher Curl (Barbell)",,"",2,"failure",35,6,,,9
"Pull","Mar 23, 2026, 6:17 AM","Mar 23, 2026, 7:20 AM","","Lat Pulldown (Cable)",,"Wtf",0,"warmup",50,6,,,
"Pull","Mar 23, 2026, 6:17 AM","Mar 23, 2026, 7:20 AM","","Lat Pulldown (Cable)",,"Wtf",1,"failure",90,4,,,
"Pull","Mar 23, 2026, 6:17 AM","Mar 23, 2026, 7:20 AM","","Lat Pulldown (Cable)",,"Wtf",2,"failure",85,5,,,
"Pull","Mar 23, 2026, 6:17 AM","Mar 23, 2026, 7:20 AM","","Hammer Curl (Dumbbell)",,"67 lmao",0,"failure",26,6,,,9
"Pull","Mar 23, 2026, 6:17 AM","Mar 23, 2026, 7:20 AM","","Hammer Curl (Dumbbell)",,"67 lmao",1,"failure",26,7,,,9.5
"Pull","Mar 23, 2026, 6:17 AM","Mar 23, 2026, 7:20 AM","","Lat Pulldown - Close Grip (Cable)",,"",0,"failure",95,5,,,9
"Pull","Mar 23, 2026, 6:17 AM","Mar 23, 2026, 7:20 AM","","Lat Pulldown - Close Grip (Cable)",,"",1,"failure",90,5,,,9.5
"Push","Mar 22, 2026, 10:39 AM","Mar 22, 2026, 12:01 PM","","Incline Chest Press (Machine)",,"",0,"warmup",40,6,,,
"Push","Mar 22, 2026, 10:39 AM","Mar 22, 2026, 12:01 PM","","Incline Chest Press (Machine)",,"",1,"warmup",80,6,,,
"Push","Mar 22, 2026, 10:39 AM","Mar 22, 2026, 12:01 PM","","Incline Chest Press (Machine)",,"",2,"failure",95,5,,,9.5
"Push","Mar 22, 2026, 10:39 AM","Mar 22, 2026, 12:01 PM","","Incline Chest Press (Machine)",,"",3,"failure",90,6,,,9
"Push","Mar 22, 2026, 10:39 AM","Mar 22, 2026, 12:01 PM","","Bench Press (Barbell)",,"replacing fly cuz maxed it out - wider form for more chest",0,"warmup",20,6,,,
"Push","Mar 22, 2026, 10:39 AM","Mar 22, 2026, 12:01 PM","","Bench Press (Barbell)",,"replacing fly cuz maxed it out - wider form for more chest",1,"warmup",60,6,,,
"Push","Mar 22, 2026, 10:39 AM","Mar 22, 2026, 12:01 PM","","Bench Press (Barbell)",,"replacing fly cuz maxed it out - wider form for more chest",2,"normal",80,6,,,8.5
"Push","Mar 22, 2026, 10:39 AM","Mar 22, 2026, 12:01 PM","","Bench Press (Barbell)",,"replacing fly cuz maxed it out - wider form for more chest",3,"failure",90,3,,,9
"Push","Mar 22, 2026, 10:39 AM","Mar 22, 2026, 12:01 PM","","Bench Press (Barbell)",,"replacing fly cuz maxed it out - wider form for more chest",4,"normal",60,6,,,
"Push","Mar 22, 2026, 10:39 AM","Mar 22, 2026, 12:01 PM","","JM Press (Barbell)",,"Better",0,"warmup",40,6,,,
"Push","Mar 22, 2026, 10:39 AM","Mar 22, 2026, 12:01 PM","","JM Press (Barbell)",,"Better",1,"warmup",60,4,,,
"Push","Mar 22, 2026, 10:39 AM","Mar 22, 2026, 12:01 PM","","JM Press (Barbell)",,"Better",2,"failure",80,4,,,9
"Push","Mar 22, 2026, 10:39 AM","Mar 22, 2026, 12:01 PM","","JM Press (Barbell)",,"Better",3,"normal",70,6,,,
"Push","Mar 22, 2026, 10:39 AM","Mar 22, 2026, 12:01 PM","","Shoulder Press (Machine Plates)",,"Down",0,"warmup",40,6,,,
"Push","Mar 22, 2026, 10:39 AM","Mar 22, 2026, 12:01 PM","","Shoulder Press (Machine Plates)",,"Down",1,"warmup",80,4,,,
"Push","Mar 22, 2026, 10:39 AM","Mar 22, 2026, 12:01 PM","","Shoulder Press (Machine Plates)",,"Down",2,"failure",112.5,4,,,9.5
"Push","Mar 22, 2026, 10:39 AM","Mar 22, 2026, 12:01 PM","","Shoulder Press (Machine Plates)",,"Down",3,"failure",110,4,,,
"Push","Mar 22, 2026, 10:39 AM","Mar 22, 2026, 12:01 PM","","Single Arm Triceps Pushdown (Cable)",,"Better form",0,"failure",20,4,,,
"Push","Mar 22, 2026, 10:39 AM","Mar 22, 2026, 12:01 PM","","Single Arm Triceps Pushdown (Cable)",,"Better form",1,"failure",17.5,8,,,
"Lower","Mar 21, 2026, 5:02 PM","Mar 21, 2026, 6:08 PM","","Squat (Barbell)",,"Less reps on penultimate set for better final set - blame last night for L gains",0,"warmup",20,4,,,
"Lower","Mar 21, 2026, 5:02 PM","Mar 21, 2026, 6:08 PM","","Squat (Barbell)",,"Less reps on penultimate set for better final set - blame last night for L gains",1,"warmup",60,6,,,
"Lower","Mar 21, 2026, 5:02 PM","Mar 21, 2026, 6:08 PM","","Squat (Barbell)",,"Less reps on penultimate set for better final set - blame last night for L gains",2,"normal",80,6,,,7.5
"Lower","Mar 21, 2026, 5:02 PM","Mar 21, 2026, 6:08 PM","","Squat (Barbell)",,"Less reps on penultimate set for better final set - blame last night for L gains",3,"normal",90,3,,,
"Lower","Mar 21, 2026, 5:02 PM","Mar 21, 2026, 6:08 PM","","Squat (Barbell)",,"Less reps on penultimate set for better final set - blame last night for L gains",4,"failure",100,4,,,10
"Lower","Mar 21, 2026, 5:02 PM","Mar 21, 2026, 6:08 PM","","Romanian Deadlift (Barbell)",,"Hard form reset, more inline with actual rdl form - very slow and controlled tempo",0,"warmup",60,6,,,
"Lower","Mar 21, 2026, 5:02 PM","Mar 21, 2026, 6:08 PM","","Romanian Deadlift (Barbell)",,"Hard form reset, more inline with actual rdl form - very slow and controlled tempo",1,"warmup",100,6,,,
"Lower","Mar 21, 2026, 5:02 PM","Mar 21, 2026, 6:08 PM","","Romanian Deadlift (Barbell)",,"Hard form reset, more inline with actual rdl form - very slow and controlled tempo",2,"normal",120,6,,,
"Lower","Mar 21, 2026, 5:02 PM","Mar 21, 2026, 6:08 PM","","Standing Calf Raise (Smith)",,"Gotta be really careful about form on this - alot of pressure on joints",0,"warmup",40,6,,,
"Lower","Mar 21, 2026, 5:02 PM","Mar 21, 2026, 6:08 PM","","Standing Calf Raise (Smith)",,"Gotta be really careful about form on this - alot of pressure on joints",1,"normal",90,10,,,8
"Lower","Mar 21, 2026, 5:02 PM","Mar 21, 2026, 6:08 PM","","Standing Calf Raise (Smith)",,"Gotta be really careful about form on this - alot of pressure on joints",2,"failure",110,8,,,8.5
"Lower","Mar 21, 2026, 5:02 PM","Mar 21, 2026, 6:08 PM","","Decline Sit Ups",,"Diff weight placement",0,"warmup",5,6,,,
"Lower","Mar 21, 2026, 5:02 PM","Mar 21, 2026, 6:08 PM","","Decline Sit Ups",,"Diff weight placement",1,"normal",10,6,,,
"Lower","Mar 21, 2026, 5:02 PM","Mar 21, 2026, 6:08 PM","","Leg Extension (Machine)",,"Slow and controlled reps",0,"normal",62.5,8,,,
"Lower","Mar 21, 2026, 5:02 PM","Mar 21, 2026, 6:08 PM","","Leg Extension (Machine)",,"Slow and controlled reps",1,"normal",62.5,10,,,
"Pull","Mar 20, 2026, 11:21 AM","Mar 20, 2026, 12:36 PM","","Chest Supported T-bar Row",,"",0,"warmup",25,6,,,
"Pull","Mar 20, 2026, 11:21 AM","Mar 20, 2026, 12:36 PM","","Chest Supported T-bar Row",,"",1,"warmup",50,4,,,
"Pull","Mar 20, 2026, 11:21 AM","Mar 20, 2026, 12:36 PM","","Chest Supported T-bar Row",,"",2,"failure",77.5,4,,,9.5
"Pull","Mar 20, 2026, 11:21 AM","Mar 20, 2026, 12:36 PM","","Chest Supported T-bar Row",,"",3,"normal",70,6,,,9
"Pull","Mar 20, 2026, 11:21 AM","Mar 20, 2026, 12:36 PM","","Preacher Curl (Barbell)",,"",0,"warmup",18,6,,,
"Pull","Mar 20, 2026, 11:21 AM","Mar 20, 2026, 12:36 PM","","Preacher Curl (Barbell)",,"",1,"failure",38,6,,,9
"Pull","Mar 20, 2026, 11:21 AM","Mar 20, 2026, 12:36 PM","","Preacher Curl (Barbell)",,"",2,"failure",35,6,,,8.5
"Pull","Mar 20, 2026, 11:21 AM","Mar 20, 2026, 12:36 PM","","Lat Pulldown (Cable)",,"",0,"warmup",50,6,,,
"Pull","Mar 20, 2026, 11:21 AM","Mar 20, 2026, 12:36 PM","","Lat Pulldown (Cable)",,"",1,"failure",90,6,,,9.5
"Pull","Mar 20, 2026, 11:21 AM","Mar 20, 2026, 12:36 PM","","Lat Pulldown (Cable)",,"",2,"failure",85,6,,,
"Pull","Mar 20, 2026, 11:21 AM","Mar 20, 2026, 12:36 PM","","Hammer Curl (Dumbbell)",,"Genuinely been doing the same weight forever",0,"failure",26,6,,,9.5
"Pull","Mar 20, 2026, 11:21 AM","Mar 20, 2026, 12:36 PM","","Hammer Curl (Dumbbell)",,"Genuinely been doing the same weight forever",1,"failure",26,5,,,9.5
"Pull","Mar 20, 2026, 11:21 AM","Mar 20, 2026, 12:36 PM","","Lat Pulldown - Close Grip (Cable)",,"",0,"failure",95,5,,,9.5
"Pull","Mar 20, 2026, 11:21 AM","Mar 20, 2026, 12:36 PM","","Lat Pulldown - Close Grip (Cable)",,"",1,"failure",90,5,,,9.5
"Push","Mar 19, 2026, 6:26 PM","Mar 19, 2026, 7:29 PM","","Incline Chest Press (Machine)",,"So close to 6reps on 95kg, 2nd working had higher w so decent ig",0,"warmup",40,6,,,
"Push","Mar 19, 2026, 6:26 PM","Mar 19, 2026, 7:29 PM","","Incline Chest Press (Machine)",,"So close to 6reps on 95kg, 2nd working had higher w so decent ig",1,"warmup",80,6,,,
"Push","Mar 19, 2026, 6:26 PM","Mar 19, 2026, 7:29 PM","","Incline Chest Press (Machine)",,"So close to 6reps on 95kg, 2nd working had higher w so decent ig",2,"failure",95,5,,,
"Push","Mar 19, 2026, 6:26 PM","Mar 19, 2026, 7:29 PM","","Incline Chest Press (Machine)",,"So close to 6reps on 95kg, 2nd working had higher w so decent ig",3,"failure",90,5,,,
"Push","Mar 19, 2026, 6:26 PM","Mar 19, 2026, 7:29 PM","","Shoulder Press (Machine Plates)",,"",0,"warmup",40,6,,,
"Push","Mar 19, 2026, 6:26 PM","Mar 19, 2026, 7:29 PM","","Shoulder Press (Machine Plates)",,"",1,"warmup",80,4,,,
"Push","Mar 19, 2026, 6:26 PM","Mar 19, 2026, 7:29 PM","","Shoulder Press (Machine Plates)",,"",2,"failure",112.5,5,,,9
"Push","Mar 19, 2026, 6:26 PM","Mar 19, 2026, 7:29 PM","","Shoulder Press (Machine Plates)",,"",3,"normal",110,5,,,9.5
"Push","Mar 19, 2026, 6:26 PM","Mar 19, 2026, 7:29 PM","","JM Press (Barbell)",,"Egolift top set but whatever - nearly died 2nd set lmao",0,"warmup",40,6,,,
"Push","Mar 19, 2026, 6:26 PM","Mar 19, 2026, 7:29 PM","","JM Press (Barbell)",,"Egolift top set but whatever - nearly died 2nd set lmao",1,"warmup",60,4,,,
"Push","Mar 19, 2026, 6:26 PM","Mar 19, 2026, 7:29 PM","","JM Press (Barbell)",,"Egolift top set but whatever - nearly died 2nd set lmao",2,"failure",80,4,,,9.5
"Push","Mar 19, 2026, 6:26 PM","Mar 19, 2026, 7:29 PM","","JM Press (Barbell)",,"Egolift top set but whatever - nearly died 2nd set lmao",3,"failure",70,6,,,8.5
"Push","Mar 19, 2026, 6:26 PM","Mar 19, 2026, 7:29 PM","","Single Arm Lateral Raise (Cable)",,"",0,"failure",7.5,8,,,9
"Push","Mar 19, 2026, 6:26 PM","Mar 19, 2026, 7:29 PM","","Single Arm Lateral Raise (Cable)",,"",1,"failure",7.5,8,,,9.5
"Push","Mar 19, 2026, 6:26 PM","Mar 19, 2026, 7:29 PM","","Chest Fly (Machine)",,"More ROM - probs just do barbell bench next time cuz trying to proper max out is just really grindy atp",0,"failure",52.5,5,,,9.5
"Push","Mar 19, 2026, 6:26 PM","Mar 19, 2026, 7:29 PM","","Chest Fly (Machine)",,"More ROM - probs just do barbell bench next time cuz trying to proper max out is just really grindy atp",1,"failure",50,4,,,9
"Push","Mar 19, 2026, 6:26 PM","Mar 19, 2026, 7:29 PM","","Triceps Pushdown",,"Couldnt get a single useable cuff",0,"warmup",30,6,,,
"Push","Mar 19, 2026, 6:26 PM","Mar 19, 2026, 7:29 PM","","Triceps Pushdown",,"Couldnt get a single useable cuff",1,"failure",35,8,,,9
"Lower","Mar 17, 2026, 6:12 AM","Mar 17, 2026, 7:38 AM","","Squat (Barbell)",,"different shoes, more flat-ish - rom better for quads",0,"warmup",20,4,,,
"Lower","Mar 17, 2026, 6:12 AM","Mar 17, 2026, 7:38 AM","","Squat (Barbell)",,"different shoes, more flat-ish - rom better for quads",1,"warmup",60,6,,,
"Lower","Mar 17, 2026, 6:12 AM","Mar 17, 2026, 7:38 AM","","Squat (Barbell)",,"different shoes, more flat-ish - rom better for quads",2,"normal",80,6,,,8
"Lower","Mar 17, 2026, 6:12 AM","Mar 17, 2026, 7:38 AM","","Squat (Barbell)",,"different shoes, more flat-ish - rom better for quads",3,"normal",90,6,,,8.5
"Lower","Mar 17, 2026, 6:12 AM","Mar 17, 2026, 7:38 AM","","Squat (Barbell)",,"different shoes, more flat-ish - rom better for quads",4,"failure",100,4,,,9
"Lower","Mar 17, 2026, 6:12 AM","Mar 17, 2026, 7:38 AM","","Deadlift (Barbell)",,"Decent",0,"warmup",60,4,,,
"Lower","Mar 17, 2026, 6:12 AM","Mar 17, 2026, 7:38 AM","","Deadlift (Barbell)",,"Decent",1,"warmup",100,6,,,
"Lower","Mar 17, 2026, 6:12 AM","Mar 17, 2026, 7:38 AM","","Deadlift (Barbell)",,"Decent",2,"normal",140,2,,,
"Lower","Mar 17, 2026, 6:12 AM","Mar 17, 2026, 7:38 AM","","Deadlift (Barbell)",,"Decent",3,"failure",160,2,,,9
"Lower","Mar 17, 2026, 6:12 AM","Mar 17, 2026, 7:38 AM","","Standing Calf Raise (Smith)",,"Squat-ish form for less stress on joints, taking it slow cuz new",0,"warmup",40,6,,,
"Lower","Mar 17, 2026, 6:12 AM","Mar 17, 2026, 7:38 AM","","Standing Calf Raise (Smith)",,"Squat-ish form for less stress on joints, taking it slow cuz new",1,"normal",100,8,,,8
"Lower","Mar 17, 2026, 6:12 AM","Mar 17, 2026, 7:38 AM","","Standing Calf Raise (Smith)",,"Squat-ish form for less stress on joints, taking it slow cuz new",2,"normal",80,10,,,7
"Lower","Mar 17, 2026, 6:12 AM","Mar 17, 2026, 7:38 AM","","Leg Extension (Machine)",,"",0,"normal",62.5,8,,,
"Lower","Mar 17, 2026, 6:12 AM","Mar 17, 2026, 7:38 AM","","Leg Extension (Machine)",,"",1,"normal",62.5,10,,,
"Pull","Mar 16, 2026, 6:09 AM","Mar 16, 2026, 7:14 AM","","Chest Supported T-bar Row",,"Good",0,"warmup",25,6,,,
"Pull","Mar 16, 2026, 6:09 AM","Mar 16, 2026, 7:14 AM","","Chest Supported T-bar Row",,"Good",1,"failure",77.5,4,,,9
"Pull","Mar 16, 2026, 6:09 AM","Mar 16, 2026, 7:14 AM","","Chest Supported T-bar Row",,"Good",2,"failure",70,6,,,9.5
"Pull","Mar 16, 2026, 6:09 AM","Mar 16, 2026, 7:14 AM","","Preacher Curl (Barbell)",,"Biceps > lats rn",0,"warmup",18,6,,,
"Pull","Mar 16, 2026, 6:09 AM","Mar 16, 2026, 7:14 AM","","Preacher Curl (Barbell)",,"Biceps > lats rn",1,"failure",38,4,,,8.5
"Pull","Mar 16, 2026, 6:09 AM","Mar 16, 2026, 7:14 AM","","Preacher Curl (Barbell)",,"Biceps > lats rn",2,"failure",35,6,,,9
"Pull","Mar 16, 2026, 6:09 AM","Mar 16, 2026, 7:14 AM","","Lat Pulldown (Cable)",,"Down only a rep is decent",0,"warmup",50,6,,,
"Pull","Mar 16, 2026, 6:09 AM","Mar 16, 2026, 7:14 AM","","Lat Pulldown (Cable)",,"Down only a rep is decent",1,"failure",90,5,,,9.5
"Pull","Mar 16, 2026, 6:09 AM","Mar 16, 2026, 7:14 AM","","Lat Pulldown (Cable)",,"Down only a rep is decent",2,"failure",85,6,,,9.5
"Pull","Mar 16, 2026, 6:09 AM","Mar 16, 2026, 7:14 AM","","Hammer Curl (Dumbbell)",,"Seated, w is per arm",0,"failure",28,4,,,9.5
"Pull","Mar 16, 2026, 6:09 AM","Mar 16, 2026, 7:14 AM","","Hammer Curl (Dumbbell)",,"Seated, w is per arm",1,"normal",24,8,,,
"Pull","Mar 16, 2026, 6:09 AM","Mar 16, 2026, 7:14 AM","","Lat Pulldown - Close Grip (Cable)",,"",0,"failure",95,5,,,9
"Pull","Mar 16, 2026, 6:09 AM","Mar 16, 2026, 7:14 AM","","Lat Pulldown - Close Grip (Cable)",,"",1,"failure",90,5,,,
"Push","Mar 15, 2026, 11:07 AM","Mar 15, 2026, 12:25 PM","Good","Incline Chest Press (Machine)",,"W gains",0,"warmup",40,6,,,
"Push","Mar 15, 2026, 11:07 AM","Mar 15, 2026, 12:25 PM","Good","Incline Chest Press (Machine)",,"W gains",1,"warmup",80,6,,,
"Push","Mar 15, 2026, 11:07 AM","Mar 15, 2026, 12:25 PM","Good","Incline Chest Press (Machine)",,"W gains",2,"failure",95,5,,,9
"Push","Mar 15, 2026, 11:07 AM","Mar 15, 2026, 12:25 PM","Good","Incline Chest Press (Machine)",,"W gains",3,"failure",85,7,,,9
"Push","Mar 15, 2026, 11:07 AM","Mar 15, 2026, 12:25 PM","Good","Shoulder Press (Machine Plates)",,"Traded reps",0,"warmup",40,6,,,
"Push","Mar 15, 2026, 11:07 AM","Mar 15, 2026, 12:25 PM","Good","Shoulder Press (Machine Plates)",,"Traded reps",1,"warmup",80,4,,,
"Push","Mar 15, 2026, 11:07 AM","Mar 15, 2026, 12:25 PM","Good","Shoulder Press (Machine Plates)",,"Traded reps",2,"failure",112.5,5,,,9.5
"Push","Mar 15, 2026, 11:07 AM","Mar 15, 2026, 12:25 PM","Good","Shoulder Press (Machine Plates)",,"Traded reps",3,"failure",110,5,,,9.5
"Push","Mar 15, 2026, 11:07 AM","Mar 15, 2026, 12:25 PM","Good","JM Press (Barbell)",,"",0,"warmup",40,6,,,
"Push","Mar 15, 2026, 11:07 AM","Mar 15, 2026, 12:25 PM","Good","JM Press (Barbell)",,"",1,"warmup",60,4,,,
"Push","Mar 15, 2026, 11:07 AM","Mar 15, 2026, 12:25 PM","Good","JM Press (Barbell)",,"",2,"failure",77.5,5,,,9.5
"Push","Mar 15, 2026, 11:07 AM","Mar 15, 2026, 12:25 PM","Good","JM Press (Barbell)",,"",3,"failure",72.5,5,,,9
"Push","Mar 15, 2026, 11:07 AM","Mar 15, 2026, 12:25 PM","Good","Single Arm Lateral Raise (Cable)",,"",0,"failure",7.5,8,,,
"Push","Mar 15, 2026, 11:07 AM","Mar 15, 2026, 12:25 PM","Good","Single Arm Lateral Raise (Cable)",,"",1,"failure",7.5,6,,,
"Push","Mar 15, 2026, 11:07 AM","Mar 15, 2026, 12:25 PM","Good","Single Arm Triceps Pushdown (Cable)",,"Perfect setup - start w left - 20 might be too heavy top set",0,"warmup",15,6,,,
"Push","Mar 15, 2026, 11:07 AM","Mar 15, 2026, 12:25 PM","Good","Single Arm Triceps Pushdown (Cable)",,"Perfect setup - start w left - 20 might be too heavy top set",1,"failure",20,4,,,9.5
"Push","Mar 15, 2026, 11:07 AM","Mar 15, 2026, 12:25 PM","Good","Single Arm Triceps Pushdown (Cable)",,"Perfect setup - start w left - 20 might be too heavy top set",2,"failure",17.5,7,,,9.5
"Push","Mar 15, 2026, 11:07 AM","Mar 15, 2026, 12:25 PM","Good","Chest Fly (Machine)",,"Gonna have to replace soon cuz maxed out (back to bench !!!)",0,"failure",52.5,5,,,9.5
"Push","Mar 15, 2026, 11:07 AM","Mar 15, 2026, 12:25 PM","Good","Chest Fly (Machine)",,"Gonna have to replace soon cuz maxed out (back to bench !!!)",1,"failure",47.5,6,,,9.5
"Lower","Mar 13, 2026, 6:16 AM","Mar 13, 2026, 7:46 AM","","Squat (Barbell)",,"Add more sets cuz shit intensity",0,"warmup",20,4,,,
"Lower","Mar 13, 2026, 6:16 AM","Mar 13, 2026, 7:46 AM","","Squat (Barbell)",,"Add more sets cuz shit intensity",1,"warmup",60,6,,,
"Lower","Mar 13, 2026, 6:16 AM","Mar 13, 2026, 7:46 AM","","Squat (Barbell)",,"Add more sets cuz shit intensity",2,"normal",80,6,,,8
"Lower","Mar 13, 2026, 6:16 AM","Mar 13, 2026, 7:46 AM","","Squat (Barbell)",,"Add more sets cuz shit intensity",3,"normal",90,6,,,9
"Lower","Mar 13, 2026, 6:16 AM","Mar 13, 2026, 7:46 AM","","Squat (Barbell)",,"Add more sets cuz shit intensity",4,"failure",95,5,,,9.5
"Lower","Mar 13, 2026, 6:16 AM","Mar 13, 2026, 7:46 AM","","Romanian Deadlift (Barbell)",,"",0,"warmup",60,6,,,
"Lower","Mar 13, 2026, 6:16 AM","Mar 13, 2026, 7:46 AM","","Romanian Deadlift (Barbell)",,"",1,"warmup",100,6,,,
"Lower","Mar 13, 2026, 6:16 AM","Mar 13, 2026, 7:46 AM","","Romanian Deadlift (Barbell)",,"",2,"failure",155,4,,,9.5
"Lower","Mar 13, 2026, 6:16 AM","Mar 13, 2026, 7:46 AM","","Romanian Deadlift (Barbell)",,"",3,"failure",140,4,,,
"Lower","Mar 13, 2026, 6:16 AM","Mar 13, 2026, 7:46 AM","","Hip Thrust (Machine)",,"",0,"warmup",40,6,,,
"Lower","Mar 13, 2026, 6:16 AM","Mar 13, 2026, 7:46 AM","","Hip Thrust (Machine)",,"",1,"failure",80,6,,,
"Lower","Mar 13, 2026, 6:16 AM","Mar 13, 2026, 7:46 AM","","Hip Thrust (Machine)",,"",2,"failure",70,6,,,
"Lower","Mar 13, 2026, 6:16 AM","Mar 13, 2026, 7:46 AM","","Leg Extension (Machine)",,"",0,"normal",62.5,8,,,
"Lower","Mar 13, 2026, 6:16 AM","Mar 13, 2026, 7:46 AM","","Leg Extension (Machine)",,"",1,"normal",62.5,10,,,
"Pull","Mar 10, 2026, 7:25 PM","Mar 10, 2026, 8:32 PM","","Chest Supported T-bar Row",,"",0,"warmup",25,6,,,
"Pull","Mar 10, 2026, 7:25 PM","Mar 10, 2026, 8:32 PM","","Chest Supported T-bar Row",,"",1,"warmup",60,4,,,
"Pull","Mar 10, 2026, 7:25 PM","Mar 10, 2026, 8:32 PM","","Chest Supported T-bar Row",,"",2,"failure",75,6,,,9.5
"Pull","Mar 10, 2026, 7:25 PM","Mar 10, 2026, 8:32 PM","","Chest Supported T-bar Row",,"",3,"failure",70,6,,,9
"Pull","Mar 10, 2026, 7:25 PM","Mar 10, 2026, 8:32 PM","","Lat Pulldown (Cable)",,"Normal shit",0,"warmup",50,6,,,
"Pull","Mar 10, 2026, 7:25 PM","Mar 10, 2026, 8:32 PM","","Lat Pulldown (Cable)",,"Normal shit",1,"failure",90,6,,,9.5
"Pull","Mar 10, 2026, 7:25 PM","Mar 10, 2026, 8:32 PM","","Lat Pulldown (Cable)",,"Normal shit",2,"failure",85,6,,,9
"Pull","Mar 10, 2026, 7:25 PM","Mar 10, 2026, 8:32 PM","","Preacher Curl (Barbell)",,"Go up next time",0,"warmup",18,6,,,
"Pull","Mar 10, 2026, 7:25 PM","Mar 10, 2026, 8:32 PM","","Preacher Curl (Barbell)",,"Go up next time",1,"failure",33,7,,,8
"Pull","Mar 10, 2026, 7:25 PM","Mar 10, 2026, 8:32 PM","","Preacher Curl (Barbell)",,"Go up next time",2,"failure",33,6,,,8.5
"Pull","Mar 10, 2026, 7:25 PM","Mar 10, 2026, 8:32 PM","","Hammer Curl (Preacher)",,"Sucks now",0,"failure",18,4,,,
"Pull","Mar 10, 2026, 7:25 PM","Mar 10, 2026, 8:32 PM","","Hammer Curl (Preacher)",,"Sucks now",1,"normal",16,6,,,9
"Pull","Mar 10, 2026, 7:25 PM","Mar 10, 2026, 8:32 PM","","Chin Up",,"",0,"normal",,5,,,
"Push","Mar 9, 2026, 6:17 AM","Mar 9, 2026, 7:30 AM","","Incline Chest Press (Machine)",,"Seat on #4 is good",0,"warmup",40,6,,,
"Push","Mar 9, 2026, 6:17 AM","Mar 9, 2026, 7:30 AM","","Incline Chest Press (Machine)",,"Seat on #4 is good",1,"warmup",80,6,,,
"Push","Mar 9, 2026, 6:17 AM","Mar 9, 2026, 7:30 AM","","Incline Chest Press (Machine)",,"Seat on #4 is good",2,"failure",95,4,,,9
"Push","Mar 9, 2026, 6:17 AM","Mar 9, 2026, 7:30 AM","","Incline Chest Press (Machine)",,"Seat on #4 is good",3,"failure",85,6,,,9.5
"Push","Mar 9, 2026, 6:17 AM","Mar 9, 2026, 7:30 AM","","JM Press (Barbell)",,"",0,"warmup",40,6,,,
"Push","Mar 9, 2026, 6:17 AM","Mar 9, 2026, 7:30 AM","","JM Press (Barbell)",,"",1,"warmup",60,4,,,
"Push","Mar 9, 2026, 6:17 AM","Mar 9, 2026, 7:30 AM","","JM Press (Barbell)",,"",2,"failure",77.5,5,,,9.5
"Push","Mar 9, 2026, 6:17 AM","Mar 9, 2026, 7:30 AM","","JM Press (Barbell)",,"",3,"failure",72.5,5,,,9.5
"Push","Mar 9, 2026, 6:17 AM","Mar 9, 2026, 7:30 AM","","Shoulder Press (Machine Plates)",,"Smallest increments ever is probs best tbh",0,"warmup",40,6,,,
"Push","Mar 9, 2026, 6:17 AM","Mar 9, 2026, 7:30 AM","","Shoulder Press (Machine Plates)",,"Smallest increments ever is probs best tbh",1,"warmup",80,4,,,
"Push","Mar 9, 2026, 6:17 AM","Mar 9, 2026, 7:30 AM","","Shoulder Press (Machine Plates)",,"Smallest increments ever is probs best tbh",2,"failure",112.5,4,,,9.5
"Push","Mar 9, 2026, 6:17 AM","Mar 9, 2026, 7:30 AM","","Shoulder Press (Machine Plates)",,"Smallest increments ever is probs best tbh",3,"failure",110,6,,,9.5
"Push","Mar 9, 2026, 6:17 AM","Mar 9, 2026, 7:30 AM","","Single Arm Triceps Pushdown (Cable)",,"Standard has been achieved",0,"warmup",15,6,,,
"Push","Mar 9, 2026, 6:17 AM","Mar 9, 2026, 7:30 AM","","Single Arm Triceps Pushdown (Cable)",,"Standard has been achieved",1,"failure",20,4,,,9.5
"Push","Mar 9, 2026, 6:17 AM","Mar 9, 2026, 7:30 AM","","Single Arm Triceps Pushdown (Cable)",,"Standard has been achieved",2,"failure",17.5,6,,,9.5
"Push","Mar 9, 2026, 6:17 AM","Mar 9, 2026, 7:30 AM","","Chest Fly (Machine)",,"Soon machine will be truly maxed",0,"failure",52.5,5,,,9.5
"Push","Mar 9, 2026, 6:17 AM","Mar 9, 2026, 7:30 AM","","Chest Fly (Machine)",,"Soon machine will be truly maxed",1,"failure",47.5,6,,,9
"Lower","Mar 8, 2026, 8:47 AM","Mar 8, 2026, 9:46 AM","Last Bruno’s session is a nothing burger","Deadlift (Barbell)",,"The barbell is fucking freezing - didnt want to do any more",0,"warmup",60,4,,,
"Lower","Mar 8, 2026, 8:47 AM","Mar 8, 2026, 9:46 AM","Last Bruno’s session is a nothing burger","Deadlift (Barbell)",,"The barbell is fucking freezing - didnt want to do any more",1,"warmup",100,4,,,
"Lower","Mar 8, 2026, 8:47 AM","Mar 8, 2026, 9:46 AM","Last Bruno’s session is a nothing burger","Deadlift (Barbell)",,"The barbell is fucking freezing - didnt want to do any more",2,"normal",140,2,,,
"Lower","Mar 8, 2026, 8:47 AM","Mar 8, 2026, 9:46 AM","Last Bruno’s session is a nothing burger","Squat (Barbell)",,"Post dl is nasty - shoes fucking me up - no shoes on 80kgs, idk ts might be worse",0,"warmup",20,4,,,
"Lower","Mar 8, 2026, 8:47 AM","Mar 8, 2026, 9:46 AM","Last Bruno’s session is a nothing burger","Squat (Barbell)",,"Post dl is nasty - shoes fucking me up - no shoes on 80kgs, idk ts might be worse",1,"warmup",60,6,,,
"Lower","Mar 8, 2026, 8:47 AM","Mar 8, 2026, 9:46 AM","Last Bruno’s session is a nothing burger","Squat (Barbell)",,"Post dl is nasty - shoes fucking me up - no shoes on 80kgs, idk ts might be worse",2,"normal",80,4,,,
"Lower","Mar 8, 2026, 8:47 AM","Mar 8, 2026, 9:46 AM","Last Bruno’s session is a nothing burger","Squat (Barbell)",,"Post dl is nasty - shoes fucking me up - no shoes on 80kgs, idk ts might be worse",3,"normal",80,6,,,
"Lower","Mar 8, 2026, 8:47 AM","Mar 8, 2026, 9:46 AM","Last Bruno’s session is a nothing burger","Seated Calf Raise",,"",0,"warmup",45.36,10,,,
"Lower","Mar 8, 2026, 8:47 AM","Mar 8, 2026, 9:46 AM","Last Bruno’s session is a nothing burger","Seated Calf Raise",,"",1,"normal",52.16,8,,,
"Lower","Mar 8, 2026, 8:47 AM","Mar 8, 2026, 9:46 AM","Last Bruno’s session is a nothing burger","Seated Calf Raise",,"",2,"normal",58.97,8,,,
"Lower","Mar 8, 2026, 8:47 AM","Mar 8, 2026, 9:46 AM","Last Bruno’s session is a nothing burger","Leg Extension (Machine)",,"Machine making dunny noises",0,"normal",86,8,,,
"Pull","Mar 5, 2026, 11:50 AM","Mar 5, 2026, 12:40 PM","Hammer curls aren’t real","Chest Supported T-bar Row",,"Very close to 6th rep on top set",0,"warmup",25,6,,,
"Pull","Mar 5, 2026, 11:50 AM","Mar 5, 2026, 12:40 PM","Hammer curls aren’t real","Chest Supported T-bar Row",,"Very close to 6th rep on top set",1,"warmup",60,4,,,
"Pull","Mar 5, 2026, 11:50 AM","Mar 5, 2026, 12:40 PM","Hammer curls aren’t real","Chest Supported T-bar Row",,"Very close to 6th rep on top set",2,"failure",75,5,,,9
"Pull","Mar 5, 2026, 11:50 AM","Mar 5, 2026, 12:40 PM","Hammer curls aren’t real","Chest Supported T-bar Row",,"Very close to 6th rep on top set",3,"failure",70,6,,,9.5
"Pull","Mar 5, 2026, 11:50 AM","Mar 5, 2026, 12:40 PM","Hammer curls aren’t real","Lat Pulldown (Cable)",,"The freaking clips are different tf",0,"warmup",50,6,,,
"Pull","Mar 5, 2026, 11:50 AM","Mar 5, 2026, 12:40 PM","Hammer curls aren’t real","Lat Pulldown (Cable)",,"The freaking clips are different tf",1,"warmup",80,2,,,
"Pull","Mar 5, 2026, 11:50 AM","Mar 5, 2026, 12:40 PM","Hammer curls aren’t real","Lat Pulldown (Cable)",,"The freaking clips are different tf",2,"failure",90,4,,,
"Pull","Mar 5, 2026, 11:50 AM","Mar 5, 2026, 12:40 PM","Hammer curls aren’t real","Lat Pulldown (Cable)",,"The freaking clips are different tf",3,"failure",85,6,,,
"Pull","Mar 5, 2026, 11:50 AM","Mar 5, 2026, 12:40 PM","Hammer curls aren’t real","Bicep Curl (Cable)",,"",0,"warmup",20,6,,,
"Pull","Mar 5, 2026, 11:50 AM","Mar 5, 2026, 12:40 PM","Hammer curls aren’t real","Bicep Curl (Cable)",,"",1,"normal",30,6,,,
"Pull","Mar 5, 2026, 11:50 AM","Mar 5, 2026, 12:40 PM","Hammer curls aren’t real","Bicep Curl (Cable)",,"",2,"failure",32.5,5,,,
"Pull","Mar 5, 2026, 11:50 AM","Mar 5, 2026, 12:40 PM","Hammer curls aren’t real","Lat Pulldown - Close Grip (Cable)",,"",0,"failure",100,4,,,
"Pull","Mar 5, 2026, 11:50 AM","Mar 5, 2026, 12:40 PM","Hammer curls aren’t real","Lat Pulldown - Close Grip (Cable)",,"",1,"failure",95,5,,,
"Push","Mar 3, 2026, 6:11 AM","Mar 3, 2026, 7:29 AM","Good","Incline Chest Press (Machine)",,"Seat should be lower (#4)",0,"warmup",40,6,,,
"Push","Mar 3, 2026, 6:11 AM","Mar 3, 2026, 7:29 AM","Good","Incline Chest Press (Machine)",,"Seat should be lower (#4)",1,"warmup",80,4,,,
"Push","Mar 3, 2026, 6:11 AM","Mar 3, 2026, 7:29 AM","Good","Incline Chest Press (Machine)",,"Seat should be lower (#4)",2,"failure",95,4,,,9.5
"Push","Mar 3, 2026, 6:11 AM","Mar 3, 2026, 7:29 AM","Good","Incline Chest Press (Machine)",,"Seat should be lower (#4)",3,"failure",85,5,,,9.5
"Push","Mar 3, 2026, 6:11 AM","Mar 3, 2026, 7:29 AM","Good","JM Press (Barbell)",,"Fucked up top set but still matched lmao + diff smith",0,"warmup",40,6,,,
"Push","Mar 3, 2026, 6:11 AM","Mar 3, 2026, 7:29 AM","Good","JM Press (Barbell)",,"Fucked up top set but still matched lmao + diff smith",1,"warmup",60,4,,,
"Push","Mar 3, 2026, 6:11 AM","Mar 3, 2026, 7:29 AM","Good","JM Press (Barbell)",,"Fucked up top set but still matched lmao + diff smith",2,"failure",77.5,4,,,9.5
"Push","Mar 3, 2026, 6:11 AM","Mar 3, 2026, 7:29 AM","Good","JM Press (Barbell)",,"Fucked up top set but still matched lmao + diff smith",3,"failure",72.5,4,,,9
"Push","Mar 3, 2026, 6:11 AM","Mar 3, 2026, 7:29 AM","Good","Shoulder Press (Machine Plates)",,"Better rom for front delt - seat is #7",0,"warmup",40,6,,,
"Push","Mar 3, 2026, 6:11 AM","Mar 3, 2026, 7:29 AM","Good","Shoulder Press (Machine Plates)",,"Better rom for front delt - seat is #7",1,"warmup",80,4,,,
"Push","Mar 3, 2026, 6:11 AM","Mar 3, 2026, 7:29 AM","Good","Shoulder Press (Machine Plates)",,"Better rom for front delt - seat is #7",2,"failure",110,6,,,9
"Push","Mar 3, 2026, 6:11 AM","Mar 3, 2026, 7:29 AM","Good","Shoulder Press (Machine Plates)",,"Better rom for front delt - seat is #7",3,"failure",105,6,,,9.5
"Push","Mar 3, 2026, 6:11 AM","Mar 3, 2026, 7:29 AM","Good","Single Arm Lateral Raise (Cable)",,"Been slacking on ts",0,"failure",7.5,6,,,
"Push","Mar 3, 2026, 6:11 AM","Mar 3, 2026, 7:29 AM","Good","Single Arm Lateral Raise (Cable)",,"Been slacking on ts",1,"failure",7.5,6,,,
"Push","Mar 3, 2026, 6:11 AM","Mar 3, 2026, 7:29 AM","Good","Single Arm Triceps Pushdown (Cable)",,"Standard = aof cuff and the larger max stack, start w right ( is what I would say if I could get the aof cuff)",0,"warmup",15,6,,,
"Push","Mar 3, 2026, 6:11 AM","Mar 3, 2026, 7:29 AM","Good","Single Arm Triceps Pushdown (Cable)",,"Standard = aof cuff and the larger max stack, start w right ( is what I would say if I could get the aof cuff)",1,"failure",20,7,,,9
"Push","Mar 3, 2026, 6:11 AM","Mar 3, 2026, 7:29 AM","Good","Single Arm Triceps Pushdown (Cable)",,"Standard = aof cuff and the larger max stack, start w right ( is what I would say if I could get the aof cuff)",2,"normal",17.5,8,,,
"Push","Mar 3, 2026, 6:11 AM","Mar 3, 2026, 7:29 AM","Good","Chest Fly (Machine)",,"Fuck knows - hammy cramp first set",0,"failure",52.5,4,,,9
"Push","Mar 3, 2026, 6:11 AM","Mar 3, 2026, 7:29 AM","Good","Chest Fly (Machine)",,"Fuck knows - hammy cramp first set",1,"failure",47.5,6,,,9
"Lower","Mar 2, 2026, 7:25 PM","Mar 2, 2026, 9:20 PM","","Squat (Barbell)",,"Form maxxing cuz ts sucks",0,"warmup",20,6,,,
"Lower","Mar 2, 2026, 7:25 PM","Mar 2, 2026, 9:20 PM","","Squat (Barbell)",,"Form maxxing cuz ts sucks",1,"warmup",60,6,,,
"Lower","Mar 2, 2026, 7:25 PM","Mar 2, 2026, 9:20 PM","","Squat (Barbell)",,"Form maxxing cuz ts sucks",2,"normal",80,6,,,
"Lower","Mar 2, 2026, 7:25 PM","Mar 2, 2026, 9:20 PM","","Squat (Barbell)",,"Form maxxing cuz ts sucks",3,"normal",90,6,,,
"Lower","Mar 2, 2026, 7:25 PM","Mar 2, 2026, 9:20 PM","","Squat (Barbell)",,"Form maxxing cuz ts sucks",4,"failure",95,4,,,
"Lower","Mar 2, 2026, 7:25 PM","Mar 2, 2026, 9:20 PM","","Romanian Deadlift (Barbell)",,"Pr and er",0,"warmup",60,6,,,
"Lower","Mar 2, 2026, 7:25 PM","Mar 2, 2026, 9:20 PM","","Romanian Deadlift (Barbell)",,"Pr and er",1,"warmup",100,4,,,
"Lower","Mar 2, 2026, 7:25 PM","Mar 2, 2026, 9:20 PM","","Romanian Deadlift (Barbell)",,"Pr and er",2,"failure",155,3,,,9
"Lower","Mar 2, 2026, 7:25 PM","Mar 2, 2026, 9:20 PM","","Romanian Deadlift (Barbell)",,"Pr and er",3,"failure",140,4,,,
"Lower","Mar 2, 2026, 7:25 PM","Mar 2, 2026, 9:20 PM","","Hip Thrust (Machine)",,"",0,"warmup",40,6,,,
"Lower","Mar 2, 2026, 7:25 PM","Mar 2, 2026, 9:20 PM","","Hip Thrust (Machine)",,"",1,"normal",60,6,,,
"Lower","Mar 2, 2026, 7:25 PM","Mar 2, 2026, 9:20 PM","","Hip Thrust (Machine)",,"",2,"failure",80,4,,,
"Lower","Mar 2, 2026, 7:25 PM","Mar 2, 2026, 9:20 PM","","Standing Calf Raise (Smith)",,"Probs best - just need to be about w joints n shit",0,"warmup",,6,,,
"Lower","Mar 2, 2026, 7:25 PM","Mar 2, 2026, 9:20 PM","","Standing Calf Raise (Smith)",,"Probs best - just need to be about w joints n shit",1,"warmup",20,6,,,
"Lower","Mar 2, 2026, 7:25 PM","Mar 2, 2026, 9:20 PM","","Standing Calf Raise (Smith)",,"Probs best - just need to be about w joints n shit",2,"normal",60,6,,,
"Lower","Mar 2, 2026, 7:25 PM","Mar 2, 2026, 9:20 PM","","Standing Calf Raise (Smith)",,"Probs best - just need to be about w joints n shit",3,"normal",80,8,,,
"Lower","Mar 2, 2026, 7:25 PM","Mar 2, 2026, 9:20 PM","","Standing Calf Raise (Smith)",,"Probs best - just need to be about w joints n shit",4,"normal",100,6,,,
"Lower","Mar 2, 2026, 7:25 PM","Mar 2, 2026, 9:20 PM","","Leg Extension (Machine)",,"Single leg calling my name",0,"normal",62.5,8,,,
"Lower","Mar 2, 2026, 7:25 PM","Mar 2, 2026, 9:20 PM","","Leg Extension (Machine)",,"Single leg calling my name",1,"normal",62.5,10,,,
"Lower","Mar 2, 2026, 7:25 PM","Mar 2, 2026, 9:20 PM","","Cable Crunch",,"Fuck knows bro",0,"normal",25,6,,,
"Lower","Mar 2, 2026, 7:25 PM","Mar 2, 2026, 9:20 PM","","Cable Crunch",,"Fuck knows bro",1,"normal",30,6,,,
"Lower","Mar 2, 2026, 7:25 PM","Mar 2, 2026, 9:20 PM","","Cable Crunch",,"Fuck knows bro",2,"normal",40,6,,,
"Pull","Mar 1, 2026, 9:32 AM","Mar 1, 2026, 10:42 AM","","Chest Supported T-bar Row",,"Up a rep 👳🏿‍♂️👳🏿‍♂️",0,"warmup",25,6,,,
"Pull","Mar 1, 2026, 9:32 AM","Mar 1, 2026, 10:42 AM","","Chest Supported T-bar Row",,"Up a rep 👳🏿‍♂️👳🏿‍♂️",1,"warmup",60,4,,,
"Pull","Mar 1, 2026, 9:32 AM","Mar 1, 2026, 10:42 AM","","Chest Supported T-bar Row",,"Up a rep 👳🏿‍♂️👳🏿‍♂️",2,"failure",75,5,,,9.5
"Pull","Mar 1, 2026, 9:32 AM","Mar 1, 2026, 10:42 AM","","Chest Supported T-bar Row",,"Up a rep 👳🏿‍♂️👳🏿‍♂️",3,"failure",70,5,,,9.5
"Pull","Mar 1, 2026, 9:32 AM","Mar 1, 2026, 10:42 AM","","Lat Pulldown (Cable)",,"Harder?",0,"warmup",50,6,,,
"Pull","Mar 1, 2026, 9:32 AM","Mar 1, 2026, 10:42 AM","","Lat Pulldown (Cable)",,"Harder?",1,"warmup",80,2,,,
"Pull","Mar 1, 2026, 9:32 AM","Mar 1, 2026, 10:42 AM","","Lat Pulldown (Cable)",,"Harder?",2,"failure",95,3,,,
"Pull","Mar 1, 2026, 9:32 AM","Mar 1, 2026, 10:42 AM","","Lat Pulldown (Cable)",,"Harder?",3,"failure",90,4,,,
"Pull","Mar 1, 2026, 9:32 AM","Mar 1, 2026, 10:42 AM","","Preacher Curl (Barbell)",,"Ez bar - probs do ts from now on, kinda hate dumbell preacher - 38kg bit too heavy, probs do 33kg top set for now",0,"warmup",8,6,,,
"Pull","Mar 1, 2026, 9:32 AM","Mar 1, 2026, 10:42 AM","","Preacher Curl (Barbell)",,"Ez bar - probs do ts from now on, kinda hate dumbell preacher - 38kg bit too heavy, probs do 33kg top set for now",1,"warmup",18,6,,,
"Pull","Mar 1, 2026, 9:32 AM","Mar 1, 2026, 10:42 AM","","Preacher Curl (Barbell)",,"Ez bar - probs do ts from now on, kinda hate dumbell preacher - 38kg bit too heavy, probs do 33kg top set for now",2,"normal",23,4,,,
"Pull","Mar 1, 2026, 9:32 AM","Mar 1, 2026, 10:42 AM","","Preacher Curl (Barbell)",,"Ez bar - probs do ts from now on, kinda hate dumbell preacher - 38kg bit too heavy, probs do 33kg top set for now",3,"normal",28,4,,,
"Pull","Mar 1, 2026, 9:32 AM","Mar 1, 2026, 10:42 AM","","Preacher Curl (Barbell)",,"Ez bar - probs do ts from now on, kinda hate dumbell preacher - 38kg bit too heavy, probs do 33kg top set for now",4,"failure",38,4,,,
"Pull","Mar 1, 2026, 9:32 AM","Mar 1, 2026, 10:42 AM","","Lat Pulldown - Close Grip (Cable)",,"",0,"failure",100,3,,,
"Pull","Mar 1, 2026, 9:32 AM","Mar 1, 2026, 10:42 AM","","Lat Pulldown - Close Grip (Cable)",,"",1,"failure",95,5,,,
"Pull","Mar 1, 2026, 9:32 AM","Mar 1, 2026, 10:42 AM","","Hammer Curl (Preacher)",,"Ig worse cuz of preacher actually needing effort",0,"failure",18,6,,,
"Pull","Mar 1, 2026, 9:32 AM","Mar 1, 2026, 10:42 AM","","Hammer Curl (Preacher)",,"Ig worse cuz of preacher actually needing effort",1,"failure",18,5,,,
"Push","Feb 27, 2026, 6:09 AM","Feb 27, 2026, 7:59 AM","","Incline Chest Press (Machine)",,"Weaker(?) but better quality sets",0,"warmup",40,6,,,
"Push","Feb 27, 2026, 6:09 AM","Feb 27, 2026, 7:59 AM","","Incline Chest Press (Machine)",,"Weaker(?) but better quality sets",1,"warmup",80,4,,,
"Push","Feb 27, 2026, 6:09 AM","Feb 27, 2026, 7:59 AM","","Incline Chest Press (Machine)",,"Weaker(?) but better quality sets",2,"failure",90,6,,,9
"Push","Feb 27, 2026, 6:09 AM","Feb 27, 2026, 7:59 AM","","Incline Chest Press (Machine)",,"Weaker(?) but better quality sets",3,"failure",85,7,,,9.5
"Push","Feb 27, 2026, 6:09 AM","Feb 27, 2026, 7:59 AM","","JM Press (Barbell)",,"More like cg bench but whatever",0,"warmup",40,6,,,
"Push","Feb 27, 2026, 6:09 AM","Feb 27, 2026, 7:59 AM","","JM Press (Barbell)",,"More like cg bench but whatever",1,"warmup",60,4,,,
"Push","Feb 27, 2026, 6:09 AM","Feb 27, 2026, 7:59 AM","","JM Press (Barbell)",,"More like cg bench but whatever",2,"failure",77.5,4,,,9
"Push","Feb 27, 2026, 6:09 AM","Feb 27, 2026, 7:59 AM","","JM Press (Barbell)",,"More like cg bench but whatever",3,"failure",70,6,,,9.5
"Push","Feb 27, 2026, 6:09 AM","Feb 27, 2026, 7:59 AM","","Shoulder Press (Machine Plates)",,"Cut the ROM to be more top half for better front delt gains",0,"warmup",40,6,,,
"Push","Feb 27, 2026, 6:09 AM","Feb 27, 2026, 7:59 AM","","Shoulder Press (Machine Plates)",,"Cut the ROM to be more top half for better front delt gains",1,"warmup",80,4,,,
"Push","Feb 27, 2026, 6:09 AM","Feb 27, 2026, 7:59 AM","","Shoulder Press (Machine Plates)",,"Cut the ROM to be more top half for better front delt gains",2,"failure",110,5,,,9.5
"Push","Feb 27, 2026, 6:09 AM","Feb 27, 2026, 7:59 AM","","Shoulder Press (Machine Plates)",,"Cut the ROM to be more top half for better front delt gains",3,"failure",100,8,,,9.5
"Push","Feb 27, 2026, 6:09 AM","Feb 27, 2026, 7:59 AM","","Chest Fly (Machine)",,"",0,"failure",50,7,,,9.5
"Push","Feb 27, 2026, 6:09 AM","Feb 27, 2026, 7:59 AM","","Chest Fly (Machine)",,"",1,"failure",47.5,5,,,9.5
"Push","Feb 27, 2026, 6:09 AM","Feb 27, 2026, 7:59 AM","","Single Arm Lateral Raise (Cable)",,"",0,"failure",5,8,,,
"Push","Feb 27, 2026, 6:09 AM","Feb 27, 2026, 7:59 AM","","Single Arm Lateral Raise (Cable)",,"",1,"failure",7.5,6,,,
"Push","Feb 27, 2026, 6:09 AM","Feb 27, 2026, 7:59 AM","","Single Arm Triceps Pushdown (Cable)",,"Aof Cuff",0,"warmup",15,6,,,
"Push","Feb 27, 2026, 6:09 AM","Feb 27, 2026, 7:59 AM","","Single Arm Triceps Pushdown (Cable)",,"Aof Cuff",1,"failure",20,5,,,9.5
"Push","Feb 27, 2026, 6:09 AM","Feb 27, 2026, 7:59 AM","","Single Arm Triceps Pushdown (Cable)",,"Aof Cuff",2,"failure",17.5,8,,,
"Lower","Feb 24, 2026, 7:01 PM","Feb 24, 2026, 7:47 PM","Actually cba","Squat (Barbell)",,"More gradual sets? - still hate ts w a passion",0,"warmup",20,6,,,
"Lower","Feb 24, 2026, 7:01 PM","Feb 24, 2026, 7:47 PM","Actually cba","Squat (Barbell)",,"More gradual sets? - still hate ts w a passion",1,"warmup",60,6,,,
"Lower","Feb 24, 2026, 7:01 PM","Feb 24, 2026, 7:47 PM","Actually cba","Squat (Barbell)",,"More gradual sets? - still hate ts w a passion",2,"warmup",80,5,,,
"Lower","Feb 24, 2026, 7:01 PM","Feb 24, 2026, 7:47 PM","Actually cba","Squat (Barbell)",,"More gradual sets? - still hate ts w a passion",3,"failure",105,3,,,
"Lower","Feb 24, 2026, 7:01 PM","Feb 24, 2026, 7:47 PM","Actually cba","Romanian Deadlift (Barbell)",,"",0,"warmup",60,6,,,
"Lower","Feb 24, 2026, 7:01 PM","Feb 24, 2026, 7:47 PM","Actually cba","Romanian Deadlift (Barbell)",,"",1,"warmup",100,4,,,
"Lower","Feb 24, 2026, 7:01 PM","Feb 24, 2026, 7:47 PM","Actually cba","Romanian Deadlift (Barbell)",,"",2,"failure",150,5,,,9.5
"Lower","Feb 24, 2026, 7:01 PM","Feb 24, 2026, 7:47 PM","Actually cba","Romanian Deadlift (Barbell)",,"",3,"failure",140,4,,,9.5
"Lower","Feb 24, 2026, 7:01 PM","Feb 24, 2026, 7:47 PM","Actually cba","Leg Extension (Machine)",,"",0,"normal",62.5,6,,,
"Lower","Feb 24, 2026, 7:01 PM","Feb 24, 2026, 7:47 PM","Actually cba","Leg Extension (Machine)",,"",1,"normal",62.5,8,,,
"Pull","Feb 23, 2026, 6:19 AM","Feb 23, 2026, 7:55 AM","","Chest Supported T-bar Row",,"Idk",0,"warmup",25,6,,,
"Pull","Feb 23, 2026, 6:19 AM","Feb 23, 2026, 7:55 AM","","Chest Supported T-bar Row",,"Idk",1,"warmup",60,4,,,
"Pull","Feb 23, 2026, 6:19 AM","Feb 23, 2026, 7:55 AM","","Chest Supported T-bar Row",,"Idk",2,"failure",75,4,,,
"Pull","Feb 23, 2026, 6:19 AM","Feb 23, 2026, 7:55 AM","","Chest Supported T-bar Row",,"Idk",3,"failure",70,6,,,
"Pull","Feb 23, 2026, 6:19 AM","Feb 23, 2026, 7:55 AM","","Lat Pulldown (Cable)",,"",0,"warmup",50,6,,,
"Pull","Feb 23, 2026, 6:19 AM","Feb 23, 2026, 7:55 AM","","Lat Pulldown (Cable)",,"",1,"warmup",80,2,,,
"Pull","Feb 23, 2026, 6:19 AM","Feb 23, 2026, 7:55 AM","","Lat Pulldown (Cable)",,"",2,"failure",95,3,,,
"Pull","Feb 23, 2026, 6:19 AM","Feb 23, 2026, 7:55 AM","","Lat Pulldown (Cable)",,"",3,"failure",90,5,,,
"Pull","Feb 23, 2026, 6:19 AM","Feb 23, 2026, 7:55 AM","","Preacher Curl (Dumbbell)",,"Just suck at ts",0,"warmup",14,6,,,
"Pull","Feb 23, 2026, 6:19 AM","Feb 23, 2026, 7:55 AM","","Preacher Curl (Dumbbell)",,"Just suck at ts",1,"failure",20,4,,,
"Pull","Feb 23, 2026, 6:19 AM","Feb 23, 2026, 7:55 AM","","Preacher Curl (Dumbbell)",,"Just suck at ts",2,"failure",18,5,,,
"Pull","Feb 23, 2026, 6:19 AM","Feb 23, 2026, 7:55 AM","","Lat Pulldown - Close Grip (Cable)",,"Ego lift",0,"failure",100,3,,,
"Pull","Feb 23, 2026, 6:19 AM","Feb 23, 2026, 7:55 AM","","Lat Pulldown - Close Grip (Cable)",,"Ego lift",1,"failure",95,4,,,
"Pull","Feb 23, 2026, 6:19 AM","Feb 23, 2026, 7:55 AM","","Hammer Curl (Preacher)",,"",0,"failure",18,7,,,
"Pull","Feb 23, 2026, 6:19 AM","Feb 23, 2026, 7:55 AM","","Hammer Curl (Preacher)",,"",1,"failure",18,4,,,
"Pull","Feb 23, 2026, 6:19 AM","Feb 23, 2026, 7:55 AM","","Bicep Curl (Cable)",,"To actually work biceps lmao",0,"normal",25,8,,,
"Pull","Feb 23, 2026, 6:19 AM","Feb 23, 2026, 7:55 AM","","Bicep Curl (Cable)",,"To actually work biceps lmao",1,"failure",27.5,7,,,
"Push","Feb 22, 2026, 10:42 AM","Feb 22, 2026, 12:16 PM","","Incline Chest Press (Machine)",,"trial for incline press movement, decent - 100kg too heavy",0,"warmup",40,6,,,
"Push","Feb 22, 2026, 10:42 AM","Feb 22, 2026, 12:16 PM","","Incline Chest Press (Machine)",,"trial for incline press movement, decent - 100kg too heavy",1,"warmup",80,6,,,
"Push","Feb 22, 2026, 10:42 AM","Feb 22, 2026, 12:16 PM","","Incline Chest Press (Machine)",,"trial for incline press movement, decent - 100kg too heavy",2,"failure",100,3,,,9.5
"Push","Feb 22, 2026, 10:42 AM","Feb 22, 2026, 12:16 PM","","Incline Chest Press (Machine)",,"trial for incline press movement, decent - 100kg too heavy",3,"failure",90,5,,,9
"Push","Feb 22, 2026, 10:42 AM","Feb 22, 2026, 12:16 PM","","Shoulder Press (Machine Plates)",,"Why hardstuck 😢",0,"warmup",40,6,,,
"Push","Feb 22, 2026, 10:42 AM","Feb 22, 2026, 12:16 PM","","Shoulder Press (Machine Plates)",,"Why hardstuck 😢",1,"warmup",80,4,,,
"Push","Feb 22, 2026, 10:42 AM","Feb 22, 2026, 12:16 PM","","Shoulder Press (Machine Plates)",,"Why hardstuck 😢",2,"failure",110,4,,,9.5
"Push","Feb 22, 2026, 10:42 AM","Feb 22, 2026, 12:16 PM","","Shoulder Press (Machine Plates)",,"Why hardstuck 😢",3,"failure",100,6,,,9.5
"Push","Feb 22, 2026, 10:42 AM","Feb 22, 2026, 12:16 PM","","JM Press (Barbell)",,"Good stuff",0,"warmup",40,6,,,
"Push","Feb 22, 2026, 10:42 AM","Feb 22, 2026, 12:16 PM","","JM Press (Barbell)",,"Good stuff",1,"failure",75,6,,,9.5
"Push","Feb 22, 2026, 10:42 AM","Feb 22, 2026, 12:16 PM","","JM Press (Barbell)",,"Good stuff",2,"failure",70,5,,,9.5
"Push","Feb 22, 2026, 10:42 AM","Feb 22, 2026, 12:16 PM","","Single Arm Lateral Raise (Cable)",,"Atp idrc about ts - tried cuffed on 2nd set (decent)",0,"failure",7.5,6,,,
"Push","Feb 22, 2026, 10:42 AM","Feb 22, 2026, 12:16 PM","","Single Arm Lateral Raise (Cable)",,"Atp idrc about ts - tried cuffed on 2nd set (decent)",1,"failure",7.5,6,,,
"Push","Feb 22, 2026, 10:42 AM","Feb 22, 2026, 12:16 PM","","Single Arm Triceps Pushdown (Cable)",,"Right arm start - diff cuff + cable + shit food yesterday could lead to it being heavier",0,"warmup",15,6,,,
"Push","Feb 22, 2026, 10:42 AM","Feb 22, 2026, 12:16 PM","","Single Arm Triceps Pushdown (Cable)",,"Right arm start - diff cuff + cable + shit food yesterday could lead to it being heavier",1,"failure",22.5,4,,,9.5
"Push","Feb 22, 2026, 10:42 AM","Feb 22, 2026, 12:16 PM","","Single Arm Triceps Pushdown (Cable)",,"Right arm start - diff cuff + cable + shit food yesterday could lead to it being heavier",2,"failure",20,5,,,9.5
"Push","Feb 22, 2026, 10:42 AM","Feb 22, 2026, 12:16 PM","","Rear Delt Reverse Fly (Cable)",,"",0,"failure",7.5,6,,,
"Push","Feb 22, 2026, 10:42 AM","Feb 22, 2026, 12:16 PM","","Chest Fly (Machine)",,"Up a rep 🧌",0,"failure",50,6,,,9.5
"Push","Feb 22, 2026, 10:42 AM","Feb 22, 2026, 12:16 PM","","Chest Fly (Machine)",,"Up a rep 🧌",1,"failure",47.5,5,,,9
"Push","Feb 22, 2026, 10:42 AM","Feb 22, 2026, 12:16 PM","","Forearm Curls (Cable)",,"ROM fears me",0,"failure",50,6,,,
"Push","Feb 22, 2026, 10:42 AM","Feb 22, 2026, 12:16 PM","","Forearm Curls (Cable)",,"ROM fears me",1,"failure",45,8,,,
"Failed deadlifts + backshot machine","Feb 20, 2026, 11:19 AM","Feb 20, 2026, 12:19 PM","Awful","Deadlift (Barbell)",,"Tight ass belt - failed 200 and 190 😢 - it actually feels like ive been pegged so hard in the ass",0,"warmup",60,4,,,
"Failed deadlifts + backshot machine","Feb 20, 2026, 11:19 AM","Feb 20, 2026, 12:19 PM","Awful","Deadlift (Barbell)",,"Tight ass belt - failed 200 and 190 😢 - it actually feels like ive been pegged so hard in the ass",1,"warmup",100,4,,,
"Failed deadlifts + backshot machine","Feb 20, 2026, 11:19 AM","Feb 20, 2026, 12:19 PM","Awful","Deadlift (Barbell)",,"Tight ass belt - failed 200 and 190 😢 - it actually feels like ive been pegged so hard in the ass",2,"warmup",140,1,,,
"Failed deadlifts + backshot machine","Feb 20, 2026, 11:19 AM","Feb 20, 2026, 12:19 PM","Awful","Deadlift (Barbell)",,"Tight ass belt - failed 200 and 190 😢 - it actually feels like ive been pegged so hard in the ass",3,"normal",160,1,,,7
"Failed deadlifts + backshot machine","Feb 20, 2026, 11:19 AM","Feb 20, 2026, 12:19 PM","Awful","Hip Thrust (Machine)",,"",0,"normal",,8,,,
"Failed deadlifts + backshot machine","Feb 20, 2026, 11:19 AM","Feb 20, 2026, 12:19 PM","Awful","Hip Thrust (Machine)",,"",1,"normal",20,6,,,
"Failed deadlifts + backshot machine","Feb 20, 2026, 11:19 AM","Feb 20, 2026, 12:19 PM","Awful","Hip Thrust (Machine)",,"",2,"normal",40,6,,,
"Failed deadlifts + backshot machine","Feb 20, 2026, 11:19 AM","Feb 20, 2026, 12:19 PM","Awful","Hip Thrust (Machine)",,"",3,"normal",60,6,,,8
"Push","Feb 19, 2026, 6:14 AM","Feb 19, 2026, 7:51 AM","Lack of shirt is concerning","Incline Bench Press (Dumbbell)",,"Blew up the disabled toilets - might just try egolify 40 to force prog",0,"warmup",22,6,,,
"Push","Feb 19, 2026, 6:14 AM","Feb 19, 2026, 7:51 AM","Lack of shirt is concerning","Incline Bench Press (Dumbbell)",,"Blew up the disabled toilets - might just try egolify 40 to force prog",1,"warmup",30,4,,,
"Push","Feb 19, 2026, 6:14 AM","Feb 19, 2026, 7:51 AM","Lack of shirt is concerning","Incline Bench Press (Dumbbell)",,"Blew up the disabled toilets - might just try egolify 40 to force prog",2,"failure",38,5,,,9.5
"Push","Feb 19, 2026, 6:14 AM","Feb 19, 2026, 7:51 AM","Lack of shirt is concerning","Incline Bench Press (Dumbbell)",,"Blew up the disabled toilets - might just try egolify 40 to force prog",3,"failure",36,6,,,9
"Push","Feb 19, 2026, 6:14 AM","Feb 19, 2026, 7:51 AM","Lack of shirt is concerning","JM Press (Barbell)",,"",0,"warmup",40,6,,,
"Push","Feb 19, 2026, 6:14 AM","Feb 19, 2026, 7:51 AM","Lack of shirt is concerning","JM Press (Barbell)",,"",1,"failure",75,5,,,9.5
"Push","Feb 19, 2026, 6:14 AM","Feb 19, 2026, 7:51 AM","Lack of shirt is concerning","JM Press (Barbell)",,"",2,"failure",70,5,,,9.5
"Push","Feb 19, 2026, 6:14 AM","Feb 19, 2026, 7:51 AM","Lack of shirt is concerning","Shoulder Press (Machine Plates)",,"Hardstuck!!! - breathing kinda an issue for some reason",0,"warmup",40,6,,,
"Push","Feb 19, 2026, 6:14 AM","Feb 19, 2026, 7:51 AM","Lack of shirt is concerning","Shoulder Press (Machine Plates)",,"Hardstuck!!! - breathing kinda an issue for some reason",1,"warmup",80,4,,,
"Push","Feb 19, 2026, 6:14 AM","Feb 19, 2026, 7:51 AM","Lack of shirt is concerning","Shoulder Press (Machine Plates)",,"Hardstuck!!! - breathing kinda an issue for some reason",2,"failure",115,3,,,9.5
"Push","Feb 19, 2026, 6:14 AM","Feb 19, 2026, 7:51 AM","Lack of shirt is concerning","Shoulder Press (Machine Plates)",,"Hardstuck!!! - breathing kinda an issue for some reason",3,"failure",110,4,,,9
"Push","Feb 19, 2026, 6:14 AM","Feb 19, 2026, 7:51 AM","Lack of shirt is concerning","Single Arm Lateral Raise (Cable)",,"Jesus",0,"failure",7.5,6,,,
"Push","Feb 19, 2026, 6:14 AM","Feb 19, 2026, 7:51 AM","Lack of shirt is concerning","Single Arm Lateral Raise (Cable)",,"Jesus",1,"failure",7.5,6,,,
"Push","Feb 19, 2026, 6:14 AM","Feb 19, 2026, 7:51 AM","Lack of shirt is concerning","Single Arm Triceps Pushdown (Cable)",,"Starting w right cuz weaker",0,"warmup",15,6,,,
"Push","Feb 19, 2026, 6:14 AM","Feb 19, 2026, 7:51 AM","Lack of shirt is concerning","Single Arm Triceps Pushdown (Cable)",,"Starting w right cuz weaker",1,"failure",22.5,5,,,9.5
"Push","Feb 19, 2026, 6:14 AM","Feb 19, 2026, 7:51 AM","Lack of shirt is concerning","Single Arm Triceps Pushdown (Cable)",,"Starting w right cuz weaker",2,"failure",20,8,,,9
"Push","Feb 19, 2026, 6:14 AM","Feb 19, 2026, 7:51 AM","Lack of shirt is concerning","Chest Fly (Machine)",,"",0,"failure",50,5,,,9.5
"Push","Feb 19, 2026, 6:14 AM","Feb 19, 2026, 7:51 AM","Lack of shirt is concerning","Chest Fly (Machine)",,"",1,"failure",47.5,5,,,9
"Lower","Feb 17, 2026, 6:27 AM","Feb 17, 2026, 7:31 AM","","Leg Press (Machine)",,"Pendulum - technogym",0,"warmup",40,6,,,
"Lower","Feb 17, 2026, 6:27 AM","Feb 17, 2026, 7:31 AM","","Leg Press (Machine)",,"Pendulum - technogym",1,"warmup",120,8,,,
"Lower","Feb 17, 2026, 6:27 AM","Feb 17, 2026, 7:31 AM","","Leg Press (Machine)",,"Pendulum - technogym",2,"normal",160,6,,,
"Lower","Feb 17, 2026, 6:27 AM","Feb 17, 2026, 7:31 AM","","Leg Press (Machine)",,"Pendulum - technogym",3,"failure",200,6,,,
"Lower","Feb 17, 2026, 6:27 AM","Feb 17, 2026, 7:31 AM","","Romanian Deadlift (Barbell)",,"Progress is yummers",0,"warmup",60,6,,,
"Lower","Feb 17, 2026, 6:27 AM","Feb 17, 2026, 7:31 AM","","Romanian Deadlift (Barbell)",,"Progress is yummers",1,"warmup",100,4,,,
"Lower","Feb 17, 2026, 6:27 AM","Feb 17, 2026, 7:31 AM","","Romanian Deadlift (Barbell)",,"Progress is yummers",2,"failure",150,5,,,9.5
"Lower","Feb 17, 2026, 6:27 AM","Feb 17, 2026, 7:31 AM","","Romanian Deadlift (Barbell)",,"Progress is yummers",3,"failure",140,4,,,9.5
"Lower","Feb 17, 2026, 6:27 AM","Feb 17, 2026, 7:31 AM","","Calf Press (Machine)",,"WFF needs to have a heavier warmup - rom could probs do with some work",0,"warmup",100,8,,,
"Lower","Feb 17, 2026, 6:27 AM","Feb 17, 2026, 7:31 AM","","Calf Press (Machine)",,"WFF needs to have a heavier warmup - rom could probs do with some work",1,"warmup",160,8,,,
"Lower","Feb 17, 2026, 6:27 AM","Feb 17, 2026, 7:31 AM","","Calf Press (Machine)",,"WFF needs to have a heavier warmup - rom could probs do with some work",2,"failure",200,8,,,
"Lower","Feb 17, 2026, 6:27 AM","Feb 17, 2026, 7:31 AM","","Calf Press (Machine)",,"WFF needs to have a heavier warmup - rom could probs do with some work",3,"normal",190,8,,,
"Lower","Feb 17, 2026, 6:27 AM","Feb 17, 2026, 7:31 AM","","Leg Extension (Machine)",,"",0,"failure",62.5,8,,,
"Lower","Feb 17, 2026, 6:27 AM","Feb 17, 2026, 7:31 AM","","Leg Extension (Machine)",,"",1,"normal",62.5,8,,,
"Lower","Feb 17, 2026, 6:27 AM","Feb 17, 2026, 7:31 AM","","Cable Crunch",,"Testing new core excercise - no heavy cables available",0,"normal",25,6,,,
"Pull","Feb 16, 2026, 7:23 PM","Feb 16, 2026, 8:57 PM","","Chest Supported T-bar Row",,"Good stuff",0,"warmup",25,6,,,
"Pull","Feb 16, 2026, 7:23 PM","Feb 16, 2026, 8:57 PM","","Chest Supported T-bar Row",,"Good stuff",1,"warmup",60,4,,,
"Pull","Feb 16, 2026, 7:23 PM","Feb 16, 2026, 8:57 PM","","Chest Supported T-bar Row",,"Good stuff",2,"failure",72.5,7,,,
"Pull","Feb 16, 2026, 7:23 PM","Feb 16, 2026, 8:57 PM","","Chest Supported T-bar Row",,"Good stuff",3,"failure",70,6,,,
"Pull","Feb 16, 2026, 7:23 PM","Feb 16, 2026, 8:57 PM","","Lat Pulldown (Cable)",,"Ego lift",0,"warmup",50,6,,,
"Pull","Feb 16, 2026, 7:23 PM","Feb 16, 2026, 8:57 PM","","Lat Pulldown (Cable)",,"Ego lift",1,"warmup",80,2,,,
"Pull","Feb 16, 2026, 7:23 PM","Feb 16, 2026, 8:57 PM","","Lat Pulldown (Cable)",,"Ego lift",2,"failure",95,3,,,
"Pull","Feb 16, 2026, 7:23 PM","Feb 16, 2026, 8:57 PM","","Lat Pulldown (Cable)",,"Ego lift",3,"failure",90,5,,,
"Pull","Feb 16, 2026, 7:23 PM","Feb 16, 2026, 8:57 PM","","Preacher Curl (Dumbbell)",,"Start with right next time, its weaker?",0,"warmup",14,6,,,
"Pull","Feb 16, 2026, 7:23 PM","Feb 16, 2026, 8:57 PM","","Preacher Curl (Dumbbell)",,"Start with right next time, its weaker?",1,"failure",20,4,,,
"Pull","Feb 16, 2026, 7:23 PM","Feb 16, 2026, 8:57 PM","","Preacher Curl (Dumbbell)",,"Start with right next time, its weaker?",2,"failure",18,5,,,
"Pull","Feb 16, 2026, 7:23 PM","Feb 16, 2026, 8:57 PM","","Lat Pulldown - Close Grip (Cable)",,"",0,"failure",95,6,,,
"Pull","Feb 16, 2026, 7:23 PM","Feb 16, 2026, 8:57 PM","","Lat Pulldown - Close Grip (Cable)",,"",1,"failure",90,7,,,
"Pull","Feb 16, 2026, 7:23 PM","Feb 16, 2026, 8:57 PM","","Reverse Curl (Barbell)",,"",0,"warmup",20,6,,,
"Pull","Feb 16, 2026, 7:23 PM","Feb 16, 2026, 8:57 PM","","Reverse Curl (Barbell)",,"",1,"failure",40,4,,,
"Pull","Feb 16, 2026, 7:23 PM","Feb 16, 2026, 8:57 PM","","Reverse Curl (Barbell)",,"",2,"failure",35,8,,,
"Push","Feb 15, 2026, 10:06 AM","Feb 15, 2026, 12:05 PM","","Bench Press (Barbell)",,"88kg bw - failed 105kg",0,"warmup",20,6,,,
"Push","Feb 15, 2026, 10:06 AM","Feb 15, 2026, 12:05 PM","","Bench Press (Barbell)",,"88kg bw - failed 105kg",1,"warmup",60,4,,,
"Push","Feb 15, 2026, 10:06 AM","Feb 15, 2026, 12:05 PM","","Bench Press (Barbell)",,"88kg bw - failed 105kg",2,"normal",80,2,,,
"Push","Feb 15, 2026, 10:06 AM","Feb 15, 2026, 12:05 PM","","Bench Press (Barbell)",,"88kg bw - failed 105kg",3,"normal",90,1,,,8
"Push","Feb 15, 2026, 10:06 AM","Feb 15, 2026, 12:05 PM","","Bench Press (Barbell)",,"88kg bw - failed 105kg",4,"normal",100,1,,,9
"Push","Feb 15, 2026, 10:06 AM","Feb 15, 2026, 12:05 PM","","JM Press (Barbell)",,"",0,"warmup",40,6,,,
"Push","Feb 15, 2026, 10:06 AM","Feb 15, 2026, 12:05 PM","","JM Press (Barbell)",,"",1,"failure",75,4,,,
"Push","Feb 15, 2026, 10:06 AM","Feb 15, 2026, 12:05 PM","","JM Press (Barbell)",,"",2,"failure",70,4,,,
"Push","Feb 15, 2026, 10:06 AM","Feb 15, 2026, 12:05 PM","","Shoulder Press (Machine Plates)",,"Bench ruined shoulders",0,"warmup",40,6,,,
"Push","Feb 15, 2026, 10:06 AM","Feb 15, 2026, 12:05 PM","","Shoulder Press (Machine Plates)",,"Bench ruined shoulders",1,"warmup",80,4,,,
"Push","Feb 15, 2026, 10:06 AM","Feb 15, 2026, 12:05 PM","","Shoulder Press (Machine Plates)",,"Bench ruined shoulders",2,"failure",115,3,,,9.5
"Push","Feb 15, 2026, 10:06 AM","Feb 15, 2026, 12:05 PM","","Shoulder Press (Machine Plates)",,"Bench ruined shoulders",3,"failure",110,4,,,9.5
"Push","Feb 15, 2026, 10:06 AM","Feb 15, 2026, 12:05 PM","","Single Arm Lateral Raise (Cable)",,"",0,"failure",7.5,6,,,
"Push","Feb 15, 2026, 10:06 AM","Feb 15, 2026, 12:05 PM","","Single Arm Lateral Raise (Cable)",,"",1,"failure",7.5,7,,,
"Push","Feb 15, 2026, 10:06 AM","Feb 15, 2026, 12:05 PM","","Rear Delt Reverse Fly (Cable)",,"",0,"failure",7.5,6,,,
"Push","Feb 15, 2026, 10:06 AM","Feb 15, 2026, 12:05 PM","","Rear Delt Reverse Fly (Cable)",,"",1,"failure",7.5,7,,,
"Push","Feb 15, 2026, 10:06 AM","Feb 15, 2026, 12:05 PM","","Single Arm Triceps Pushdown (Cable)",,"",0,"warmup",15,6,,,
"Push","Feb 15, 2026, 10:06 AM","Feb 15, 2026, 12:05 PM","","Single Arm Triceps Pushdown (Cable)",,"",1,"failure",22.5,4,,,
"Push","Feb 15, 2026, 10:06 AM","Feb 15, 2026, 12:05 PM","","Single Arm Triceps Pushdown (Cable)",,"",2,"failure",17.5,8,,,
"Push","Feb 15, 2026, 10:06 AM","Feb 15, 2026, 12:05 PM","","Chest Fly (Machine)",,"Up a rep 👽",0,"failure",50,5,,,
"Push","Feb 15, 2026, 10:06 AM","Feb 15, 2026, 12:05 PM","","Chest Fly (Machine)",,"Up a rep 👽",1,"failure",47.5,5,,,
"Push","Feb 15, 2026, 10:06 AM","Feb 15, 2026, 12:05 PM","","Forearm Curls (Cable)",,"",0,"normal",30,8,,,
"Push","Feb 15, 2026, 10:06 AM","Feb 15, 2026, 12:05 PM","","Forearm Curls (Cable)",,"",1,"failure",45,8,,,
"Lower","Feb 13, 2026, 1:15 PM","Feb 13, 2026, 2:26 PM","","Squat (Barbell)",,"Im weaker",0,"warmup",20,6,,,
"Lower","Feb 13, 2026, 1:15 PM","Feb 13, 2026, 2:26 PM","","Squat (Barbell)",,"Im weaker",1,"warmup",60,6,,,
"Lower","Feb 13, 2026, 1:15 PM","Feb 13, 2026, 2:26 PM","","Squat (Barbell)",,"Im weaker",2,"warmup",90,4,,,
"Lower","Feb 13, 2026, 1:15 PM","Feb 13, 2026, 2:26 PM","","Squat (Barbell)",,"Im weaker",3,"failure",105,3,,,9.5
"Lower","Feb 13, 2026, 1:15 PM","Feb 13, 2026, 2:26 PM","","Romanian Deadlift (Barbell)",,"Good",0,"warmup",60,6,,,
"Lower","Feb 13, 2026, 1:15 PM","Feb 13, 2026, 2:26 PM","","Romanian Deadlift (Barbell)",,"Good",1,"warmup",100,4,,,
"Lower","Feb 13, 2026, 1:15 PM","Feb 13, 2026, 2:26 PM","","Romanian Deadlift (Barbell)",,"Good",2,"failure",150,4,,,9.5
"Lower","Feb 13, 2026, 1:15 PM","Feb 13, 2026, 2:26 PM","","Romanian Deadlift (Barbell)",,"Good",3,"failure",140,4,,,9
"Lower","Feb 13, 2026, 1:15 PM","Feb 13, 2026, 2:26 PM","","Leg Extension (Machine)",,"",0,"normal",62.5,10,,,
"Lower","Feb 13, 2026, 1:15 PM","Feb 13, 2026, 2:26 PM","","Leg Extension (Machine)",,"",1,"normal",62.5,10,,,
"Lower","Feb 13, 2026, 1:15 PM","Feb 13, 2026, 2:26 PM","","Decline Sit Ups",,"",0,"warmup",30,6,,,
"Lower","Feb 13, 2026, 1:15 PM","Feb 13, 2026, 2:26 PM","","Decline Sit Ups",,"",1,"failure",45,6,,,
"Lower","Feb 13, 2026, 1:15 PM","Feb 13, 2026, 2:26 PM","","Decline Sit Ups",,"",2,"failure",40,8,,,
"Pull","Feb 12, 2026, 11:34 AM","Feb 12, 2026, 1:26 PM","","Lat Pulldown (Cable)",,"Up a rep",0,"warmup",50,6,,,
"Pull","Feb 12, 2026, 11:34 AM","Feb 12, 2026, 1:26 PM","","Lat Pulldown (Cable)",,"Up a rep",1,"warmup",80,2,,,
"Pull","Feb 12, 2026, 11:34 AM","Feb 12, 2026, 1:26 PM","","Lat Pulldown (Cable)",,"Up a rep",2,"failure",90,6,,,
"Pull","Feb 12, 2026, 11:34 AM","Feb 12, 2026, 1:26 PM","","Lat Pulldown (Cable)",,"Up a rep",3,"failure",85,6,,,
"Pull","Feb 12, 2026, 11:34 AM","Feb 12, 2026, 1:26 PM","","Chest Supported T-bar Row",,"Decent",0,"warmup",25,6,,,
"Pull","Feb 12, 2026, 11:34 AM","Feb 12, 2026, 1:26 PM","","Chest Supported T-bar Row",,"Decent",1,"warmup",60,4,,,
"Pull","Feb 12, 2026, 11:34 AM","Feb 12, 2026, 1:26 PM","","Chest Supported T-bar Row",,"Decent",2,"failure",70,6,,,
"Pull","Feb 12, 2026, 11:34 AM","Feb 12, 2026, 1:26 PM","","Chest Supported T-bar Row",,"Decent",3,"failure",65,8,,,
"Pull","Feb 12, 2026, 11:34 AM","Feb 12, 2026, 1:26 PM","","Preacher Curl (Dumbbell)",,"W up",0,"warmup",14,6,,,
"Pull","Feb 12, 2026, 11:34 AM","Feb 12, 2026, 1:26 PM","","Preacher Curl (Dumbbell)",,"W up",1,"failure",18,7,,,
"Pull","Feb 12, 2026, 11:34 AM","Feb 12, 2026, 1:26 PM","","Preacher Curl (Dumbbell)",,"W up",2,"failure",16,8,,,
"Pull","Feb 12, 2026, 11:34 AM","Feb 12, 2026, 1:26 PM","","Lat Pulldown - Close Grip (Cable)",,"",0,"failure",95,5,,,
"Pull","Feb 12, 2026, 11:34 AM","Feb 12, 2026, 1:26 PM","","Lat Pulldown - Close Grip (Cable)",,"",1,"failure",90,6,,,
"Pull","Feb 12, 2026, 11:34 AM","Feb 12, 2026, 1:26 PM","","Hammer Curl (Preacher)",,"",0,"warmup",14,6,,,
"Pull","Feb 12, 2026, 11:34 AM","Feb 12, 2026, 1:26 PM","","Hammer Curl (Preacher)",,"",1,"failure",18,6,,,
"Pull","Feb 12, 2026, 11:34 AM","Feb 12, 2026, 1:26 PM","","Hammer Curl (Preacher)",,"",2,"failure",16,8,,,
"Push","Feb 11, 2026, 7:13 PM","Feb 11, 2026, 9:02 PM","","Bench Press (Barbell)",,"",0,"warmup",20,6,,,
"Push","Feb 11, 2026, 7:13 PM","Feb 11, 2026, 9:02 PM","","Bench Press (Barbell)",,"",1,"warmup",60,6,,,
"Push","Feb 11, 2026, 7:13 PM","Feb 11, 2026, 9:02 PM","","Bench Press (Barbell)",,"",2,"warmup",80,3,,,
"Push","Feb 11, 2026, 7:13 PM","Feb 11, 2026, 9:02 PM","","Bench Press (Barbell)",,"",3,"failure",92.5,3,,,9
"Push","Feb 11, 2026, 7:13 PM","Feb 11, 2026, 9:02 PM","","Bench Press (Barbell)",,"",4,"failure",90,4,,,9
"Push","Feb 11, 2026, 7:13 PM","Feb 11, 2026, 9:02 PM","","JM Press (Barbell)",,"",0,"warmup",10,6,,,
"Push","Feb 11, 2026, 7:13 PM","Feb 11, 2026, 9:02 PM","","JM Press (Barbell)",,"",1,"warmup",40,6,,,
"Push","Feb 11, 2026, 7:13 PM","Feb 11, 2026, 9:02 PM","","JM Press (Barbell)",,"",2,"failure",70,6,,,
"Push","Feb 11, 2026, 7:13 PM","Feb 11, 2026, 9:02 PM","","Shoulder Press (Dumbbell)",,"Per arm",0,"warmup",20,4,,,
"Push","Feb 11, 2026, 7:13 PM","Feb 11, 2026, 9:02 PM","","Shoulder Press (Dumbbell)",,"Per arm",1,"warmup",26,4,,,
"Push","Feb 11, 2026, 7:13 PM","Feb 11, 2026, 9:02 PM","","Shoulder Press (Dumbbell)",,"Per arm",2,"failure",30,4,,,9.5
"Push","Feb 11, 2026, 7:13 PM","Feb 11, 2026, 9:02 PM","","Shoulder Press (Dumbbell)",,"Per arm",3,"failure",28,5,,,9
"Push","Feb 11, 2026, 7:13 PM","Feb 11, 2026, 9:02 PM","","Single Arm Lateral Raise (Cable)",,"",0,"failure",7.5,6,,,
"Push","Feb 11, 2026, 7:13 PM","Feb 11, 2026, 9:02 PM","","Single Arm Lateral Raise (Cable)",,"",1,"failure",7.5,6,,,
"Push","Feb 11, 2026, 7:13 PM","Feb 11, 2026, 9:02 PM","","Rear Delt Reverse Fly (Cable)",,"",0,"normal",7.5,6,,,
"Push","Feb 11, 2026, 7:13 PM","Feb 11, 2026, 9:02 PM","","Rear Delt Reverse Fly (Cable)",,"",1,"failure",10,4,,,
"Push","Feb 11, 2026, 7:13 PM","Feb 11, 2026, 9:02 PM","","Single Arm Triceps Pushdown (Cable)",,"Cuff on wrist",0,"warmup",17.5,6,,,
"Push","Feb 11, 2026, 7:13 PM","Feb 11, 2026, 9:02 PM","","Single Arm Triceps Pushdown (Cable)",,"Cuff on wrist",1,"failure",20,5,,,
"Push","Feb 11, 2026, 7:13 PM","Feb 11, 2026, 9:02 PM","","Forearm Curls (Cable)",,"Cable bottom",0,"normal",25,15,,,
"Push","Feb 11, 2026, 7:13 PM","Feb 11, 2026, 9:02 PM","","Forearm Curls (Cable)",,"Cable bottom",1,"normal",25,15,,,
"Pull","Feb 9, 2026, 1:40 PM","Feb 9, 2026, 2:40 PM","Substituted literally every exercise lmao","Bent Over Row (Barbell)",,"Limiting factor is balance",0,"warmup",20,8,,,
"Pull","Feb 9, 2026, 1:40 PM","Feb 9, 2026, 2:40 PM","Substituted literally every exercise lmao","Bent Over Row (Barbell)",,"Limiting factor is balance",1,"warmup",50,6,,,
"Pull","Feb 9, 2026, 1:40 PM","Feb 9, 2026, 2:40 PM","Substituted literally every exercise lmao","Bent Over Row (Barbell)",,"Limiting factor is balance",2,"normal",60,8,,,
"Pull","Feb 9, 2026, 1:40 PM","Feb 9, 2026, 2:40 PM","Substituted literally every exercise lmao","Bent Over Row (Barbell)",,"Limiting factor is balance",3,"normal",70,6,,,
"Pull","Feb 9, 2026, 1:40 PM","Feb 9, 2026, 2:40 PM","Substituted literally every exercise lmao","Bent Over Row (Barbell)",,"Limiting factor is balance",4,"normal",80,6,,,
"Pull","Feb 9, 2026, 1:40 PM","Feb 9, 2026, 2:40 PM","Substituted literally every exercise lmao","Pull Up",,"Every single pulldown is taken 🥀",0,"normal",,6,,,
"Pull","Feb 9, 2026, 1:40 PM","Feb 9, 2026, 2:40 PM","Substituted literally every exercise lmao","Pull Up",,"Every single pulldown is taken 🥀",1,"failure",,6,,,
"Pull","Feb 9, 2026, 1:40 PM","Feb 9, 2026, 2:40 PM","Substituted literally every exercise lmao","Bicep Curl (Cable)",,"Straight bar",0,"warmup",15,6,,,
"Pull","Feb 9, 2026, 1:40 PM","Feb 9, 2026, 2:40 PM","Substituted literally every exercise lmao","Bicep Curl (Cable)",,"Straight bar",1,"normal",20,6,,,
"Pull","Feb 9, 2026, 1:40 PM","Feb 9, 2026, 2:40 PM","Substituted literally every exercise lmao","Bicep Curl (Cable)",,"Straight bar",2,"normal",27.5,6,,,
"Pull","Feb 9, 2026, 1:40 PM","Feb 9, 2026, 2:40 PM","Substituted literally every exercise lmao","Bicep Curl (Cable)",,"Straight bar",3,"failure",35,4,,,
"Pull","Feb 9, 2026, 1:40 PM","Feb 9, 2026, 2:40 PM","Substituted literally every exercise lmao","Chin Up",,"Closer grip",0,"normal",,6,,,
"Pull","Feb 9, 2026, 1:40 PM","Feb 9, 2026, 2:40 PM","Substituted literally every exercise lmao","Chin Up",,"Closer grip",1,"failure",,6,,,
"Pull","Feb 9, 2026, 1:40 PM","Feb 9, 2026, 2:40 PM","Substituted literally every exercise lmao","Reverse Curl (Barbell)",,"Swing merchant - straight up inferior excercise imo",0,"warmup",20,4,,,
"Pull","Feb 9, 2026, 1:40 PM","Feb 9, 2026, 2:40 PM","Substituted literally every exercise lmao","Reverse Curl (Barbell)",,"Swing merchant - straight up inferior excercise imo",1,"failure",35,6,,,
"Pull","Feb 9, 2026, 1:40 PM","Feb 9, 2026, 2:40 PM","Substituted literally every exercise lmao","Reverse Curl (Barbell)",,"Swing merchant - straight up inferior excercise imo",2,"failure",30,9,,,
"Push","Feb 8, 2026, 1:24 PM","Feb 8, 2026, 2:41 PM","","Incline Bench Press (Dumbbell)",,"I hate being ill",0,"warmup",30,6,,,
"Push","Feb 8, 2026, 1:24 PM","Feb 8, 2026, 2:41 PM","","Incline Bench Press (Dumbbell)",,"I hate being ill",1,"failure",38,5,,,9.5
"Push","Feb 8, 2026, 1:24 PM","Feb 8, 2026, 2:41 PM","","Incline Bench Press (Dumbbell)",,"I hate being ill",2,"failure",36,6,,,
"Push","Feb 8, 2026, 1:24 PM","Feb 8, 2026, 2:41 PM","","Single Arm Lateral Raise (Cable)",,"Poseidon took control of my butthole",0,"warmup",3.75,6,,,
"Push","Feb 8, 2026, 1:24 PM","Feb 8, 2026, 2:41 PM","","Single Arm Lateral Raise (Cable)",,"Poseidon took control of my butthole",1,"failure",7.5,6,,,
"Push","Feb 8, 2026, 1:24 PM","Feb 8, 2026, 2:41 PM","","Shoulder Press (Machine Plates)",,"Matched ig",0,"warmup",40,6,,,
"Push","Feb 8, 2026, 1:24 PM","Feb 8, 2026, 2:41 PM","","Shoulder Press (Machine Plates)",,"Matched ig",1,"warmup",80,4,,,
"Push","Feb 8, 2026, 1:24 PM","Feb 8, 2026, 2:41 PM","","Shoulder Press (Machine Plates)",,"Matched ig",2,"failure",115,4,,,9.5
"Push","Feb 8, 2026, 1:24 PM","Feb 8, 2026, 2:41 PM","","Shoulder Press (Machine Plates)",,"Matched ig",3,"failure",110,5,,,9.5
"Push","Feb 8, 2026, 1:24 PM","Feb 8, 2026, 2:41 PM","","JM Press (Barbell)",,"",0,"warmup",20,6,,,
"Push","Feb 8, 2026, 1:24 PM","Feb 8, 2026, 2:41 PM","","JM Press (Barbell)",,"",1,"warmup",40,6,,,
"Push","Feb 8, 2026, 1:24 PM","Feb 8, 2026, 2:41 PM","","JM Press (Barbell)",,"",2,"failure",70,4,,,
"Push","Feb 8, 2026, 1:24 PM","Feb 8, 2026, 2:41 PM","","JM Press (Barbell)",,"",3,"failure",60,6,,,
"Push","Feb 8, 2026, 1:24 PM","Feb 8, 2026, 2:41 PM","","Reverse Fly Single Arm (Cable)",,"",0,"warmup",5,6,,,
"Push","Feb 8, 2026, 1:24 PM","Feb 8, 2026, 2:41 PM","","Reverse Fly Single Arm (Cable)",,"",1,"failure",7.5,8,,,
"Push","Feb 8, 2026, 1:24 PM","Feb 8, 2026, 2:41 PM","","Single Arm Triceps Pushdown (Cable)",,"With a cuff - testing excercise",0,"warmup",10,6,,,
"Push","Feb 8, 2026, 1:24 PM","Feb 8, 2026, 2:41 PM","","Single Arm Triceps Pushdown (Cable)",,"With a cuff - testing excercise",1,"warmup",15,6,,,
"Push","Feb 8, 2026, 1:24 PM","Feb 8, 2026, 2:41 PM","","Single Arm Triceps Pushdown (Cable)",,"With a cuff - testing excercise",2,"warmup",20,8,,,
"Push","Feb 8, 2026, 1:24 PM","Feb 8, 2026, 2:41 PM","","Single Arm Triceps Pushdown (Cable)",,"With a cuff - testing excercise",3,"failure",25,5,,,
"Push","Feb 8, 2026, 1:24 PM","Feb 8, 2026, 2:41 PM","","Chest Fly (Machine)",,"",0,"warmup",40,4,,,
"Push","Feb 8, 2026, 1:24 PM","Feb 8, 2026, 2:41 PM","","Chest Fly (Machine)",,"",1,"failure",50,4,,,
"Deadlifts + Pull-ish","Feb 7, 2026, 11:57 AM","Feb 7, 2026, 1:25 PM","W pr while being double nerfed + rolling my fucking ankle","Deadlift (Barbell)",,"The shit curse overtook me, had the most diabolical fart mid warmup - tbh like rpe 7-8 on 180kg, belt kinda loose icl",0,"warmup",60,4,,,
"Deadlifts + Pull-ish","Feb 7, 2026, 11:57 AM","Feb 7, 2026, 1:25 PM","W pr while being double nerfed + rolling my fucking ankle","Deadlift (Barbell)",,"The shit curse overtook me, had the most diabolical fart mid warmup - tbh like rpe 7-8 on 180kg, belt kinda loose icl",1,"warmup",100,4,,,
"Deadlifts + Pull-ish","Feb 7, 2026, 11:57 AM","Feb 7, 2026, 1:25 PM","W pr while being double nerfed + rolling my fucking ankle","Deadlift (Barbell)",,"The shit curse overtook me, had the most diabolical fart mid warmup - tbh like rpe 7-8 on 180kg, belt kinda loose icl",2,"warmup",140,1,,,
"Deadlifts + Pull-ish","Feb 7, 2026, 11:57 AM","Feb 7, 2026, 1:25 PM","W pr while being double nerfed + rolling my fucking ankle","Deadlift (Barbell)",,"The shit curse overtook me, had the most diabolical fart mid warmup - tbh like rpe 7-8 on 180kg, belt kinda loose icl",3,"normal",160,1,,,
"Deadlifts + Pull-ish","Feb 7, 2026, 11:57 AM","Feb 7, 2026, 1:25 PM","W pr while being double nerfed + rolling my fucking ankle","Deadlift (Barbell)",,"The shit curse overtook me, had the most diabolical fart mid warmup - tbh like rpe 7-8 on 180kg, belt kinda loose icl",4,"normal",180,1,,,8
"Deadlifts + Pull-ish","Feb 7, 2026, 11:57 AM","Feb 7, 2026, 1:25 PM","W pr while being double nerfed + rolling my fucking ankle","Lat Pulldown (Cable)",,"",0,"warmup",50,8,,,
"Deadlifts + Pull-ish","Feb 7, 2026, 11:57 AM","Feb 7, 2026, 1:25 PM","W pr while being double nerfed + rolling my fucking ankle","Lat Pulldown (Cable)",,"",1,"failure",90,5,,,
"Deadlifts + Pull-ish","Feb 7, 2026, 11:57 AM","Feb 7, 2026, 1:25 PM","W pr while being double nerfed + rolling my fucking ankle","Lat Pulldown (Cable)",,"",2,"failure",85,6,,,
"Deadlifts + Pull-ish","Feb 7, 2026, 11:57 AM","Feb 7, 2026, 1:25 PM","W pr while being double nerfed + rolling my fucking ankle","Chest Supported T-bar Row",,"Drop weight cuz form still iffy - me no like machine?",0,"warmup",25,6,,,
"Deadlifts + Pull-ish","Feb 7, 2026, 11:57 AM","Feb 7, 2026, 1:25 PM","W pr while being double nerfed + rolling my fucking ankle","Chest Supported T-bar Row",,"Drop weight cuz form still iffy - me no like machine?",1,"warmup",50,6,,,
"Deadlifts + Pull-ish","Feb 7, 2026, 11:57 AM","Feb 7, 2026, 1:25 PM","W pr while being double nerfed + rolling my fucking ankle","Chest Supported T-bar Row",,"Drop weight cuz form still iffy - me no like machine?",2,"failure",70,5,,,
"Deadlifts + Pull-ish","Feb 7, 2026, 11:57 AM","Feb 7, 2026, 1:25 PM","W pr while being double nerfed + rolling my fucking ankle","Preacher Curl (Dumbbell)",,"Seat on #5 - rolled my fucking ankle somehow",0,"warmup",14,4,,,
"Deadlifts + Pull-ish","Feb 7, 2026, 11:57 AM","Feb 7, 2026, 1:25 PM","W pr while being double nerfed + rolling my fucking ankle","Preacher Curl (Dumbbell)",,"Seat on #5 - rolled my fucking ankle somehow",1,"failure",18,6,,,
"Deadlifts + Pull-ish","Feb 7, 2026, 11:57 AM","Feb 7, 2026, 1:25 PM","W pr while being double nerfed + rolling my fucking ankle","Preacher Curl (Dumbbell)",,"Seat on #5 - rolled my fucking ankle somehow",2,"failure",16,8,,,
"Push","Feb 4, 2026, 10:47 AM","Feb 4, 2026, 12:06 PM","","Incline Bench Press (Dumbbell)",,"Breathing an issue? Feel kinda shit rn cuz semi ill",0,"warmup",26,6,,,
"Push","Feb 4, 2026, 10:47 AM","Feb 4, 2026, 12:06 PM","","Incline Bench Press (Dumbbell)",,"Breathing an issue? Feel kinda shit rn cuz semi ill",1,"warmup",32,4,,,
"Push","Feb 4, 2026, 10:47 AM","Feb 4, 2026, 12:06 PM","","Incline Bench Press (Dumbbell)",,"Breathing an issue? Feel kinda shit rn cuz semi ill",2,"failure",38,5,,,9
"Push","Feb 4, 2026, 10:47 AM","Feb 4, 2026, 12:06 PM","","Incline Bench Press (Dumbbell)",,"Breathing an issue? Feel kinda shit rn cuz semi ill",3,"failure",36,6,,,9.5
"Push","Feb 4, 2026, 10:47 AM","Feb 4, 2026, 12:06 PM","","JM Press (Barbell)",,"Smith - no base weight",0,"warmup",20,6,,,
"Push","Feb 4, 2026, 10:47 AM","Feb 4, 2026, 12:06 PM","","JM Press (Barbell)",,"Smith - no base weight",1,"warmup",40,6,,,
"Push","Feb 4, 2026, 10:47 AM","Feb 4, 2026, 12:06 PM","","JM Press (Barbell)",,"Smith - no base weight",2,"failure",65,8,,,
"Push","Feb 4, 2026, 10:47 AM","Feb 4, 2026, 12:06 PM","","Shoulder Press (Machine Plates)",,"",0,"warmup",40,6,,,
"Push","Feb 4, 2026, 10:47 AM","Feb 4, 2026, 12:06 PM","","Shoulder Press (Machine Plates)",,"",1,"warmup",80,4,,,
"Push","Feb 4, 2026, 10:47 AM","Feb 4, 2026, 12:06 PM","","Shoulder Press (Machine Plates)",,"",2,"failure",115,4,,,9.5
"Push","Feb 4, 2026, 10:47 AM","Feb 4, 2026, 12:06 PM","","Shoulder Press (Machine Plates)",,"",3,"failure",110,5,,,9
"Push","Feb 4, 2026, 10:47 AM","Feb 4, 2026, 12:06 PM","","Lateral Raise (Dumbbell)",,"",0,"failure",12,8,,,
"Push","Feb 4, 2026, 10:47 AM","Feb 4, 2026, 12:06 PM","","Lateral Raise (Dumbbell)",,"",1,"failure",12,8,,,
"Push","Feb 4, 2026, 10:47 AM","Feb 4, 2026, 12:06 PM","","Rear Delt Reverse Fly (Cable)",,"",0,"warmup",5,6,,,
"Push","Feb 4, 2026, 10:47 AM","Feb 4, 2026, 12:06 PM","","Rear Delt Reverse Fly (Cable)",,"",1,"failure",7.5,8,,,
"Push","Feb 4, 2026, 10:47 AM","Feb 4, 2026, 12:06 PM","","Triceps Pushdown",,"",0,"warmup",35,4,,,
"Push","Feb 4, 2026, 10:47 AM","Feb 4, 2026, 12:06 PM","","Triceps Pushdown",,"",1,"failure",42.5,4,,,
"Push","Feb 4, 2026, 10:47 AM","Feb 4, 2026, 12:06 PM","","Triceps Pushdown",,"",2,"failure",40,6,,,
"Push","Feb 4, 2026, 10:47 AM","Feb 4, 2026, 12:06 PM","","Chest Fly (Machine)",,"",0,"failure",50,5,,,
"Push","Feb 4, 2026, 10:47 AM","Feb 4, 2026, 12:06 PM","","Chest Fly (Machine)",,"",1,"failure",47.5,6,,,
"Lower","Feb 3, 2026, 10:05 AM","Feb 3, 2026, 11:15 AM","","Squat (Barbell)",,"Atg rom + i hate squats",0,"warmup",20,6,,,
"Lower","Feb 3, 2026, 10:05 AM","Feb 3, 2026, 11:15 AM","","Squat (Barbell)",,"Atg rom + i hate squats",1,"warmup",60,6,,,
"Lower","Feb 3, 2026, 10:05 AM","Feb 3, 2026, 11:15 AM","","Squat (Barbell)",,"Atg rom + i hate squats",2,"warmup",80,4,,,
"Lower","Feb 3, 2026, 10:05 AM","Feb 3, 2026, 11:15 AM","","Squat (Barbell)",,"Atg rom + i hate squats",3,"failure",110,1,,,
"Lower","Feb 3, 2026, 10:05 AM","Feb 3, 2026, 11:15 AM","","Romanian Deadlift (Barbell)",,"Actually fresh for once - should probs have another warmup ~=130?",0,"warmup",60,6,,,
"Lower","Feb 3, 2026, 10:05 AM","Feb 3, 2026, 11:15 AM","","Romanian Deadlift (Barbell)",,"Actually fresh for once - should probs have another warmup ~=130?",1,"warmup",100,4,,,
"Lower","Feb 3, 2026, 10:05 AM","Feb 3, 2026, 11:15 AM","","Romanian Deadlift (Barbell)",,"Actually fresh for once - should probs have another warmup ~=130?",2,"failure",145,6,,,9.5
"Lower","Feb 3, 2026, 10:05 AM","Feb 3, 2026, 11:15 AM","","Romanian Deadlift (Barbell)",,"Actually fresh for once - should probs have another warmup ~=130?",3,"failure",130,6,,,9
"Lower","Feb 3, 2026, 10:05 AM","Feb 3, 2026, 11:15 AM","","Hip Adduction (Machine)",,"",0,"failure",52.5,7,,,
"Lower","Feb 3, 2026, 10:05 AM","Feb 3, 2026, 11:15 AM","","Hip Adduction (Machine)",,"",1,"failure",52.5,9,,,
"Lower","Feb 3, 2026, 10:05 AM","Feb 3, 2026, 11:15 AM","","Calf Press (Machine)",,"Holy falloff",0,"warmup",100,8,,,
"Lower","Feb 3, 2026, 10:05 AM","Feb 3, 2026, 11:15 AM","","Calf Press (Machine)",,"Holy falloff",1,"failure",200,6,,,
"Lower","Feb 3, 2026, 10:05 AM","Feb 3, 2026, 11:15 AM","","Calf Press (Machine)",,"Holy falloff",2,"normal",170,8,,,
"Lower","Feb 3, 2026, 10:05 AM","Feb 3, 2026, 11:15 AM","","Leg Extension (Machine)",,"",0,"normal",62.5,10,,,
"Lower","Feb 3, 2026, 10:05 AM","Feb 3, 2026, 11:15 AM","","Leg Extension (Machine)",,"",1,"normal",62.5,10,,,
"Pull","Feb 2, 2026, 10:15 AM","Feb 2, 2026, 11:19 AM","","Chest Supported T-bar Row",,"Locked in w form",0,"warmup",25,6,,,
"Pull","Feb 2, 2026, 10:15 AM","Feb 2, 2026, 11:19 AM","","Chest Supported T-bar Row",,"Locked in w form",1,"warmup",50,6,,,
"Pull","Feb 2, 2026, 10:15 AM","Feb 2, 2026, 11:19 AM","","Chest Supported T-bar Row",,"Locked in w form",2,"failure",75,5,,,9
"Pull","Feb 2, 2026, 10:15 AM","Feb 2, 2026, 11:19 AM","","Chest Supported T-bar Row",,"Locked in w form",3,"failure",65,7,,,
"Pull","Feb 2, 2026, 10:15 AM","Feb 2, 2026, 11:19 AM","","Lat Pulldown (Cable)",,"A looser grip makes it easier? Guessing it takes more of my grip out of the motion",0,"warmup",50,8,,,
"Pull","Feb 2, 2026, 10:15 AM","Feb 2, 2026, 11:19 AM","","Lat Pulldown (Cable)",,"A looser grip makes it easier? Guessing it takes more of my grip out of the motion",1,"warmup",80,2,,,
"Pull","Feb 2, 2026, 10:15 AM","Feb 2, 2026, 11:19 AM","","Lat Pulldown (Cable)",,"A looser grip makes it easier? Guessing it takes more of my grip out of the motion",2,"failure",90,4,,,9
"Pull","Feb 2, 2026, 10:15 AM","Feb 2, 2026, 11:19 AM","","Lat Pulldown (Cable)",,"A looser grip makes it easier? Guessing it takes more of my grip out of the motion",3,"failure",85,6,,,
"Pull","Feb 2, 2026, 10:15 AM","Feb 2, 2026, 11:19 AM","","Bicep Curl (Dumbbell)",,"Normal",0,"warmup",18,6,,,
"Pull","Feb 2, 2026, 10:15 AM","Feb 2, 2026, 11:19 AM","","Bicep Curl (Dumbbell)",,"Normal",1,"failure",24,5,,,
"Pull","Feb 2, 2026, 10:15 AM","Feb 2, 2026, 11:19 AM","","Bicep Curl (Dumbbell)",,"Normal",2,"failure",22,6,,,
"Pull","Feb 2, 2026, 10:15 AM","Feb 2, 2026, 11:19 AM","","Lat Pulldown - Close Grip (Cable)",,"",0,"failure",95,4,,,
"Pull","Feb 2, 2026, 10:15 AM","Feb 2, 2026, 11:19 AM","","Lat Pulldown - Close Grip (Cable)",,"",1,"failure",90,6,,,
"Pull","Feb 2, 2026, 10:15 AM","Feb 2, 2026, 11:19 AM","","Hammer Curl (Preacher)",,"Dumbell slips in my hand during set - tf do i do?",0,"warmup",10,6,,,
"Pull","Feb 2, 2026, 10:15 AM","Feb 2, 2026, 11:19 AM","","Hammer Curl (Preacher)",,"Dumbell slips in my hand during set - tf do i do?",1,"failure",18,4,,,
"Pull","Feb 2, 2026, 10:15 AM","Feb 2, 2026, 11:19 AM","","Hammer Curl (Preacher)",,"Dumbell slips in my hand during set - tf do i do?",2,"failure",16,8,,,
"Push","Feb 1, 2026, 10:03 AM","Feb 1, 2026, 11:26 AM","","Bench Press (Barbell)",,"Science based ego lift - shouldve done incline dumbbell",0,"warmup",20,10,,,
"Push","Feb 1, 2026, 10:03 AM","Feb 1, 2026, 11:26 AM","","Bench Press (Barbell)",,"Science based ego lift - shouldve done incline dumbbell",1,"warmup",60,6,,,
"Push","Feb 1, 2026, 10:03 AM","Feb 1, 2026, 11:26 AM","","Bench Press (Barbell)",,"Science based ego lift - shouldve done incline dumbbell",2,"warmup",80,3,,,
"Push","Feb 1, 2026, 10:03 AM","Feb 1, 2026, 11:26 AM","","Bench Press (Barbell)",,"Science based ego lift - shouldve done incline dumbbell",3,"failure",92.5,3,,,
"Push","Feb 1, 2026, 10:03 AM","Feb 1, 2026, 11:26 AM","","Single Arm Lateral Raise (Cable)",,"",0,"warmup",3.75,8,,,
"Push","Feb 1, 2026, 10:03 AM","Feb 1, 2026, 11:26 AM","","Single Arm Lateral Raise (Cable)",,"",1,"failure",7.5,7,,,
"Push","Feb 1, 2026, 10:03 AM","Feb 1, 2026, 11:26 AM","","Single Arm Lateral Raise (Cable)",,"",2,"normal",6.25,8,,,
"Push","Feb 1, 2026, 10:03 AM","Feb 1, 2026, 11:26 AM","","Shoulder Press (Machine Plates)",,"Up a rep is w",0,"warmup",40,8,,,
"Push","Feb 1, 2026, 10:03 AM","Feb 1, 2026, 11:26 AM","","Shoulder Press (Machine Plates)",,"Up a rep is w",1,"warmup",80,4,,,
"Push","Feb 1, 2026, 10:03 AM","Feb 1, 2026, 11:26 AM","","Shoulder Press (Machine Plates)",,"Up a rep is w",2,"failure",110,6,,,9.5
"Push","Feb 1, 2026, 10:03 AM","Feb 1, 2026, 11:26 AM","","Shoulder Press (Machine Plates)",,"Up a rep is w",3,"failure",105,6,,,9.5
"Push","Feb 1, 2026, 10:03 AM","Feb 1, 2026, 11:26 AM","","JM Press (Barbell)",,"",0,"warmup",20,10,,,
"Push","Feb 1, 2026, 10:03 AM","Feb 1, 2026, 11:26 AM","","JM Press (Barbell)",,"",1,"warmup",40,6,,,
"Push","Feb 1, 2026, 10:03 AM","Feb 1, 2026, 11:26 AM","","JM Press (Barbell)",,"",2,"failure",65,6,,,
"Push","Feb 1, 2026, 10:03 AM","Feb 1, 2026, 11:26 AM","","JM Press (Barbell)",,"",3,"failure",60,8,,,
"Push","Feb 1, 2026, 10:03 AM","Feb 1, 2026, 11:26 AM","","Rear Delt Reverse Fly (Cable)",,"",0,"warmup",5,6,,,
"Push","Feb 1, 2026, 10:03 AM","Feb 1, 2026, 11:26 AM","","Rear Delt Reverse Fly (Cable)",,"",1,"failure",7.5,8,,,
"Push","Feb 1, 2026, 10:03 AM","Feb 1, 2026, 11:26 AM","","Chest Fly (Machine)",,"",0,"failure",50,5,,,
"Push","Feb 1, 2026, 10:03 AM","Feb 1, 2026, 11:26 AM","","Chest Fly (Machine)",,"",1,"failure",47.5,6,,,
"Push","Feb 1, 2026, 10:03 AM","Feb 1, 2026, 11:26 AM","","Triceps Pushdown",,"Yea idk",0,"warmup",30,4,,,
"Push","Feb 1, 2026, 10:03 AM","Feb 1, 2026, 11:26 AM","","Triceps Pushdown",,"Yea idk",1,"failure",42.5,5,,,
"Push","Feb 1, 2026, 10:03 AM","Feb 1, 2026, 11:26 AM","","Triceps Pushdown",,"Yea idk",2,"failure",40,6,,,
"Pull","Jan 29, 2026, 7:19 PM","Jan 29, 2026, 8:21 PM","","Chest Supported T-bar Row",,"Maybe egolifting",0,"warmup",25,6,,,
"Pull","Jan 29, 2026, 7:19 PM","Jan 29, 2026, 8:21 PM","","Chest Supported T-bar Row",,"Maybe egolifting",1,"warmup",50,6,,,
"Pull","Jan 29, 2026, 7:19 PM","Jan 29, 2026, 8:21 PM","","Chest Supported T-bar Row",,"Maybe egolifting",2,"failure",75,5,,,9.5
"Pull","Jan 29, 2026, 7:19 PM","Jan 29, 2026, 8:21 PM","","Chest Supported T-bar Row",,"Maybe egolifting",3,"failure",65,6,,,9
"Pull","Jan 29, 2026, 7:19 PM","Jan 29, 2026, 8:21 PM","","Lat Pulldown (Cable)",,"Test for 90",0,"warmup",50,8,,,
"Pull","Jan 29, 2026, 7:19 PM","Jan 29, 2026, 8:21 PM","","Lat Pulldown (Cable)",,"Test for 90",1,"warmup",80,2,,,
"Pull","Jan 29, 2026, 7:19 PM","Jan 29, 2026, 8:21 PM","","Lat Pulldown (Cable)",,"Test for 90",2,"failure",90,4,,,9.5
"Pull","Jan 29, 2026, 7:19 PM","Jan 29, 2026, 8:21 PM","","Lat Pulldown (Cable)",,"Test for 90",3,"failure",85,6,,,
"Pull","Jan 29, 2026, 7:19 PM","Jan 29, 2026, 8:21 PM","","Preacher Curl (Dumbbell)",,"Need to change seat to be lower",0,"warmup",12,6,,,
"Pull","Jan 29, 2026, 7:19 PM","Jan 29, 2026, 8:21 PM","","Preacher Curl (Dumbbell)",,"Need to change seat to be lower",1,"failure",18,5,,,
"Pull","Jan 29, 2026, 7:19 PM","Jan 29, 2026, 8:21 PM","","Lat Pulldown - Close Grip (Cable)",,"",0,"failure",95,4,,,
"Pull","Jan 29, 2026, 7:19 PM","Jan 29, 2026, 8:21 PM","","Lat Pulldown - Close Grip (Cable)",,"",1,"failure",90,6,,,
"Pull","Jan 29, 2026, 7:19 PM","Jan 29, 2026, 8:21 PM","","Hammer Curl (Dumbbell)",,"Normal",0,"warmup",20,8,,,
"Pull","Jan 29, 2026, 7:19 PM","Jan 29, 2026, 8:21 PM","","Hammer Curl (Dumbbell)",,"Normal",1,"failure",28,5,,,
"Pull","Jan 29, 2026, 7:19 PM","Jan 29, 2026, 8:21 PM","","Hammer Curl (Dumbbell)",,"Normal",2,"failure",26,6,,,
"Push","Jan 28, 2026, 7:23 PM","Jan 28, 2026, 9:34 PM","","Incline Bench Press (Dumbbell)",,"36 undershot is diabolical - misgroved last rep so maybe more idk",0,"warmup",20,8,,,
"Push","Jan 28, 2026, 7:23 PM","Jan 28, 2026, 9:34 PM","","Incline Bench Press (Dumbbell)",,"36 undershot is diabolical - misgroved last rep so maybe more idk",1,"warmup",30,4,,,
"Push","Jan 28, 2026, 7:23 PM","Jan 28, 2026, 9:34 PM","","Incline Bench Press (Dumbbell)",,"36 undershot is diabolical - misgroved last rep so maybe more idk",2,"normal",36,6,,,8
"Push","Jan 28, 2026, 7:23 PM","Jan 28, 2026, 9:34 PM","","Incline Bench Press (Dumbbell)",,"36 undershot is diabolical - misgroved last rep so maybe more idk",3,"failure",38,5,,,9
"Push","Jan 28, 2026, 7:23 PM","Jan 28, 2026, 9:34 PM","","Single Arm Lateral Raise (Cable)",,"6.5 reps top set",0,"warmup",3.75,8,,,
"Push","Jan 28, 2026, 7:23 PM","Jan 28, 2026, 9:34 PM","","Single Arm Lateral Raise (Cable)",,"6.5 reps top set",1,"failure",7.5,6,,,9.5
"Push","Jan 28, 2026, 7:23 PM","Jan 28, 2026, 9:34 PM","","Single Arm Lateral Raise (Cable)",,"6.5 reps top set",2,"normal",6.25,8,,,
"Push","Jan 28, 2026, 7:23 PM","Jan 28, 2026, 9:34 PM","","JM Press (Barbell)",,"Form is decent, gonna lock in with weight now",0,"warmup",10,10,,,
"Push","Jan 28, 2026, 7:23 PM","Jan 28, 2026, 9:34 PM","","JM Press (Barbell)",,"Form is decent, gonna lock in with weight now",1,"warmup",40,6,,,
"Push","Jan 28, 2026, 7:23 PM","Jan 28, 2026, 9:34 PM","","JM Press (Barbell)",,"Form is decent, gonna lock in with weight now",2,"normal",55,6,,,8
"Push","Jan 28, 2026, 7:23 PM","Jan 28, 2026, 9:34 PM","","JM Press (Barbell)",,"Form is decent, gonna lock in with weight now",3,"normal",60,4,,,8
"Push","Jan 28, 2026, 7:23 PM","Jan 28, 2026, 9:34 PM","","Shoulder Press (Machine Plates)",,"Progging still",0,"warmup",40,8,,,
"Push","Jan 28, 2026, 7:23 PM","Jan 28, 2026, 9:34 PM","","Shoulder Press (Machine Plates)",,"Progging still",1,"warmup",80,6,,,
"Push","Jan 28, 2026, 7:23 PM","Jan 28, 2026, 9:34 PM","","Shoulder Press (Machine Plates)",,"Progging still",2,"failure",110,5,,,9.5
"Push","Jan 28, 2026, 7:23 PM","Jan 28, 2026, 9:34 PM","","Shoulder Press (Machine Plates)",,"Progging still",3,"failure",105,6,,,9.5
"Push","Jan 28, 2026, 7:23 PM","Jan 28, 2026, 9:34 PM","","Chest Fly (Machine)",,"Almost max machine",0,"failure",50,4,,,9
"Push","Jan 28, 2026, 7:23 PM","Jan 28, 2026, 9:34 PM","","Chest Fly (Machine)",,"Almost max machine",1,"failure",45,6,,,
"Push","Jan 28, 2026, 7:23 PM","Jan 28, 2026, 9:34 PM","","Triceps Pushdown",,"Ego lift + tired",0,"normal",42.5,3,,,
"Push","Jan 28, 2026, 7:23 PM","Jan 28, 2026, 9:34 PM","","Triceps Pushdown",,"Ego lift + tired",1,"failure",40,6,,,
"Push","Jan 28, 2026, 7:23 PM","Jan 28, 2026, 9:34 PM","","Rear Delt Reverse Fly (Cable)",,"",0,"normal",7.5,6,,,
"Push","Jan 28, 2026, 7:23 PM","Jan 28, 2026, 9:34 PM","","Rear Delt Reverse Fly (Cable)",,"",1,"failure",10,3,,,
"Push","Jan 28, 2026, 7:23 PM","Jan 28, 2026, 9:34 PM","","Forearm Curls (Cable)",,"Cable up above - ts got like 3 joints in it",0,"warmup",20,6,,,
"Push","Jan 28, 2026, 7:23 PM","Jan 28, 2026, 9:34 PM","","Forearm Curls (Cable)",,"Cable up above - ts got like 3 joints in it",1,"normal",27.5,6,,,
"Push","Jan 28, 2026, 7:23 PM","Jan 28, 2026, 9:34 PM","","Forearm Curls (Cable)",,"Cable up above - ts got like 3 joints in it",2,"normal",32.5,6,,,
"Push","Jan 28, 2026, 7:23 PM","Jan 28, 2026, 9:34 PM","","Reverse Curl (Barbell)",,"",0,"normal",25,6,,,
"Push","Jan 28, 2026, 7:23 PM","Jan 28, 2026, 9:34 PM","","Reverse Curl (Barbell)",,"",1,"normal",35,6,,,
"Push","Jan 28, 2026, 7:23 PM","Jan 28, 2026, 9:34 PM","","Reverse Curl (Barbell)",,"",2,"normal",40,3,,,
"Lower","Jan 27, 2026, 4:53 PM","Jan 27, 2026, 6:22 PM","","Squat (Barbell)",,"",0,"warmup",20,6,,,
"Lower","Jan 27, 2026, 4:53 PM","Jan 27, 2026, 6:22 PM","","Squat (Barbell)",,"",1,"warmup",60,6,,,
"Lower","Jan 27, 2026, 4:53 PM","Jan 27, 2026, 6:22 PM","","Squat (Barbell)",,"",2,"warmup",80,4,,,
"Lower","Jan 27, 2026, 4:53 PM","Jan 27, 2026, 6:22 PM","","Squat (Barbell)",,"",3,"failure",110,3,,,9.5
"Lower","Jan 27, 2026, 4:53 PM","Jan 27, 2026, 6:22 PM","","Squat (Barbell)",,"",4,"normal",95,4,,,
"Lower","Jan 27, 2026, 4:53 PM","Jan 27, 2026, 6:22 PM","","Romanian Deadlift (Barbell)",,"Tired from yesterday rip - routine diff",0,"warmup",60,6,,,
"Lower","Jan 27, 2026, 4:53 PM","Jan 27, 2026, 6:22 PM","","Romanian Deadlift (Barbell)",,"Tired from yesterday rip - routine diff",1,"warmup",100,6,,,
"Lower","Jan 27, 2026, 4:53 PM","Jan 27, 2026, 6:22 PM","","Romanian Deadlift (Barbell)",,"Tired from yesterday rip - routine diff",2,"normal",120,6,,,
"Pull","Jan 26, 2026, 4:53 PM","Jan 26, 2026, 6:50 PM","","Deadlift (Barbell)",,"Solid double",0,"warmup",60,4,,,
"Pull","Jan 26, 2026, 4:53 PM","Jan 26, 2026, 6:50 PM","","Deadlift (Barbell)",,"Solid double",1,"warmup",120,4,,,
"Pull","Jan 26, 2026, 4:53 PM","Jan 26, 2026, 6:50 PM","","Deadlift (Barbell)",,"Solid double",2,"failure",160,2,,,8.5
"Pull","Jan 26, 2026, 4:53 PM","Jan 26, 2026, 6:50 PM","","Deadlift (Barbell)",,"Solid double",3,"normal",140,3,,,
"Pull","Jan 26, 2026, 4:53 PM","Jan 26, 2026, 6:50 PM","","Chest Supported T-bar Row",,"Good stuff",0,"warmup",25,6,,,
"Pull","Jan 26, 2026, 4:53 PM","Jan 26, 2026, 6:50 PM","","Chest Supported T-bar Row",,"Good stuff",1,"warmup",50,6,,,
"Pull","Jan 26, 2026, 4:53 PM","Jan 26, 2026, 6:50 PM","","Chest Supported T-bar Row",,"Good stuff",2,"failure",75,4,,,9.5
"Pull","Jan 26, 2026, 4:53 PM","Jan 26, 2026, 6:50 PM","","Chest Supported T-bar Row",,"Good stuff",3,"normal",65,8,,,8.5
"Pull","Jan 26, 2026, 4:53 PM","Jan 26, 2026, 6:50 PM","","Lat Pulldown (Cable)",,"Mixed relationship",0,"warmup",50,8,,,
"Pull","Jan 26, 2026, 4:53 PM","Jan 26, 2026, 6:50 PM","","Lat Pulldown (Cable)",,"Mixed relationship",1,"failure",85,6,,,
"Pull","Jan 26, 2026, 4:53 PM","Jan 26, 2026, 6:50 PM","","Lat Pulldown (Cable)",,"Mixed relationship",2,"failure",80,6,,,
"Pull","Jan 26, 2026, 4:53 PM","Jan 26, 2026, 6:50 PM","","Preacher Curl (Dumbbell)",,"Solid",0,"warmup",14,6,,,
"Pull","Jan 26, 2026, 4:53 PM","Jan 26, 2026, 6:50 PM","","Preacher Curl (Dumbbell)",,"Solid",1,"normal",16,6,,,
"Pull","Jan 26, 2026, 4:53 PM","Jan 26, 2026, 6:50 PM","","Preacher Curl (Dumbbell)",,"Solid",2,"failure",18,5,,,
"Pull","Jan 26, 2026, 4:53 PM","Jan 26, 2026, 6:50 PM","","Lat Pulldown - Close Grip (Cable)",,"",0,"failure",90,7,,,
"Pull","Jan 26, 2026, 4:53 PM","Jan 26, 2026, 6:50 PM","","Lat Pulldown - Close Grip (Cable)",,"",1,"failure",85,6,,,
"Pull","Jan 26, 2026, 4:53 PM","Jan 26, 2026, 6:50 PM","","Hammer Curl (Preacher)",,"Ego lift icl",0,"normal",16,6,,,
"Pull","Jan 26, 2026, 4:53 PM","Jan 26, 2026, 6:50 PM","","Hammer Curl (Preacher)",,"Ego lift icl",1,"failure",20,2,,,
"Push","Jan 25, 2026, 10:25 AM","Jan 25, 2026, 12:30 PM","","Bench Press (Barbell)",,"No legs back off set :]",0,"warmup",20,10,,,
"Push","Jan 25, 2026, 10:25 AM","Jan 25, 2026, 12:30 PM","","Bench Press (Barbell)",,"No legs back off set :]",1,"warmup",60,8,,,
"Push","Jan 25, 2026, 10:25 AM","Jan 25, 2026, 12:30 PM","","Bench Press (Barbell)",,"No legs back off set :]",2,"warmup",80,3,,,
"Push","Jan 25, 2026, 10:25 AM","Jan 25, 2026, 12:30 PM","","Bench Press (Barbell)",,"No legs back off set :]",3,"failure",92.5,3,,,
"Push","Jan 25, 2026, 10:25 AM","Jan 25, 2026, 12:30 PM","","Bench Press (Barbell)",,"No legs back off set :]",4,"failure",85,6,,,
"Push","Jan 25, 2026, 10:25 AM","Jan 25, 2026, 12:30 PM","","Single Arm Lateral Raise (Cable)",,"",0,"warmup",3.75,8,,,
"Push","Jan 25, 2026, 10:25 AM","Jan 25, 2026, 12:30 PM","","Single Arm Lateral Raise (Cable)",,"",1,"failure",7.5,6,,,
"Push","Jan 25, 2026, 10:25 AM","Jan 25, 2026, 12:30 PM","","Single Arm Lateral Raise (Cable)",,"",2,"failure",6.25,8,,,
"Push","Jan 25, 2026, 10:25 AM","Jan 25, 2026, 12:30 PM","","Shoulder Press (Machine Plates)",,"Progression straight from benjamin Netanyahu",0,"warmup",40,8,,,
"Push","Jan 25, 2026, 10:25 AM","Jan 25, 2026, 12:30 PM","","Shoulder Press (Machine Plates)",,"Progression straight from benjamin Netanyahu",1,"failure",107.5,7,,,
"Push","Jan 25, 2026, 10:25 AM","Jan 25, 2026, 12:30 PM","","Shoulder Press (Machine Plates)",,"Progression straight from benjamin Netanyahu",2,"failure",105,6,,,
"Push","Jan 25, 2026, 10:25 AM","Jan 25, 2026, 12:30 PM","","JM Press (Barbell)",,"Making sure my form is solid tbh",0,"warmup",10,10,,,
"Push","Jan 25, 2026, 10:25 AM","Jan 25, 2026, 12:30 PM","","JM Press (Barbell)",,"Making sure my form is solid tbh",1,"normal",50,6,,,
"Push","Jan 25, 2026, 10:25 AM","Jan 25, 2026, 12:30 PM","","JM Press (Barbell)",,"Making sure my form is solid tbh",2,"failure",60,4,,,
"Push","Jan 25, 2026, 10:25 AM","Jan 25, 2026, 12:30 PM","","Rear Delt Reverse Fly (Cable)",,"",0,"normal",5,8,,,
"Push","Jan 25, 2026, 10:25 AM","Jan 25, 2026, 12:30 PM","","Rear Delt Reverse Fly (Cable)",,"",1,"failure",7.5,7,,,
"Push","Jan 25, 2026, 10:25 AM","Jan 25, 2026, 12:30 PM","","Chest Fly (Machine)",,"Diff form to help shoulders not hurt as much",0,"failure",47.5,5,,,
"Push","Jan 25, 2026, 10:25 AM","Jan 25, 2026, 12:30 PM","","Chest Fly (Machine)",,"Diff form to help shoulders not hurt as much",1,"failure",40,8,,,
"Push","Jan 25, 2026, 10:25 AM","Jan 25, 2026, 12:30 PM","","Triceps Pushdown",,"",0,"failure",42.5,5,,,
"Push","Jan 25, 2026, 10:25 AM","Jan 25, 2026, 12:30 PM","","Triceps Pushdown",,"",1,"failure",40,6,,,
"Lower","Jan 24, 2026, 4:32 PM","Jan 24, 2026, 6:10 PM","","Squat (Barbell)",,"",0,"warmup",20,6,,,
"Lower","Jan 24, 2026, 4:32 PM","Jan 24, 2026, 6:10 PM","","Squat (Barbell)",,"",1,"warmup",60,6,,,
"Lower","Jan 24, 2026, 4:32 PM","Jan 24, 2026, 6:10 PM","","Squat (Barbell)",,"",2,"failure",105,5,,,
"Lower","Jan 24, 2026, 4:32 PM","Jan 24, 2026, 6:10 PM","","Squat (Barbell)",,"",3,"failure",90,6,,,
"Lower","Jan 24, 2026, 4:32 PM","Jan 24, 2026, 6:10 PM","","Romanian Deadlift (Barbell)",,"Test w smarter warmups",0,"warmup",60,6,,,
"Lower","Jan 24, 2026, 4:32 PM","Jan 24, 2026, 6:10 PM","","Romanian Deadlift (Barbell)",,"Test w smarter warmups",1,"warmup",100,6,,,
"Lower","Jan 24, 2026, 4:32 PM","Jan 24, 2026, 6:10 PM","","Romanian Deadlift (Barbell)",,"Test w smarter warmups",2,"warmup",140,1,,,
"Lower","Jan 24, 2026, 4:32 PM","Jan 24, 2026, 6:10 PM","","Romanian Deadlift (Barbell)",,"Test w smarter warmups",3,"failure",145,5,,,9.5
"Lower","Jan 24, 2026, 4:32 PM","Jan 24, 2026, 6:10 PM","","Romanian Deadlift (Barbell)",,"Test w smarter warmups",4,"failure",130,6,,,8.5
"Lower","Jan 24, 2026, 4:32 PM","Jan 24, 2026, 6:10 PM","","Hip Adduction (Machine)",,"",0,"failure",52.5,8,,,
"Lower","Jan 24, 2026, 4:32 PM","Jan 24, 2026, 6:10 PM","","Hip Adduction (Machine)",,"",1,"failure",52.5,7,,,
"Lower","Jan 24, 2026, 4:32 PM","Jan 24, 2026, 6:10 PM","","Leg Extension (Machine)",,"Not really strength tbh",0,"failure",62.5,10,,,
"Lower","Jan 24, 2026, 4:32 PM","Jan 24, 2026, 6:10 PM","","Leg Extension (Machine)",,"Not really strength tbh",1,"failure",62.5,11,,,
"Lower","Jan 24, 2026, 4:32 PM","Jan 24, 2026, 6:10 PM","","Decline Sit Ups",,"Kinda impossible to prog now",0,"warmup",20,8,,,
"Lower","Jan 24, 2026, 4:32 PM","Jan 24, 2026, 6:10 PM","","Decline Sit Ups",,"Kinda impossible to prog now",1,"failure",40,8,,,
"Lower","Jan 24, 2026, 4:32 PM","Jan 24, 2026, 6:10 PM","","Decline Sit Ups",,"Kinda impossible to prog now",2,"failure",40,8,,,
"Pull","Jan 23, 2026, 11:13 AM","Jan 23, 2026, 12:39 PM","","Deadlift (Barbell)",,"Belt on last 2",0,"warmup",60,4,,,
"Pull","Jan 23, 2026, 11:13 AM","Jan 23, 2026, 12:39 PM","","Deadlift (Barbell)",,"Belt on last 2",1,"warmup",100,3,,,
"Pull","Jan 23, 2026, 11:13 AM","Jan 23, 2026, 12:39 PM","","Deadlift (Barbell)",,"Belt on last 2",2,"failure",150,4,,,
"Pull","Jan 23, 2026, 11:13 AM","Jan 23, 2026, 12:39 PM","","Deadlift (Barbell)",,"Belt on last 2",3,"normal",140,3,,,
"Pull","Jan 23, 2026, 11:13 AM","Jan 23, 2026, 12:39 PM","","Chest Supported T-bar Row",,"",0,"warmup",25,6,,,
"Pull","Jan 23, 2026, 11:13 AM","Jan 23, 2026, 12:39 PM","","Chest Supported T-bar Row",,"",1,"failure",70,6,,,
"Pull","Jan 23, 2026, 11:13 AM","Jan 23, 2026, 12:39 PM","","Chest Supported T-bar Row",,"",2,"failure",65,8,,,
"Pull","Jan 23, 2026, 11:13 AM","Jan 23, 2026, 12:39 PM","","Lat Pulldown (Cable)",,"",0,"warmup",50,8,,,
"Pull","Jan 23, 2026, 11:13 AM","Jan 23, 2026, 12:39 PM","","Lat Pulldown (Cable)",,"",1,"failure",85,6,,,
"Pull","Jan 23, 2026, 11:13 AM","Jan 23, 2026, 12:39 PM","","Lat Pulldown (Cable)",,"",2,"failure",80,6,,,
"Pull","Jan 23, 2026, 11:13 AM","Jan 23, 2026, 12:39 PM","","Bicep Curl (Dumbbell)",,"Recline tryout - ts is buns",0,"warmup",16,6,,,
"Pull","Jan 23, 2026, 11:13 AM","Jan 23, 2026, 12:39 PM","","Bicep Curl (Dumbbell)",,"Recline tryout - ts is buns",1,"failure",20,3,,,
"Pull","Jan 23, 2026, 11:13 AM","Jan 23, 2026, 12:39 PM","","Lat Pulldown - Close Grip (Cable)",,"",0,"failure",90,6,,,
"Pull","Jan 23, 2026, 11:13 AM","Jan 23, 2026, 12:39 PM","","Lat Pulldown - Close Grip (Cable)",,"",1,"failure",85,6,,,
"Push","Jan 22, 2026, 3:17 PM","Jan 22, 2026, 4:46 PM","","Bench Press (Barbell)",,"Very tired",0,"warmup",20,10,,,
"Push","Jan 22, 2026, 3:17 PM","Jan 22, 2026, 4:46 PM","","Bench Press (Barbell)",,"Very tired",1,"warmup",60,8,,,
"Push","Jan 22, 2026, 3:17 PM","Jan 22, 2026, 4:46 PM","","Bench Press (Barbell)",,"Very tired",2,"failure",92.5,3,,,
"Push","Jan 22, 2026, 3:17 PM","Jan 22, 2026, 4:46 PM","","Bench Press (Barbell)",,"Very tired",3,"normal",80,6,,,
"Push","Jan 22, 2026, 3:17 PM","Jan 22, 2026, 4:46 PM","","JM Press (Barbell)",,"Too heavy - idk about form rn",0,"warmup",,10,,,
"Push","Jan 22, 2026, 3:17 PM","Jan 22, 2026, 4:46 PM","","JM Press (Barbell)",,"Too heavy - idk about form rn",1,"warmup",40,10,,,
"Push","Jan 22, 2026, 3:17 PM","Jan 22, 2026, 4:46 PM","","JM Press (Barbell)",,"Too heavy - idk about form rn",2,"failure",65,3,,,
"Push","Jan 22, 2026, 3:17 PM","Jan 22, 2026, 4:46 PM","","JM Press (Barbell)",,"Too heavy - idk about form rn",3,"normal",60,4,,,
"Push","Jan 22, 2026, 3:17 PM","Jan 22, 2026, 4:46 PM","","Shoulder Press (Machine Plates)",,"",0,"warmup",40,8,,,
"Push","Jan 22, 2026, 3:17 PM","Jan 22, 2026, 4:46 PM","","Shoulder Press (Machine Plates)",,"",1,"failure",105,5,,,
"Push","Jan 22, 2026, 3:17 PM","Jan 22, 2026, 4:46 PM","","Shoulder Press (Machine Plates)",,"",2,"failure",95,6,,,
"Push","Jan 22, 2026, 3:17 PM","Jan 22, 2026, 4:46 PM","","Lateral Raise (Dumbbell)",,"",0,"failure",14,5,,,
"Push","Jan 22, 2026, 3:17 PM","Jan 22, 2026, 4:46 PM","","Lateral Raise (Dumbbell)",,"",1,"failure",12,8,,,
"Push","Jan 22, 2026, 3:17 PM","Jan 22, 2026, 4:46 PM","","Triceps Pushdown",,"",0,"failure",40,7,,,
"Push","Jan 22, 2026, 3:17 PM","Jan 22, 2026, 4:46 PM","","Triceps Pushdown",,"",1,"failure",37.5,8,,,
"Push","Jan 22, 2026, 3:17 PM","Jan 22, 2026, 4:46 PM","","Chest Fly (Machine)",,"",0,"failure",47.5,5,,,
"Push","Jan 22, 2026, 3:17 PM","Jan 22, 2026, 4:46 PM","","Chest Fly (Machine)",,"",1,"normal",40,6,,,
"Lower","Jan 21, 2026, 11:48 AM","Jan 21, 2026, 12:22 PM","","Squat (Barbell)",,"Idk bro",0,"warmup",20,6,,,
"Lower","Jan 21, 2026, 11:48 AM","Jan 21, 2026, 12:22 PM","","Squat (Barbell)",,"Idk bro",1,"warmup",60,6,,,
"Lower","Jan 21, 2026, 11:48 AM","Jan 21, 2026, 12:22 PM","","Squat (Barbell)",,"Idk bro",2,"normal",100,5,,,
"Lower","Jan 21, 2026, 11:48 AM","Jan 21, 2026, 12:22 PM","","Squat (Barbell)",,"Idk bro",3,"normal",90,6,,,
"Lower","Jan 21, 2026, 11:48 AM","Jan 21, 2026, 12:22 PM","","Romanian Deadlift (Barbell)",,"",0,"warmup",60,6,,,
"Lower","Jan 21, 2026, 11:48 AM","Jan 21, 2026, 12:22 PM","","Romanian Deadlift (Barbell)",,"",1,"warmup",100,6,,,
"Lower","Jan 21, 2026, 11:48 AM","Jan 21, 2026, 12:22 PM","","Romanian Deadlift (Barbell)",,"",2,"normal",140,6,,,
"Pull","Jan 20, 2026, 11:41 AM","Jan 20, 2026, 12:33 PM","","Chest Supported T-bar Row",,"Need to work out a way to standardise rom",0,"warmup",25,6,,,
"Pull","Jan 20, 2026, 11:41 AM","Jan 20, 2026, 12:33 PM","","Chest Supported T-bar Row",,"Need to work out a way to standardise rom",1,"failure",70,6,,,9.5
"Pull","Jan 20, 2026, 11:41 AM","Jan 20, 2026, 12:33 PM","","Chest Supported T-bar Row",,"Need to work out a way to standardise rom",2,"failure",65,7,,,
"Pull","Jan 20, 2026, 11:41 AM","Jan 20, 2026, 12:33 PM","","Lat Pulldown (Cable)",,"Forearm hurts?",0,"warmup",50,8,,,
"Pull","Jan 20, 2026, 11:41 AM","Jan 20, 2026, 12:33 PM","","Lat Pulldown (Cable)",,"Forearm hurts?",1,"failure",85,5,,,
"Pull","Jan 20, 2026, 11:41 AM","Jan 20, 2026, 12:33 PM","","Lat Pulldown (Cable)",,"Forearm hurts?",2,"failure",80,6,,,
"Pull","Jan 20, 2026, 11:41 AM","Jan 20, 2026, 12:33 PM","","Bicep Curl (Dumbbell)",,"Progress kinda bad - either need to super lock into form or try something like recline/ preacher dumbell out",0,"warmup",16,6,,,
"Pull","Jan 20, 2026, 11:41 AM","Jan 20, 2026, 12:33 PM","","Bicep Curl (Dumbbell)",,"Progress kinda bad - either need to super lock into form or try something like recline/ preacher dumbell out",1,"failure",22,7,,,
"Pull","Jan 20, 2026, 11:41 AM","Jan 20, 2026, 12:33 PM","","Bicep Curl (Dumbbell)",,"Progress kinda bad - either need to super lock into form or try something like recline/ preacher dumbell out",2,"failure",20,7,,,
"Pull","Jan 20, 2026, 11:41 AM","Jan 20, 2026, 12:33 PM","","Seated Cable Row - V Grip (Cable)",,"Replacing cg lp cuz bus ly as shit",0,"failure",80,6,,,
"Pull","Jan 20, 2026, 11:41 AM","Jan 20, 2026, 12:33 PM","","Seated Cable Row - V Grip (Cable)",,"Replacing cg lp cuz bus ly as shit",1,"failure",75,8,,,
"Pull","Jan 20, 2026, 11:41 AM","Jan 20, 2026, 12:33 PM","","Hammer Curl (Preacher)",,"Normal preacher bench",0,"failure",18,5,,,
"Push","Jan 19, 2026, 3:40 PM","Jan 19, 2026, 4:19 PM","Busy as shit wth","Bench Press (Barbell)",,"People who cant spot properly should be crucified and left to rot in the street getting stones thrown at them",0,"warmup",20,10,,,
"Push","Jan 19, 2026, 3:40 PM","Jan 19, 2026, 4:19 PM","Busy as shit wth","Bench Press (Barbell)",,"People who cant spot properly should be crucified and left to rot in the street getting stones thrown at them",1,"warmup",60,8,,,
"Push","Jan 19, 2026, 3:40 PM","Jan 19, 2026, 4:19 PM","Busy as shit wth","Bench Press (Barbell)",,"People who cant spot properly should be crucified and left to rot in the street getting stones thrown at them",2,"failure",90,6,,,9.5
"Push","Jan 19, 2026, 3:40 PM","Jan 19, 2026, 4:19 PM","Busy as shit wth","Single Arm Lateral Raise (Cable)",,"Crazy ez today?",0,"warmup",2.5,8,,,
"Push","Jan 19, 2026, 3:40 PM","Jan 19, 2026, 4:19 PM","Busy as shit wth","Single Arm Lateral Raise (Cable)",,"Crazy ez today?",1,"normal",6.25,8,,,
"Push","Jan 19, 2026, 3:40 PM","Jan 19, 2026, 4:19 PM","Busy as shit wth","Single Arm Lateral Raise (Cable)",,"Crazy ez today?",2,"failure",7.5,5,,,
"Push","Jan 19, 2026, 3:40 PM","Jan 19, 2026, 4:19 PM","Busy as shit wth","Shoulder Press (Machine Plates)",,"Finally the big 100",0,"warmup",40,8,,,
"Push","Jan 19, 2026, 3:40 PM","Jan 19, 2026, 4:19 PM","Busy as shit wth","Shoulder Press (Machine Plates)",,"Finally the big 100",1,"failure",100,7,,,9.5
"Push","Jan 19, 2026, 3:40 PM","Jan 19, 2026, 4:19 PM","Busy as shit wth","Triceps Pushdown",,"",0,"failure",40,6,,,
"Push","Jan 19, 2026, 3:40 PM","Jan 19, 2026, 4:19 PM","Busy as shit wth","Triceps Pushdown",,"",1,"failure",37.5,8,,,
"Pull","Jan 18, 2026, 12:17 PM","Jan 18, 2026, 1:11 PM","","Chest Supported T-bar Row",,"Kinda just checking out form - it feels fine, no issue with breathing imo",0,"warmup",30,6,,,
"Pull","Jan 18, 2026, 12:17 PM","Jan 18, 2026, 1:11 PM","","Chest Supported T-bar Row",,"Kinda just checking out form - it feels fine, no issue with breathing imo",1,"failure",60,8,,,
"Pull","Jan 18, 2026, 12:17 PM","Jan 18, 2026, 1:11 PM","","Chest Supported T-bar Row",,"Kinda just checking out form - it feels fine, no issue with breathing imo",2,"failure",65,8,,,
"Pull","Jan 18, 2026, 12:17 PM","Jan 18, 2026, 1:11 PM","","Lat Pulldown (Cable)",,"It feels like theres a spring at the bottom of the rep",0,"warmup",50,8,,,
"Pull","Jan 18, 2026, 12:17 PM","Jan 18, 2026, 1:11 PM","","Lat Pulldown (Cable)",,"It feels like theres a spring at the bottom of the rep",1,"failure",85,5,,,
"Pull","Jan 18, 2026, 12:17 PM","Jan 18, 2026, 1:11 PM","","Lat Pulldown (Cable)",,"It feels like theres a spring at the bottom of the rep",2,"failure",80,6,,,
"Pull","Jan 18, 2026, 12:17 PM","Jan 18, 2026, 1:11 PM","","Bicep Curl (Dumbbell)",,"Normal - no forearm splints ?",0,"warmup",16,6,,,
"Pull","Jan 18, 2026, 12:17 PM","Jan 18, 2026, 1:11 PM","","Bicep Curl (Dumbbell)",,"Normal - no forearm splints ?",1,"failure",22,6,,,
"Pull","Jan 18, 2026, 12:17 PM","Jan 18, 2026, 1:11 PM","","Bicep Curl (Dumbbell)",,"Normal - no forearm splints ?",2,"failure",20,7,,,
"Pull","Jan 18, 2026, 12:17 PM","Jan 18, 2026, 1:11 PM","","Lat Pulldown - Close Grip (Cable)",,"",0,"failure",90,5,,,
"Pull","Jan 18, 2026, 12:17 PM","Jan 18, 2026, 1:11 PM","","Lat Pulldown - Close Grip (Cable)",,"",1,"failure",85,7,,,
"Pull","Jan 18, 2026, 12:17 PM","Jan 18, 2026, 1:11 PM","","Hammer Curl (Preacher)",,"Recline 60deg - much better on actual preacher, ROM aint the best and nnot very stable due to other arm has nothing yo grab and minimal chest support",0,"warmup",10,6,,,
"Pull","Jan 18, 2026, 12:17 PM","Jan 18, 2026, 1:11 PM","","Hammer Curl (Preacher)",,"Recline 60deg - much better on actual preacher, ROM aint the best and nnot very stable due to other arm has nothing yo grab and minimal chest support",1,"normal",18,4,,,
"Push","Jan 16, 2026, 9:42 AM","Jan 16, 2026, 10:34 AM","","Bench Press (Barbell)",,"Very close to 6th rep",0,"warmup",20,10,,,
"Push","Jan 16, 2026, 9:42 AM","Jan 16, 2026, 10:34 AM","","Bench Press (Barbell)",,"Very close to 6th rep",1,"warmup",60,8,,,
"Push","Jan 16, 2026, 9:42 AM","Jan 16, 2026, 10:34 AM","","Bench Press (Barbell)",,"Very close to 6th rep",2,"failure",90,5,,,9.5
"Push","Jan 16, 2026, 9:42 AM","Jan 16, 2026, 10:34 AM","","Single Arm Lateral Raise (Cable)",,"",0,"warmup",3.75,8,,,
"Push","Jan 16, 2026, 9:42 AM","Jan 16, 2026, 10:34 AM","","Single Arm Lateral Raise (Cable)",,"",1,"failure",6.25,8,,,
"Push","Jan 16, 2026, 9:42 AM","Jan 16, 2026, 10:34 AM","","JM Press (Barbell)",,"Guessing smith bar is 10kg, weight feels much lighter (?)",0,"warmup",10,10,,,
"Push","Jan 16, 2026, 9:42 AM","Jan 16, 2026, 10:34 AM","","JM Press (Barbell)",,"Guessing smith bar is 10kg, weight feels much lighter (?)",1,"failure",50,8,,,
"Push","Jan 16, 2026, 9:42 AM","Jan 16, 2026, 10:34 AM","","JM Press (Barbell)",,"Guessing smith bar is 10kg, weight feels much lighter (?)",2,"failure",60,6,,,
"Push","Jan 16, 2026, 9:42 AM","Jan 16, 2026, 10:34 AM","","Shoulder Press (Machine Plates)",,"Tried out straps on top set",0,"warmup",40,8,,,
"Push","Jan 16, 2026, 9:42 AM","Jan 16, 2026, 10:34 AM","","Shoulder Press (Machine Plates)",,"Tried out straps on top set",1,"failure",97.5,7,,,9.5
"Push","Jan 16, 2026, 9:42 AM","Jan 16, 2026, 10:34 AM","","Shoulder Press (Machine Plates)",,"Tried out straps on top set",2,"failure",95,6,,,9.5
"Push","Jan 16, 2026, 9:42 AM","Jan 16, 2026, 10:34 AM","","Triceps Pushdown",,"",0,"failure",40,6,,,
"Push","Jan 16, 2026, 9:42 AM","Jan 16, 2026, 10:34 AM","","Triceps Pushdown",,"",1,"failure",37.5,7,,,
"Push","Jan 16, 2026, 9:42 AM","Jan 16, 2026, 10:34 AM","","Chest Fly (Machine)",,"",0,"failure",47.5,5,,,
"Push","Jan 16, 2026, 9:42 AM","Jan 16, 2026, 10:34 AM","","Chest Fly (Machine)",,"",1,"failure",42.5,7,,,
"Lower","Jan 15, 2026, 2:08 PM","Jan 15, 2026, 2:43 PM","Is this what it feels like after getting pegged","Squat (Barbell)",,"Holy i suck at squats",0,"warmup",20,6,,,
"Lower","Jan 15, 2026, 2:08 PM","Jan 15, 2026, 2:43 PM","Is this what it feels like after getting pegged","Squat (Barbell)",,"Holy i suck at squats",1,"warmup",60,8,,,
"Lower","Jan 15, 2026, 2:08 PM","Jan 15, 2026, 2:43 PM","Is this what it feels like after getting pegged","Squat (Barbell)",,"Holy i suck at squats",2,"failure",100,5,,,
"Lower","Jan 15, 2026, 2:08 PM","Jan 15, 2026, 2:43 PM","Is this what it feels like after getting pegged","Squat (Barbell)",,"Holy i suck at squats",3,"failure",90,6,,,
"Lower","Jan 15, 2026, 2:08 PM","Jan 15, 2026, 2:43 PM","Is this what it feels like after getting pegged","Romanian Deadlift (Barbell)",,"Cns isnt a real thing - though my ass does hurt from yesterday",0,"warmup",60,6,,,
"Lower","Jan 15, 2026, 2:08 PM","Jan 15, 2026, 2:43 PM","Is this what it feels like after getting pegged","Romanian Deadlift (Barbell)",,"Cns isnt a real thing - though my ass does hurt from yesterday",1,"normal",100,6,,,
"Lower","Jan 15, 2026, 2:08 PM","Jan 15, 2026, 2:43 PM","Is this what it feels like after getting pegged","Leg Extension (Machine)",,"",0,"normal",30,6,,,
"Pull","Jan 14, 2026, 4:37 PM","Jan 14, 2026, 6:50 PM","","Deadlift (Barbell)",,"Belt",0,"warmup",60,4,,,
"Pull","Jan 14, 2026, 4:37 PM","Jan 14, 2026, 6:50 PM","","Deadlift (Barbell)",,"Belt",1,"warmup",100,4,,,
"Pull","Jan 14, 2026, 4:37 PM","Jan 14, 2026, 6:50 PM","","Deadlift (Barbell)",,"Belt",2,"normal",140,3,,,
"Pull","Jan 14, 2026, 4:37 PM","Jan 14, 2026, 6:50 PM","","Deadlift (Barbell)",,"Belt",3,"normal",160,1,,,
"Pull","Jan 14, 2026, 4:37 PM","Jan 14, 2026, 6:50 PM","","Deadlift (Barbell)",,"Belt",4,"normal",170,1,,,
"Pull","Jan 14, 2026, 4:37 PM","Jan 14, 2026, 6:50 PM","","Preacher Curl (Machine)",,"",0,"warmup",40,6,,,
"Pull","Jan 14, 2026, 4:37 PM","Jan 14, 2026, 6:50 PM","","Preacher Curl (Machine)",,"",1,"failure",70,7,,,
"Pull","Jan 14, 2026, 4:37 PM","Jan 14, 2026, 6:50 PM","","Preacher Curl (Machine)",,"",2,"failure",65,7,,,
"Pull","Jan 14, 2026, 4:37 PM","Jan 14, 2026, 6:50 PM","","Seated Row (Machine)",,"",0,"warmup",49,8,,,
"Pull","Jan 14, 2026, 4:37 PM","Jan 14, 2026, 6:50 PM","","Seated Row (Machine)",,"",1,"failure",77,5,,,
"Pull","Jan 14, 2026, 4:37 PM","Jan 14, 2026, 6:50 PM","","Seated Row (Machine)",,"",2,"failure",73,7,,,
"Pull","Jan 14, 2026, 4:37 PM","Jan 14, 2026, 6:50 PM","","Hammer Curl (Preacher)",,"",0,"failure",18.14,6,,,
"Pull","Jan 14, 2026, 4:37 PM","Jan 14, 2026, 6:50 PM","","Hammer Curl (Preacher)",,"",1,"failure",15.88,8,,,
"Pull","Jan 14, 2026, 4:37 PM","Jan 14, 2026, 6:50 PM","","Pull Up",,"Cooked arms",0,"failure",,3,,,
"Pull","Jan 14, 2026, 4:37 PM","Jan 14, 2026, 6:50 PM","","Lat Pulldown (Cable)",,"",0,"warmup",50,8,,,
"Pull","Jan 14, 2026, 4:37 PM","Jan 14, 2026, 6:50 PM","","Lat Pulldown (Cable)",,"",1,"failure",80,6,,,
"Push","Jan 13, 2026, 4:40 PM","Jan 13, 2026, 5:54 PM","","Bench Press (Barbell)",,"Very close to 2nd rep on 100kg",0,"warmup",20,10,,,
"Push","Jan 13, 2026, 4:40 PM","Jan 13, 2026, 5:54 PM","","Bench Press (Barbell)",,"Very close to 2nd rep on 100kg",1,"normal",60,8,,,
"Push","Jan 13, 2026, 4:40 PM","Jan 13, 2026, 5:54 PM","","Bench Press (Barbell)",,"Very close to 2nd rep on 100kg",2,"normal",90,2,,,
"Push","Jan 13, 2026, 4:40 PM","Jan 13, 2026, 5:54 PM","","Bench Press (Barbell)",,"Very close to 2nd rep on 100kg",3,"failure",100,1,,,9.5
"Push","Jan 13, 2026, 4:40 PM","Jan 13, 2026, 5:54 PM","","Lateral Raise (Dumbbell)",,"",0,"warmup",9.07,10,,,
"Push","Jan 13, 2026, 4:40 PM","Jan 13, 2026, 5:54 PM","","Lateral Raise (Dumbbell)",,"",1,"failure",13.61,8,,,
"Push","Jan 13, 2026, 4:40 PM","Jan 13, 2026, 5:54 PM","","Lateral Raise (Dumbbell)",,"",2,"failure",11.34,8,,,
"Push","Jan 13, 2026, 4:40 PM","Jan 13, 2026, 5:54 PM","","JM Press (Barbell)",,"",0,"warmup",11,10,,,
"Push","Jan 13, 2026, 4:40 PM","Jan 13, 2026, 5:54 PM","","JM Press (Barbell)",,"",1,"failure",51,6,,,9
"Push","Jan 13, 2026, 4:40 PM","Jan 13, 2026, 5:54 PM","","JM Press (Barbell)",,"",2,"failure",41,10,,,9
"Push","Jan 13, 2026, 4:40 PM","Jan 13, 2026, 5:54 PM","","Shoulder Press (Dumbbell)",,"",0,"warmup",18,10,,,
"Push","Jan 13, 2026, 4:40 PM","Jan 13, 2026, 5:54 PM","","Shoulder Press (Dumbbell)",,"",1,"failure",28,8,,,
"Push","Jan 13, 2026, 4:40 PM","Jan 13, 2026, 5:54 PM","","Shoulder Press (Dumbbell)",,"",2,"failure",28,4,,,
"Push","Jan 13, 2026, 4:40 PM","Jan 13, 2026, 5:54 PM","","Butterfly (Pec Deck)",,"",0,"failure",56,9,,,
"Push","Jan 13, 2026, 4:40 PM","Jan 13, 2026, 5:54 PM","","Butterfly (Pec Deck)",,"",1,"failure",56,8,,,
"Push","Jan 13, 2026, 4:40 PM","Jan 13, 2026, 5:54 PM","","Triceps Pushdown",,"",0,"failure",35,8,,,
"Push","Jan 13, 2026, 4:40 PM","Jan 13, 2026, 5:54 PM","","Triceps Pushdown",,"",1,"failure",35,7,,,
"Lower","Jan 12, 2026, 4:31 PM","Jan 12, 2026, 5:34 PM","","Squat (Barbell)",,"",0,"warmup",20,6,,,
"Lower","Jan 12, 2026, 4:31 PM","Jan 12, 2026, 5:34 PM","","Squat (Barbell)",,"",1,"warmup",60,8,,,
"Lower","Jan 12, 2026, 4:31 PM","Jan 12, 2026, 5:34 PM","","Squat (Barbell)",,"",2,"failure",100,5,,,9.5
"Lower","Jan 12, 2026, 4:31 PM","Jan 12, 2026, 5:34 PM","","Squat (Barbell)",,"",3,"failure",90,6,,,
"Lower","Jan 12, 2026, 4:31 PM","Jan 12, 2026, 5:34 PM","","Romanian Deadlift (Barbell)",,"Holy cns fatigue",0,"warmup",60,6,,,
"Lower","Jan 12, 2026, 4:31 PM","Jan 12, 2026, 5:34 PM","","Romanian Deadlift (Barbell)",,"Holy cns fatigue",1,"failure",140,8,,,9.5
"Lower","Jan 12, 2026, 4:31 PM","Jan 12, 2026, 5:34 PM","","Romanian Deadlift (Barbell)",,"Holy cns fatigue",2,"failure",120,6,,,9
"Lower","Jan 12, 2026, 4:31 PM","Jan 12, 2026, 5:34 PM","","Seated Calf Raise",,"",0,"warmup",45.36,10,,,
"Lower","Jan 12, 2026, 4:31 PM","Jan 12, 2026, 5:34 PM","","Seated Calf Raise",,"",1,"failure",58.97,10,,,
"Lower","Jan 12, 2026, 4:31 PM","Jan 12, 2026, 5:34 PM","","Seated Calf Raise",,"",2,"failure",52.16,12,,,
"Lower","Jan 12, 2026, 4:31 PM","Jan 12, 2026, 5:34 PM","","Leg Extension (Machine)",,"",0,"normal",38,6,,,
"Lower","Jan 12, 2026, 4:31 PM","Jan 12, 2026, 5:34 PM","","Leg Extension (Machine)",,"",1,"failure",62,7,,,
"Pull","Jan 11, 2026, 9:09 AM","Jan 11, 2026, 10:32 AM","","Deadlift (Barbell)",,"Mixed grip but the other way",0,"warmup",60,6,,,
"Pull","Jan 11, 2026, 9:09 AM","Jan 11, 2026, 10:32 AM","","Deadlift (Barbell)",,"Mixed grip but the other way",1,"warmup",100,6,,,
"Pull","Jan 11, 2026, 9:09 AM","Jan 11, 2026, 10:32 AM","","Deadlift (Barbell)",,"Mixed grip but the other way",2,"normal",130,3,,,
"Pull","Jan 11, 2026, 9:09 AM","Jan 11, 2026, 10:32 AM","","Lat Pulldown (Cable)",,"",0,"warmup",50,8,,,
"Pull","Jan 11, 2026, 9:09 AM","Jan 11, 2026, 10:32 AM","","Lat Pulldown (Cable)",,"",1,"failure",88,6,,,
"Pull","Jan 11, 2026, 9:09 AM","Jan 11, 2026, 10:32 AM","","Lat Pulldown (Cable)",,"",2,"failure",80,6,,,
"Pull","Jan 11, 2026, 9:09 AM","Jan 11, 2026, 10:32 AM","","Seated Row (Machine)",,"",0,"warmup",49,8,,,
"Pull","Jan 11, 2026, 9:09 AM","Jan 11, 2026, 10:32 AM","","Seated Row (Machine)",,"",1,"failure",77,5,,,
"Pull","Jan 11, 2026, 9:09 AM","Jan 11, 2026, 10:32 AM","","Seated Row (Machine)",,"",2,"failure",69,7,,,
"Pull","Jan 11, 2026, 9:09 AM","Jan 11, 2026, 10:32 AM","","Preacher Curl (Machine)",,"",0,"warmup",40,6,,,
"Pull","Jan 11, 2026, 9:09 AM","Jan 11, 2026, 10:32 AM","","Preacher Curl (Machine)",,"",1,"failure",70,6,,,
"Pull","Jan 11, 2026, 9:09 AM","Jan 11, 2026, 10:32 AM","","Preacher Curl (Machine)",,"",2,"failure",65,8,,,
"Pull","Jan 11, 2026, 9:09 AM","Jan 11, 2026, 10:32 AM","","Lat Pulldown - Close Grip (Cable)",,"",0,"failure",95,4,,,
"Pull","Jan 11, 2026, 9:09 AM","Jan 11, 2026, 10:32 AM","","Lat Pulldown - Close Grip (Cable)",,"",1,"failure",88,7,,,
"Pull","Jan 11, 2026, 9:09 AM","Jan 11, 2026, 10:32 AM","","Hammer Curl (Preacher)",,"",0,"warmup",9.07,6,,,
"Pull","Jan 11, 2026, 9:09 AM","Jan 11, 2026, 10:32 AM","","Hammer Curl (Preacher)",,"",1,"failure",18.14,5,,,
"Pull","Jan 11, 2026, 9:09 AM","Jan 11, 2026, 10:32 AM","","Hammer Curl (Preacher)",,"",2,"failure",15.88,8,,,
"Push","Jan 10, 2026, 10:18 AM","Jan 10, 2026, 11:29 AM","","Bench Press (Barbell)",,"Bar is 50lb",0,"warmup",22.5,10,,,
"Push","Jan 10, 2026, 10:18 AM","Jan 10, 2026, 11:29 AM","","Bench Press (Barbell)",,"Bar is 50lb",1,"normal",62.5,8,,,
"Push","Jan 10, 2026, 10:18 AM","Jan 10, 2026, 11:29 AM","","Bench Press (Barbell)",,"Bar is 50lb",2,"failure",90,5,,,9.5
"Push","Jan 10, 2026, 10:18 AM","Jan 10, 2026, 11:29 AM","","Bench Press (Barbell)",,"Bar is 50lb",3,"failure",82.5,5,,,9.5
"Push","Jan 10, 2026, 10:18 AM","Jan 10, 2026, 11:29 AM","","Lateral Raise (Dumbbell)",,"",0,"warmup",9.07,10,,,
"Push","Jan 10, 2026, 10:18 AM","Jan 10, 2026, 11:29 AM","","Lateral Raise (Dumbbell)",,"",1,"failure",13.61,7,,,
"Push","Jan 10, 2026, 10:18 AM","Jan 10, 2026, 11:29 AM","","Lateral Raise (Dumbbell)",,"",2,"failure",11.34,8,,,
"Push","Jan 10, 2026, 10:18 AM","Jan 10, 2026, 11:29 AM","","JM Press (Barbell)",,"Proper form - still getting used to it",0,"warmup",11,10,,,
"Push","Jan 10, 2026, 10:18 AM","Jan 10, 2026, 11:29 AM","","JM Press (Barbell)",,"Proper form - still getting used to it",1,"normal",21,8,,,
"Push","Jan 10, 2026, 10:18 AM","Jan 10, 2026, 11:29 AM","","JM Press (Barbell)",,"Proper form - still getting used to it",2,"normal",31,8,,,
"Push","Jan 10, 2026, 10:18 AM","Jan 10, 2026, 11:29 AM","","JM Press (Barbell)",,"Proper form - still getting used to it",3,"normal",41,8,,,
"Push","Jan 10, 2026, 10:18 AM","Jan 10, 2026, 11:29 AM","","Shoulder Press (Dumbbell)",,"",0,"warmup",18,10,,,
"Push","Jan 10, 2026, 10:18 AM","Jan 10, 2026, 11:29 AM","","Shoulder Press (Dumbbell)",,"",1,"failure",28,6,,,
"Push","Jan 10, 2026, 10:18 AM","Jan 10, 2026, 11:29 AM","","Shoulder Press (Dumbbell)",,"",2,"failure",26,6,,,
"Push","Jan 10, 2026, 10:18 AM","Jan 10, 2026, 11:29 AM","","Butterfly (Pec Deck)",,"",0,"failure",56,8,,,
"Push","Jan 10, 2026, 10:18 AM","Jan 10, 2026, 11:29 AM","","Butterfly (Pec Deck)",,"",1,"failure",56,6,,,
"Push","Jan 10, 2026, 10:18 AM","Jan 10, 2026, 11:29 AM","","Triceps Pushdown",,"",0,"failure",35,6,,,
"Lower","Jan 9, 2026, 4:31 PM","Jan 9, 2026, 5:25 PM","","Squat (Barbell)",,"Could very likely do more - struggle going to absolute failure",0,"warmup",20,6,,,
"Lower","Jan 9, 2026, 4:31 PM","Jan 9, 2026, 5:25 PM","","Squat (Barbell)",,"Could very likely do more - struggle going to absolute failure",1,"warmup",60,8,,,
"Lower","Jan 9, 2026, 4:31 PM","Jan 9, 2026, 5:25 PM","","Squat (Barbell)",,"Could very likely do more - struggle going to absolute failure",2,"failure",100,5,,,
"Lower","Jan 9, 2026, 4:31 PM","Jan 9, 2026, 5:25 PM","","Squat (Barbell)",,"Could very likely do more - struggle going to absolute failure",3,"failure",90,6,,,
"Lower","Jan 9, 2026, 4:31 PM","Jan 9, 2026, 5:25 PM","","Seated Calf Raise",,"",0,"warmup",34.02,10,,,
"Lower","Jan 9, 2026, 4:31 PM","Jan 9, 2026, 5:25 PM","","Seated Calf Raise",,"",1,"failure",58.97,9,,,
"Lower","Jan 9, 2026, 4:31 PM","Jan 9, 2026, 5:25 PM","","Seated Calf Raise",,"",2,"failure",52.16,12,,,
"Lower","Jan 9, 2026, 4:31 PM","Jan 9, 2026, 5:25 PM","","Romanian Deadlift (Barbell)",,"",0,"warmup",60,6,,,
"Lower","Jan 9, 2026, 4:31 PM","Jan 9, 2026, 5:25 PM","","Romanian Deadlift (Barbell)",,"",1,"failure",140,6,,,9.5
"Lower","Jan 9, 2026, 4:31 PM","Jan 9, 2026, 5:25 PM","","Romanian Deadlift (Barbell)",,"",2,"normal",120,6,,,7.5
"Lower","Jan 9, 2026, 4:31 PM","Jan 9, 2026, 5:25 PM","","Leg Extension (Machine)",,"",0,"normal",38,6,,,
"Lower","Jan 9, 2026, 4:31 PM","Jan 9, 2026, 5:25 PM","","Leg Extension (Machine)",,"",1,"failure",62,6,,,
"Pull","Jan 8, 2026, 4:38 PM","Jan 8, 2026, 6:32 PM","","Deadlift (Barbell)",,"Mixed grip",0,"normal",60,6,,,
"Pull","Jan 8, 2026, 4:38 PM","Jan 8, 2026, 6:32 PM","","Deadlift (Barbell)",,"Mixed grip",1,"normal",100,4,,,
"Pull","Jan 8, 2026, 4:38 PM","Jan 8, 2026, 6:32 PM","","Deadlift (Barbell)",,"Mixed grip",2,"normal",120,4,,,
"Pull","Jan 8, 2026, 4:38 PM","Jan 8, 2026, 6:32 PM","","Deadlift (Barbell)",,"Mixed grip",3,"normal",150,2,,,8.5
"Pull","Jan 8, 2026, 4:38 PM","Jan 8, 2026, 6:32 PM","","Deadlift (Barbell)",,"Mixed grip",4,"normal",165,1,,,9.5
"Pull","Jan 8, 2026, 4:38 PM","Jan 8, 2026, 6:32 PM","","Lat Pulldown (Cable)",,"",0,"warmup",50,8,,,
"Pull","Jan 8, 2026, 4:38 PM","Jan 8, 2026, 6:32 PM","","Lat Pulldown (Cable)",,"",1,"failure",88,6,,,
"Pull","Jan 8, 2026, 4:38 PM","Jan 8, 2026, 6:32 PM","","Lat Pulldown (Cable)",,"",2,"failure",80,7,,,
"Pull","Jan 8, 2026, 4:38 PM","Jan 8, 2026, 6:32 PM","","Bent Over Row (Barbell)",,"Idk bro",0,"warmup",20,8,,,
"Pull","Jan 8, 2026, 4:38 PM","Jan 8, 2026, 6:32 PM","","Bent Over Row (Barbell)",,"Idk bro",1,"normal",40,8,,,
"Pull","Jan 8, 2026, 4:38 PM","Jan 8, 2026, 6:32 PM","","Bent Over Row (Barbell)",,"Idk bro",2,"normal",60,6,,,
"Pull","Jan 8, 2026, 4:38 PM","Jan 8, 2026, 6:32 PM","","Bent Over Row (Barbell)",,"Idk bro",3,"normal",60,6,,,
"Pull","Jan 8, 2026, 4:38 PM","Jan 8, 2026, 6:32 PM","","Bent Over Row (Barbell)",,"Idk bro",4,"normal",70,6,,,
"Pull","Jan 8, 2026, 4:38 PM","Jan 8, 2026, 6:32 PM","","Preacher Curl (Machine)",,"",0,"warmup",40,6,,,
"Pull","Jan 8, 2026, 4:38 PM","Jan 8, 2026, 6:32 PM","","Preacher Curl (Machine)",,"",1,"failure",70,4,,,
"Pull","Jan 8, 2026, 4:38 PM","Jan 8, 2026, 6:32 PM","","Preacher Curl (Machine)",,"",2,"failure",65,6,,,
"Pull","Jan 8, 2026, 4:38 PM","Jan 8, 2026, 6:32 PM","","Lat Pulldown - Close Grip (Cable)",,"",0,"failure",95,3,,,
"Pull","Jan 8, 2026, 4:38 PM","Jan 8, 2026, 6:32 PM","","Lat Pulldown - Close Grip (Cable)",,"",1,"failure",88,6,,,
"Pull","Jan 8, 2026, 4:38 PM","Jan 8, 2026, 6:32 PM","","Hammer Curl (Dumbbell)",,"Normal ver",0,"normal",18,7,,,
"Pull","Jan 8, 2026, 4:38 PM","Jan 8, 2026, 6:32 PM","","Hammer Curl (Dumbbell)",,"Normal ver",1,"failure",26,6,,,
"Pull","Jan 8, 2026, 4:38 PM","Jan 8, 2026, 6:32 PM","","Hammer Curl (Dumbbell)",,"Normal ver",2,"failure",24,8,,,
"Push","Jan 7, 2026, 4:36 PM","Jan 7, 2026, 6:04 PM","","Bench Press (Barbell)",,"Closer to 5th rep, bar is 50lb ~= 22.5kg",0,"warmup",22.5,10,,,
"Push","Jan 7, 2026, 4:36 PM","Jan 7, 2026, 6:04 PM","","Bench Press (Barbell)",,"Closer to 5th rep, bar is 50lb ~= 22.5kg",1,"normal",62.5,8,,,
"Push","Jan 7, 2026, 4:36 PM","Jan 7, 2026, 6:04 PM","","Bench Press (Barbell)",,"Closer to 5th rep, bar is 50lb ~= 22.5kg",2,"failure",90,4,,,
"Push","Jan 7, 2026, 4:36 PM","Jan 7, 2026, 6:04 PM","","Bench Press (Barbell)",,"Closer to 5th rep, bar is 50lb ~= 22.5kg",3,"failure",82.5,5,,,
"Push","Jan 7, 2026, 4:36 PM","Jan 7, 2026, 6:04 PM","","Lateral Raise (Dumbbell)",,"",0,"warmup",9.07,10,,,
"Push","Jan 7, 2026, 4:36 PM","Jan 7, 2026, 6:04 PM","","Lateral Raise (Dumbbell)",,"",1,"failure",13.61,6,,,
"Push","Jan 7, 2026, 4:36 PM","Jan 7, 2026, 6:04 PM","","Lateral Raise (Dumbbell)",,"",2,"failure",11.34,8,,,
"Push","Jan 7, 2026, 4:36 PM","Jan 7, 2026, 6:04 PM","","JM Press (Barbell)",,"Trying diff form out",0,"warmup",11,10,,,
"Push","Jan 7, 2026, 4:36 PM","Jan 7, 2026, 6:04 PM","","JM Press (Barbell)",,"Trying diff form out",1,"failure",31,8,,,
"Push","Jan 7, 2026, 4:36 PM","Jan 7, 2026, 6:04 PM","","JM Press (Barbell)",,"Trying diff form out",2,"normal",31,6,,,
"Push","Jan 7, 2026, 4:36 PM","Jan 7, 2026, 6:04 PM","","JM Press (Barbell)",,"Trying diff form out",3,"normal",31,6,,,
"Push","Jan 7, 2026, 4:36 PM","Jan 7, 2026, 6:04 PM","","Shoulder Press (Dumbbell)",,"30 to heavy g",0,"normal",18,8,,,
"Push","Jan 7, 2026, 4:36 PM","Jan 7, 2026, 6:04 PM","","Shoulder Press (Dumbbell)",,"30 to heavy g",1,"normal",30,1,,,
"Push","Jan 7, 2026, 4:36 PM","Jan 7, 2026, 6:04 PM","","Shoulder Press (Dumbbell)",,"30 to heavy g",2,"failure",26,8,,,
"Push","Jan 7, 2026, 4:36 PM","Jan 7, 2026, 6:04 PM","","Butterfly (Pec Deck)",,"",0,"normal",56,6,,,
"Push","Jan 7, 2026, 4:36 PM","Jan 7, 2026, 6:04 PM","","Butterfly (Pec Deck)",,"",1,"failure",56,8,,,
"Push","Jan 7, 2026, 4:36 PM","Jan 7, 2026, 6:04 PM","","Triceps Pushdown",,"",0,"failure",35,8,,,
"Push","Jan 7, 2026, 4:36 PM","Jan 7, 2026, 6:04 PM","","Triceps Pushdown",,"",1,"failure",35,6,,,
"Lower","Jan 6, 2026, 4:38 PM","Jan 6, 2026, 5:35 PM","","Squat (Barbell)",,"Max rom, can push myself much more on normal squat compared to HS",0,"warmup",20,6,,,
"Lower","Jan 6, 2026, 4:38 PM","Jan 6, 2026, 5:35 PM","","Squat (Barbell)",,"Max rom, can push myself much more on normal squat compared to HS",1,"warmup",60,8,,,
"Lower","Jan 6, 2026, 4:38 PM","Jan 6, 2026, 5:35 PM","","Squat (Barbell)",,"Max rom, can push myself much more on normal squat compared to HS",2,"normal",80,6,,,8
"Lower","Jan 6, 2026, 4:38 PM","Jan 6, 2026, 5:35 PM","","Squat (Barbell)",,"Max rom, can push myself much more on normal squat compared to HS",3,"failure",100,4,,,9.5
"Lower","Jan 6, 2026, 4:38 PM","Jan 6, 2026, 5:35 PM","","Seated Calf Raise",,"",0,"normal",34.02,10,,,
"Lower","Jan 6, 2026, 4:38 PM","Jan 6, 2026, 5:35 PM","","Seated Calf Raise",,"",1,"failure",56.7,8,,,
"Lower","Jan 6, 2026, 4:38 PM","Jan 6, 2026, 5:35 PM","","Seated Calf Raise",,"",2,"failure",45.36,9,,,
"Lower","Jan 6, 2026, 4:38 PM","Jan 6, 2026, 5:35 PM","","Romanian Deadlift (Barbell)",,"Fighting off a hamstring cramp since squats",0,"warmup",60,6,,,
"Lower","Jan 6, 2026, 4:38 PM","Jan 6, 2026, 5:35 PM","","Romanian Deadlift (Barbell)",,"Fighting off a hamstring cramp since squats",1,"normal",100,6,,,
"Lower","Jan 6, 2026, 4:38 PM","Jan 6, 2026, 5:35 PM","","Romanian Deadlift (Barbell)",,"Fighting off a hamstring cramp since squats",2,"failure",140,5,,,
"Lower","Jan 6, 2026, 4:38 PM","Jan 6, 2026, 5:35 PM","","Leg Extension (Machine)",,"",0,"normal",38,6,,,
"Lower","Jan 6, 2026, 4:38 PM","Jan 6, 2026, 5:35 PM","","Leg Extension (Machine)",,"",1,"failure",56,6,,,
"Pull","Jan 5, 2026, 6:28 PM","Jan 5, 2026, 7:33 PM","","Deadlift (Barbell)",,"Mixed grip tryout - hands are fucking freezing",0,"normal",60,6,,,
"Pull","Jan 5, 2026, 6:28 PM","Jan 5, 2026, 7:33 PM","","Deadlift (Barbell)",,"Mixed grip tryout - hands are fucking freezing",1,"normal",100,4,,,
"Pull","Jan 5, 2026, 6:28 PM","Jan 5, 2026, 7:33 PM","","Deadlift (Barbell)",,"Mixed grip tryout - hands are fucking freezing",2,"normal",120,3,,,
"Pull","Jan 5, 2026, 6:28 PM","Jan 5, 2026, 7:33 PM","","Deadlift (Barbell)",,"Mixed grip tryout - hands are fucking freezing",3,"normal",140,2,,,
"Pull","Jan 5, 2026, 6:28 PM","Jan 5, 2026, 7:33 PM","","Lat Pulldown (Cable)",,"",0,"warmup",50,8,,,
"Pull","Jan 5, 2026, 6:28 PM","Jan 5, 2026, 7:33 PM","","Lat Pulldown (Cable)",,"",1,"failure",88,5,,,
"Pull","Jan 5, 2026, 6:28 PM","Jan 5, 2026, 7:33 PM","","Lat Pulldown (Cable)",,"",2,"failure",80,8,,,
"Pull","Jan 5, 2026, 6:28 PM","Jan 5, 2026, 7:33 PM","","Seated Row (Machine)",,"",0,"failure",73,5,,,
"Pull","Jan 5, 2026, 6:28 PM","Jan 5, 2026, 7:33 PM","","Seated Row (Machine)",,"",1,"failure",65,8,,,
"Pull","Jan 5, 2026, 6:28 PM","Jan 5, 2026, 7:33 PM","","Preacher Curl (Machine)",,"",0,"warmup",40,6,,,
"Pull","Jan 5, 2026, 6:28 PM","Jan 5, 2026, 7:33 PM","","Preacher Curl (Machine)",,"",1,"failure",65,5,,,
"Pull","Jan 5, 2026, 6:28 PM","Jan 5, 2026, 7:33 PM","","Preacher Curl (Machine)",,"",2,"failure",60,5,,,
"Pull","Jan 5, 2026, 6:28 PM","Jan 5, 2026, 7:33 PM","","Lat Pulldown - Close Grip (Cable)",,"",0,"failure",88,6,,,
"Pull","Jan 5, 2026, 6:28 PM","Jan 5, 2026, 7:33 PM","","Lat Pulldown - Close Grip (Cable)",,"",1,"failure",80,8,,,
"Pull","Jan 5, 2026, 6:28 PM","Jan 5, 2026, 7:33 PM","","Hammer Curl (Dumbbell)",,"First arm is weaker?",0,"failure",15.88,7,,,
"Pull","Jan 5, 2026, 6:28 PM","Jan 5, 2026, 7:33 PM","","Hammer Curl (Dumbbell)",,"First arm is weaker?",1,"failure",18.14,3,,,
"Push","Jan 4, 2026, 9:12 AM","Jan 4, 2026, 10:58 AM","","Bench Press (Barbell)",,"95 kinda light work",0,"warmup",20,10,,,
"Push","Jan 4, 2026, 9:12 AM","Jan 4, 2026, 10:58 AM","","Bench Press (Barbell)",,"95 kinda light work",1,"normal",60,8,,,
"Push","Jan 4, 2026, 9:12 AM","Jan 4, 2026, 10:58 AM","","Bench Press (Barbell)",,"95 kinda light work",2,"normal",80,3,,,7
"Push","Jan 4, 2026, 9:12 AM","Jan 4, 2026, 10:58 AM","","Bench Press (Barbell)",,"95 kinda light work",3,"normal",90,1,,,9
"Push","Jan 4, 2026, 9:12 AM","Jan 4, 2026, 10:58 AM","","Bench Press (Barbell)",,"95 kinda light work",4,"normal",95,1,,,9.5
"Push","Jan 4, 2026, 9:12 AM","Jan 4, 2026, 10:58 AM","","Lateral Raise (Dumbbell)",,"",0,"warmup",9.07,10,,,
"Push","Jan 4, 2026, 9:12 AM","Jan 4, 2026, 10:58 AM","","Lateral Raise (Dumbbell)",,"",1,"failure",11.34,10,,,
"Push","Jan 4, 2026, 9:12 AM","Jan 4, 2026, 10:58 AM","","Lateral Raise (Dumbbell)",,"",2,"failure",13.61,5,,,
"Push","Jan 4, 2026, 9:12 AM","Jan 4, 2026, 10:58 AM","","JM Press (Barbell)",,"Smith",0,"warmup",11,10,,,
"Push","Jan 4, 2026, 9:12 AM","Jan 4, 2026, 10:58 AM","","JM Press (Barbell)",,"Smith",1,"normal",26,10,,,
"Push","Jan 4, 2026, 9:12 AM","Jan 4, 2026, 10:58 AM","","JM Press (Barbell)",,"Smith",2,"normal",31,8,,,
"Push","Jan 4, 2026, 9:12 AM","Jan 4, 2026, 10:58 AM","","Seated Shoulder Press (Machine)",,"",0,"normal",23.5,6,,,
"Push","Jan 4, 2026, 9:12 AM","Jan 4, 2026, 10:58 AM","","Seated Shoulder Press (Machine)",,"",1,"failure",68.5,4,,,
"Push","Jan 4, 2026, 9:12 AM","Jan 4, 2026, 10:58 AM","","Seated Shoulder Press (Machine)",,"",2,"failure",63.5,5,,,
"Push","Jan 4, 2026, 9:12 AM","Jan 4, 2026, 10:58 AM","","Butterfly (Pec Deck)",,"",0,"normal",56,6,,,
"Push","Jan 4, 2026, 9:12 AM","Jan 4, 2026, 10:58 AM","","Butterfly (Pec Deck)",,"",1,"normal",56,6,,,
"Push","Jan 4, 2026, 9:12 AM","Jan 4, 2026, 10:58 AM","","Triceps Pushdown",,"",0,"failure",43.5,4,,,
"Push","Jan 4, 2026, 9:12 AM","Jan 4, 2026, 10:58 AM","","Triceps Pushdown",,"",1,"failure",35,6,,,
"Lower","Jan 3, 2026, 10:05 AM","Jan 3, 2026, 11:01 AM","","Hack Squat (Machine)",,"Max ROM - legs lower down, i really dont know if my feet are in the right position",0,"warmup",,6,,,
"Lower","Jan 3, 2026, 10:05 AM","Jan 3, 2026, 11:01 AM","","Hack Squat (Machine)",,"Max ROM - legs lower down, i really dont know if my feet are in the right position",1,"warmup",40,6,,,
"Lower","Jan 3, 2026, 10:05 AM","Jan 3, 2026, 11:01 AM","","Hack Squat (Machine)",,"Max ROM - legs lower down, i really dont know if my feet are in the right position",2,"failure",70,7,,,
"Lower","Jan 3, 2026, 10:05 AM","Jan 3, 2026, 11:01 AM","","Hack Squat (Machine)",,"Max ROM - legs lower down, i really dont know if my feet are in the right position",3,"failure",70,4,,,
"Lower","Jan 3, 2026, 10:05 AM","Jan 3, 2026, 11:01 AM","","Seated Calf Raise",,"",0,"normal",45.36,10,,,
"Lower","Jan 3, 2026, 10:05 AM","Jan 3, 2026, 11:01 AM","","Seated Calf Raise",,"",1,"normal",52.16,12,,,
"Lower","Jan 3, 2026, 10:05 AM","Jan 3, 2026, 11:01 AM","","Seated Calf Raise",,"",2,"failure",56.7,9,,,
"Lower","Jan 3, 2026, 10:05 AM","Jan 3, 2026, 11:01 AM","","Romanian Deadlift (Barbell)",,"Last set is test",0,"warmup",60,6,,,
"Lower","Jan 3, 2026, 10:05 AM","Jan 3, 2026, 11:01 AM","","Romanian Deadlift (Barbell)",,"Last set is test",1,"normal",100,6,,,
"Lower","Jan 3, 2026, 10:05 AM","Jan 3, 2026, 11:01 AM","","Romanian Deadlift (Barbell)",,"Last set is test",2,"failure",140,4,,,
"Lower","Jan 3, 2026, 10:05 AM","Jan 3, 2026, 11:01 AM","","Romanian Deadlift (Barbell)",,"Last set is test",3,"normal",60,4,,,
"Lower","Jan 3, 2026, 10:05 AM","Jan 3, 2026, 11:01 AM","","Leg Extension (Machine)",,"Idk bro",0,"normal",56,6,,,
"Pull","Jan 2, 2026, 4:40 PM","Jan 2, 2026, 6:12 PM","","Deadlift (Barbell)",,"Just getting used to it tbh",0,"normal",60,6,,,
"Pull","Jan 2, 2026, 4:40 PM","Jan 2, 2026, 6:12 PM","","Deadlift (Barbell)",,"Just getting used to it tbh",1,"normal",100,4,,,
"Pull","Jan 2, 2026, 4:40 PM","Jan 2, 2026, 6:12 PM","","Deadlift (Barbell)",,"Just getting used to it tbh",2,"normal",120,4,,,
"Pull","Jan 2, 2026, 4:40 PM","Jan 2, 2026, 6:12 PM","","Deadlift (Barbell)",,"Just getting used to it tbh",3,"normal",120,4,,,
"Pull","Jan 2, 2026, 4:40 PM","Jan 2, 2026, 6:12 PM","","Lat Pulldown (Cable)",,"",0,"warmup",50,8,,,
"Pull","Jan 2, 2026, 4:40 PM","Jan 2, 2026, 6:12 PM","","Lat Pulldown (Cable)",,"",1,"failure",88,5,,,
"Pull","Jan 2, 2026, 4:40 PM","Jan 2, 2026, 6:12 PM","","Lat Pulldown (Cable)",,"",2,"failure",80,6,,,
"Pull","Jan 2, 2026, 4:40 PM","Jan 2, 2026, 6:12 PM","","Dumbbell Row",,"Wider arm path",0,"warmup",20,6,,,
"Pull","Jan 2, 2026, 4:40 PM","Jan 2, 2026, 6:12 PM","","Dumbbell Row",,"Wider arm path",1,"failure",30,8,,,
"Pull","Jan 2, 2026, 4:40 PM","Jan 2, 2026, 6:12 PM","","Dumbbell Row",,"Wider arm path",2,"failure",36,10,,,
"Pull","Jan 2, 2026, 4:40 PM","Jan 2, 2026, 6:12 PM","","Preacher Curl (Machine)",,"This specific preacher is really good",0,"normal",40,8,,,
"Pull","Jan 2, 2026, 4:40 PM","Jan 2, 2026, 6:12 PM","","Preacher Curl (Machine)",,"This specific preacher is really good",1,"failure",60,5,,,
"Pull","Jan 2, 2026, 4:40 PM","Jan 2, 2026, 6:12 PM","","Preacher Curl (Machine)",,"This specific preacher is really good",2,"failure",60,5,,,
"Pull","Jan 2, 2026, 4:40 PM","Jan 2, 2026, 6:12 PM","","Lat Pulldown - Close Grip (Cable)",,"",0,"failure",88,5,,,
"Pull","Jan 2, 2026, 4:40 PM","Jan 2, 2026, 6:12 PM","","Lat Pulldown - Close Grip (Cable)",,"",1,"normal",73,8,,,
"Pull","Jan 2, 2026, 4:40 PM","Jan 2, 2026, 6:12 PM","","Hammer Curl (Dumbbell)",,"Preacher - Right weaker than left?",0,"failure",15.88,6,,,
"Pull","Jan 2, 2026, 4:40 PM","Jan 2, 2026, 6:12 PM","","Hammer Curl (Dumbbell)",,"Preacher - Right weaker than left?",1,"failure",18.14,3,,,
"Push","Dec 30, 2025, 4:32 PM","Dec 30, 2025, 6:04 PM","","Bench Press (Barbell)",,"",0,"warmup",20,10,,,
"Push","Dec 30, 2025, 4:32 PM","Dec 30, 2025, 6:04 PM","","Bench Press (Barbell)",,"",1,"normal",60,8,,,
"Push","Dec 30, 2025, 4:32 PM","Dec 30, 2025, 6:04 PM","","Bench Press (Barbell)",,"",2,"failure",87.5,4,,,9
"Push","Dec 30, 2025, 4:32 PM","Dec 30, 2025, 6:04 PM","","Bench Press (Barbell)",,"",3,"normal",70,6,,,7
"Push","Dec 30, 2025, 4:32 PM","Dec 30, 2025, 6:04 PM","","Lateral Raise (Dumbbell)",,"",0,"warmup",6.8,10,,,
"Push","Dec 30, 2025, 4:32 PM","Dec 30, 2025, 6:04 PM","","Lateral Raise (Dumbbell)",,"",1,"failure",9.07,11,,,
"Push","Dec 30, 2025, 4:32 PM","Dec 30, 2025, 6:04 PM","","Lateral Raise (Dumbbell)",,"",2,"failure",11.34,8,,,
"Push","Dec 30, 2025, 4:32 PM","Dec 30, 2025, 6:04 PM","","JM Press (Barbell)",,"Smith",0,"warmup",11,12,,,
"Push","Dec 30, 2025, 4:32 PM","Dec 30, 2025, 6:04 PM","","JM Press (Barbell)",,"Smith",1,"normal",21,10,,,
"Push","Dec 30, 2025, 4:32 PM","Dec 30, 2025, 6:04 PM","","JM Press (Barbell)",,"Smith",2,"normal",26,8,,,
"Push","Dec 30, 2025, 4:32 PM","Dec 30, 2025, 6:04 PM","","Seated Shoulder Press (Machine)",,"",0,"normal",23.5,6,,,
"Push","Dec 30, 2025, 4:32 PM","Dec 30, 2025, 6:04 PM","","Seated Shoulder Press (Machine)",,"",1,"normal",63.5,6,,,
"Push","Dec 30, 2025, 4:32 PM","Dec 30, 2025, 6:04 PM","","Seated Shoulder Press (Machine)",,"",2,"failure",68.5,4,,,
"Push","Dec 30, 2025, 4:32 PM","Dec 30, 2025, 6:04 PM","","Butterfly (Pec Deck)",,"Bit diff form helps w shoulders",0,"normal",56,6,,,
"Push","Dec 30, 2025, 4:32 PM","Dec 30, 2025, 6:04 PM","","Butterfly (Pec Deck)",,"Bit diff form helps w shoulders",1,"normal",56,4,,,
"Push","Dec 30, 2025, 4:32 PM","Dec 30, 2025, 6:04 PM","","Triceps Pushdown",,"",0,"failure",40,6,,,
"Push","Dec 30, 2025, 4:32 PM","Dec 30, 2025, 6:04 PM","","Triceps Pushdown",,"",1,"failure",35,4,,,
"Lower","Dec 29, 2025, 4:32 PM","Dec 29, 2025, 5:37 PM","","Hack Squat (Machine)",,"Literally as much ROM as possible",0,"warmup",,6,,,
"Lower","Dec 29, 2025, 4:32 PM","Dec 29, 2025, 5:37 PM","","Hack Squat (Machine)",,"Literally as much ROM as possible",1,"warmup",40,6,,,
"Lower","Dec 29, 2025, 4:32 PM","Dec 29, 2025, 5:37 PM","","Hack Squat (Machine)",,"Literally as much ROM as possible",2,"failure",80,4,,,
"Lower","Dec 29, 2025, 4:32 PM","Dec 29, 2025, 5:37 PM","","Hack Squat (Machine)",,"Literally as much ROM as possible",3,"failure",80,3,,,
"Lower","Dec 29, 2025, 4:32 PM","Dec 29, 2025, 5:37 PM","","Seated Calf Raise",,"Ts machine SUCKS",0,"normal",34.02,15,,,
"Lower","Dec 29, 2025, 4:32 PM","Dec 29, 2025, 5:37 PM","","Seated Calf Raise",,"Ts machine SUCKS",1,"failure",45.36,12,,,
"Lower","Dec 29, 2025, 4:32 PM","Dec 29, 2025, 5:37 PM","","Seated Calf Raise",,"Ts machine SUCKS",2,"failure",52.16,8,,,
"Lower","Dec 29, 2025, 4:32 PM","Dec 29, 2025, 5:37 PM","","Romanian Deadlift (Barbell)",,"Not as crazy jump",0,"warmup",60,6,,,
"Lower","Dec 29, 2025, 4:32 PM","Dec 29, 2025, 5:37 PM","","Romanian Deadlift (Barbell)",,"Not as crazy jump",1,"normal",100,6,,,
"Lower","Dec 29, 2025, 4:32 PM","Dec 29, 2025, 5:37 PM","","Romanian Deadlift (Barbell)",,"Not as crazy jump",2,"failure",135,6,,,
"Lower","Dec 29, 2025, 4:32 PM","Dec 29, 2025, 5:37 PM","","Leg Extension (Machine)",,"Single leg - shorts kinds ruined it icl",0,"normal",50,6,,,
"Lower","Dec 29, 2025, 4:32 PM","Dec 29, 2025, 5:37 PM","","Leg Extension (Machine)",,"Single leg - shorts kinds ruined it icl",1,"failure",56,6,,,
"Pull","Dec 28, 2025, 9:11 AM","Dec 28, 2025, 10:09 AM","","Lat Pulldown (Cable)",,"",0,"warmup",50,8,,,
"Pull","Dec 28, 2025, 9:11 AM","Dec 28, 2025, 10:09 AM","","Lat Pulldown (Cable)",,"",1,"failure",88,4,,,
"Pull","Dec 28, 2025, 9:11 AM","Dec 28, 2025, 10:09 AM","","Lat Pulldown (Cable)",,"",2,"failure",70,6,,,
"Pull","Dec 28, 2025, 9:11 AM","Dec 28, 2025, 10:09 AM","","Seated Row (Machine)",,"",0,"warmup",49,8,,,
"Pull","Dec 28, 2025, 9:11 AM","Dec 28, 2025, 10:09 AM","","Seated Row (Machine)",,"",1,"failure",73,5,,,
"Pull","Dec 28, 2025, 9:11 AM","Dec 28, 2025, 10:09 AM","","Seated Row (Machine)",,"",2,"failure",61,8,,,
"Pull","Dec 28, 2025, 9:11 AM","Dec 28, 2025, 10:09 AM","","Preacher Curl (Machine)",,"",0,"failure",40,8,,,
"Pull","Dec 28, 2025, 9:11 AM","Dec 28, 2025, 10:09 AM","","Preacher Curl (Machine)",,"",1,"normal",50,6,,,
"Pull","Dec 28, 2025, 9:11 AM","Dec 28, 2025, 10:09 AM","","Preacher Curl (Machine)",,"",2,"failure",60,4,,,
"Pull","Dec 28, 2025, 9:11 AM","Dec 28, 2025, 10:09 AM","","Lat Pulldown - Close Grip (Cable)",,"",0,"failure",88,5,,,
"Pull","Dec 28, 2025, 9:11 AM","Dec 28, 2025, 10:09 AM","","Lat Pulldown - Close Grip (Cable)",,"",1,"failure",73,8,,,
"Pull","Dec 28, 2025, 9:11 AM","Dec 28, 2025, 10:09 AM","","Hammer Curl (Dumbbell)",,"Preacher",0,"normal",11.34,6,,,
"Pull","Dec 28, 2025, 9:11 AM","Dec 28, 2025, 10:09 AM","","Hammer Curl (Dumbbell)",,"Preacher",1,"failure",15.88,6,,,
"Push","Dec 27, 2025, 10:07 AM","Dec 27, 2025, 11:46 AM","","Bench Press (Barbell)",,"",0,"warmup",20,10,,,
"Push","Dec 27, 2025, 10:07 AM","Dec 27, 2025, 11:46 AM","","Bench Press (Barbell)",,"",1,"normal",60,8,,,
"Push","Dec 27, 2025, 10:07 AM","Dec 27, 2025, 11:46 AM","","Bench Press (Barbell)",,"",2,"failure",87.5,3,,,9
"Push","Dec 27, 2025, 10:07 AM","Dec 27, 2025, 11:46 AM","","Bench Press (Barbell)",,"",3,"normal",65,6,,,
"Push","Dec 27, 2025, 10:07 AM","Dec 27, 2025, 11:46 AM","","Lateral Raise (Dumbbell)",,"",0,"warmup",6.8,10,,,
"Push","Dec 27, 2025, 10:07 AM","Dec 27, 2025, 11:46 AM","","Lateral Raise (Dumbbell)",,"",1,"normal",9.07,10,,,
"Push","Dec 27, 2025, 10:07 AM","Dec 27, 2025, 11:46 AM","","Lateral Raise (Dumbbell)",,"",2,"failure",11.34,5,,,
"Push","Dec 27, 2025, 10:07 AM","Dec 27, 2025, 11:46 AM","","JM Press (Barbell)",,"",0,"normal",20,12,,,
"Push","Dec 27, 2025, 10:07 AM","Dec 27, 2025, 11:46 AM","","JM Press (Barbell)",,"",1,"normal",30,8,,,
"Push","Dec 27, 2025, 10:07 AM","Dec 27, 2025, 11:46 AM","","Seated Shoulder Press (Machine)",,"",0,"normal",23.5,6,,,
"Push","Dec 27, 2025, 10:07 AM","Dec 27, 2025, 11:46 AM","","Seated Shoulder Press (Machine)",,"",1,"failure",58.2,6,,,
"Push","Dec 27, 2025, 10:07 AM","Dec 27, 2025, 11:46 AM","","Seated Shoulder Press (Machine)",,"",2,"failure",63.5,5,,,
"Push","Dec 27, 2025, 10:07 AM","Dec 27, 2025, 11:46 AM","","Butterfly (Pec Deck)",,"Hurts shoulders",0,"warmup",32,6,,,
"Push","Dec 27, 2025, 10:07 AM","Dec 27, 2025, 11:46 AM","","Butterfly (Pec Deck)",,"Hurts shoulders",1,"normal",41,8,,,
"Push","Dec 27, 2025, 10:07 AM","Dec 27, 2025, 11:46 AM","","Butterfly (Pec Deck)",,"Hurts shoulders",2,"normal",56,3,,,
"Lower","Dec 23, 2025, 4:33 PM","Dec 23, 2025, 6:14 PM","Tried a bunch of ab stuff - idk future plan","Hack Squat (Machine)",,"Ts hacksquat is goated",0,"warmup",,6,,,
"Lower","Dec 23, 2025, 4:33 PM","Dec 23, 2025, 6:14 PM","Tried a bunch of ab stuff - idk future plan","Hack Squat (Machine)",,"Ts hacksquat is goated",1,"warmup",40,6,,,
"Lower","Dec 23, 2025, 4:33 PM","Dec 23, 2025, 6:14 PM","Tried a bunch of ab stuff - idk future plan","Hack Squat (Machine)",,"Ts hacksquat is goated",2,"failure",80,6,,,
"Lower","Dec 23, 2025, 4:33 PM","Dec 23, 2025, 6:14 PM","Tried a bunch of ab stuff - idk future plan","Hack Squat (Machine)",,"Ts hacksquat is goated",3,"failure",80,4,,,
"Lower","Dec 23, 2025, 4:33 PM","Dec 23, 2025, 6:14 PM","Tried a bunch of ab stuff - idk future plan","Seated Calf Raise",,"",0,"normal",22.68,15,,,
"Lower","Dec 23, 2025, 4:33 PM","Dec 23, 2025, 6:14 PM","Tried a bunch of ab stuff - idk future plan","Seated Calf Raise",,"",1,"normal",34.02,10,,,
"Lower","Dec 23, 2025, 4:33 PM","Dec 23, 2025, 6:14 PM","Tried a bunch of ab stuff - idk future plan","Seated Calf Raise",,"",2,"failure",45.36,10,,,
"Lower","Dec 23, 2025, 4:33 PM","Dec 23, 2025, 6:14 PM","Tried a bunch of ab stuff - idk future plan","Romanian Deadlift (Barbell)",,"Standard form (more ROM)",0,"warmup",60,8,,,
"Lower","Dec 23, 2025, 4:33 PM","Dec 23, 2025, 6:14 PM","Tried a bunch of ab stuff - idk future plan","Romanian Deadlift (Barbell)",,"Standard form (more ROM)",1,"normal",120,6,,,
"Lower","Dec 23, 2025, 4:33 PM","Dec 23, 2025, 6:14 PM","Tried a bunch of ab stuff - idk future plan","Romanian Deadlift (Barbell)",,"Standard form (more ROM)",2,"failure",130,6,,,
"Lower","Dec 23, 2025, 4:33 PM","Dec 23, 2025, 6:14 PM","Tried a bunch of ab stuff - idk future plan","Leg Extension (Machine)",,"Single leg",0,"normal",38,6,,,
"Lower","Dec 23, 2025, 4:33 PM","Dec 23, 2025, 6:14 PM","Tried a bunch of ab stuff - idk future plan","Leg Extension (Machine)",,"Single leg",1,"failure",50,6,,,
"Lower","Dec 23, 2025, 4:33 PM","Dec 23, 2025, 6:14 PM","Tried a bunch of ab stuff - idk future plan","Lying Leg Curl (Machine)",,"Weird - machine very slippy",0,"normal",39,4,,,
"Lower","Dec 23, 2025, 4:33 PM","Dec 23, 2025, 6:14 PM","Tried a bunch of ab stuff - idk future plan","Lying Leg Curl (Machine)",,"Weird - machine very slippy",1,"normal",50,6,,,
"Pull","Dec 22, 2025, 4:43 PM","Dec 22, 2025, 6:27 PM","","Lat Pulldown (Cable)",,"",0,"warmup",50,8,,,
"Pull","Dec 22, 2025, 4:43 PM","Dec 22, 2025, 6:27 PM","","Lat Pulldown (Cable)",,"",1,"normal",70,6,,,
"Pull","Dec 22, 2025, 4:43 PM","Dec 22, 2025, 6:27 PM","","Lat Pulldown (Cable)",,"",2,"failure",85,4,,,
"Pull","Dec 22, 2025, 4:43 PM","Dec 22, 2025, 6:27 PM","","Seated Row (Machine)",,"",0,"warmup",49,8,,,
"Pull","Dec 22, 2025, 4:43 PM","Dec 22, 2025, 6:27 PM","","Seated Row (Machine)",,"",1,"normal",65,6,,,
"Pull","Dec 22, 2025, 4:43 PM","Dec 22, 2025, 6:27 PM","","Seated Row (Machine)",,"",2,"normal",73,4,,,
"Pull","Dec 22, 2025, 4:43 PM","Dec 22, 2025, 6:27 PM","","Seated Row (Machine)",,"",3,"normal",73,4,,,
"Pull","Dec 22, 2025, 4:43 PM","Dec 22, 2025, 6:27 PM","","Preacher Curl (Machine)",,"",0,"normal",10,8,,,
"Pull","Dec 22, 2025, 4:43 PM","Dec 22, 2025, 6:27 PM","","Preacher Curl (Machine)",,"",1,"normal",20,8,,,
"Pull","Dec 22, 2025, 4:43 PM","Dec 22, 2025, 6:27 PM","","Preacher Curl (Machine)",,"",2,"normal",40,8,,,
"Pull","Dec 22, 2025, 4:43 PM","Dec 22, 2025, 6:27 PM","","Preacher Curl (Machine)",,"",3,"normal",50,6,,,
"Pull","Dec 22, 2025, 4:43 PM","Dec 22, 2025, 6:27 PM","","Hammer Curl (Dumbbell)",,"Preacher",0,"normal",9.07,8,,,
"Pull","Dec 22, 2025, 4:43 PM","Dec 22, 2025, 6:27 PM","","Hammer Curl (Dumbbell)",,"Preacher",1,"failure",11.34,8,,,
"Pull","Dec 22, 2025, 4:43 PM","Dec 22, 2025, 6:27 PM","","Hammer Curl (Dumbbell)",,"Preacher",2,"failure",13.61,6,,,
"Pull","Dec 22, 2025, 4:43 PM","Dec 22, 2025, 6:27 PM","","Lat Pulldown - Close Grip (Cable)",,"",0,"normal",73,8,,,
"Pull","Dec 22, 2025, 4:43 PM","Dec 22, 2025, 6:27 PM","","Lat Pulldown - Close Grip (Cable)",,"",1,"failure",88,5,,,
"Push","Dec 21, 2025, 10:17 AM","Dec 21, 2025, 11:45 AM","","Bench Press (Barbell)",,"",0,"warmup",20,10,,,
"Push","Dec 21, 2025, 10:17 AM","Dec 21, 2025, 11:45 AM","","Bench Press (Barbell)",,"",1,"normal",60,8,,,
"Push","Dec 21, 2025, 10:17 AM","Dec 21, 2025, 11:45 AM","","Bench Press (Barbell)",,"",2,"failure",85,5,,,
"Push","Dec 21, 2025, 10:17 AM","Dec 21, 2025, 11:45 AM","","Bench Press (Dumbbell)",,"",0,"failure",40,1,,,
"Push","Dec 21, 2025, 10:17 AM","Dec 21, 2025, 11:45 AM","","Lateral Raise (Cable)",,"",0,"warmup",3.75,10,,,
"Push","Dec 21, 2025, 10:17 AM","Dec 21, 2025, 11:45 AM","","Lateral Raise (Cable)",,"",1,"failure",6.25,8,,,
"Push","Dec 21, 2025, 10:17 AM","Dec 21, 2025, 11:45 AM","","Lateral Raise (Cable)",,"",2,"normal",6.25,8,,,
"Push","Dec 21, 2025, 10:17 AM","Dec 21, 2025, 11:45 AM","","Overhead Triceps Extension (Cable)",,"",0,"warmup",30,8,,,
"Push","Dec 21, 2025, 10:17 AM","Dec 21, 2025, 11:45 AM","","Overhead Triceps Extension (Cable)",,"",1,"failure",41.25,6,,,
"Push","Dec 21, 2025, 10:17 AM","Dec 21, 2025, 11:45 AM","","Shoulder Press (Dumbbell)",,"",0,"normal",20,8,,,
"Push","Dec 21, 2025, 10:17 AM","Dec 21, 2025, 11:45 AM","","Shoulder Press (Dumbbell)",,"",1,"failure",28,5,,,
"Push","Dec 21, 2025, 10:17 AM","Dec 21, 2025, 11:45 AM","","Shoulder Press (Dumbbell)",,"",2,"failure",26,8,,,
"Push","Dec 21, 2025, 10:17 AM","Dec 21, 2025, 11:45 AM","","Chest Fly (Machine)",,"Its actually buns",0,"warmup",100,6,,,
"Push","Dec 21, 2025, 10:17 AM","Dec 21, 2025, 11:45 AM","","Chest Fly (Machine)",,"Its actually buns",1,"failure",140,3,,,
"Push","Dec 21, 2025, 10:17 AM","Dec 21, 2025, 11:45 AM","","Chest Fly (Machine)",,"Its actually buns",2,"normal",120,5,,,
"Push","Dec 21, 2025, 10:17 AM","Dec 21, 2025, 11:45 AM","","Triceps Pushdown",,"",0,"failure",41.25,5,,,
"Push","Dec 21, 2025, 10:17 AM","Dec 21, 2025, 11:45 AM","","Triceps Pushdown",,"",1,"failure",38.75,6,,,
"Pull","Dec 18, 2025, 12:00 PM","Dec 18, 2025, 1:38 PM","","Deadlift (Barbell)",,"Straps on >100kg",0,"normal",60,6,,,
"Pull","Dec 18, 2025, 12:00 PM","Dec 18, 2025, 1:38 PM","","Deadlift (Barbell)",,"Straps on >100kg",1,"normal",100,4,,,
"Pull","Dec 18, 2025, 12:00 PM","Dec 18, 2025, 1:38 PM","","Deadlift (Barbell)",,"Straps on >100kg",2,"normal",120,2,,,8
"Pull","Dec 18, 2025, 12:00 PM","Dec 18, 2025, 1:38 PM","","Deadlift (Barbell)",,"Straps on >100kg",3,"normal",140,2,,,9
"Pull","Dec 18, 2025, 12:00 PM","Dec 18, 2025, 1:38 PM","","Deadlift (Barbell)",,"Straps on >100kg",4,"failure",160,1,,,9.5
"Pull","Dec 18, 2025, 12:00 PM","Dec 18, 2025, 1:38 PM","","Lat Pulldown (Cable)",,"",0,"warmup",50,8,,,
"Pull","Dec 18, 2025, 12:00 PM","Dec 18, 2025, 1:38 PM","","Lat Pulldown (Cable)",,"",1,"failure",85,5,,,
"Pull","Dec 18, 2025, 12:00 PM","Dec 18, 2025, 1:38 PM","","Chest Supported Row",,"Base weight a mystery",0,"warmup",80,6,,,
"Pull","Dec 18, 2025, 12:00 PM","Dec 18, 2025, 1:38 PM","","Chest Supported Row",,"Base weight a mystery",1,"failure",125,6,,,
"Pull","Dec 18, 2025, 12:00 PM","Dec 18, 2025, 1:38 PM","","Chest Supported Row",,"Base weight a mystery",2,"failure",125,5,,,
"Pull","Dec 18, 2025, 12:00 PM","Dec 18, 2025, 1:38 PM","","Bicep Curl (Dumbbell)",,"24 too heavy - wish they had a 23kg tbh",0,"warmup",14,6,,,
"Pull","Dec 18, 2025, 12:00 PM","Dec 18, 2025, 1:38 PM","","Bicep Curl (Dumbbell)",,"24 too heavy - wish they had a 23kg tbh",1,"failure",24,3,,,
"Pull","Dec 18, 2025, 12:00 PM","Dec 18, 2025, 1:38 PM","","Bicep Curl (Dumbbell)",,"24 too heavy - wish they had a 23kg tbh",2,"failure",20,6,,,
"Pull","Dec 18, 2025, 12:00 PM","Dec 18, 2025, 1:38 PM","","Lat Pulldown - Close Grip (Cable)",,"",0,"failure",90,3,,,
"Push","Dec 17, 2025, 6:39 AM","Dec 17, 2025, 8:03 AM","","Incline Bench Press (Dumbbell)",,"Aint done consistently since old days - should probs do more cuz upper chest pretty weak",0,"warmup",24,8,,,
"Push","Dec 17, 2025, 6:39 AM","Dec 17, 2025, 8:03 AM","","Incline Bench Press (Dumbbell)",,"Aint done consistently since old days - should probs do more cuz upper chest pretty weak",1,"normal",36,5,,,9.5
"Push","Dec 17, 2025, 6:39 AM","Dec 17, 2025, 8:03 AM","","Incline Bench Press (Dumbbell)",,"Aint done consistently since old days - should probs do more cuz upper chest pretty weak",2,"failure",34,6,,,9.5
"Push","Dec 17, 2025, 6:39 AM","Dec 17, 2025, 8:03 AM","","Lateral Raise (Cable)",,"",0,"warmup",3.75,10,,,
"Push","Dec 17, 2025, 6:39 AM","Dec 17, 2025, 8:03 AM","","Lateral Raise (Cable)",,"",1,"normal",5,10,,,
"Push","Dec 17, 2025, 6:39 AM","Dec 17, 2025, 8:03 AM","","Lateral Raise (Cable)",,"",2,"failure",7.5,6,,,
"Push","Dec 17, 2025, 6:39 AM","Dec 17, 2025, 8:03 AM","","Overhead Triceps Extension (Cable)",,"Need to get better at setting up cuz very difficult to do on my own",0,"normal",37.5,8,,,
"Push","Dec 17, 2025, 6:39 AM","Dec 17, 2025, 8:03 AM","","Overhead Triceps Extension (Cable)",,"Need to get better at setting up cuz very difficult to do on my own",1,"normal",35,8,,,
"Push","Dec 17, 2025, 6:39 AM","Dec 17, 2025, 8:03 AM","","Shoulder Press (Machine Plates)",,"Constant prog is crazy",0,"normal",40,8,,,
"Push","Dec 17, 2025, 6:39 AM","Dec 17, 2025, 8:03 AM","","Shoulder Press (Machine Plates)",,"Constant prog is crazy",1,"failure",97.5,5,,,9.5
"Push","Dec 17, 2025, 6:39 AM","Dec 17, 2025, 8:03 AM","","Shoulder Press (Machine Plates)",,"Constant prog is crazy",2,"failure",95,4,,,
"Push","Dec 17, 2025, 6:39 AM","Dec 17, 2025, 8:03 AM","","Rear Delt Reverse Fly (Cable)",,"",0,"normal",5,8,,,
"Push","Dec 17, 2025, 6:39 AM","Dec 17, 2025, 8:03 AM","","Rear Delt Reverse Fly (Cable)",,"",1,"normal",5,8,,,
"Push","Dec 17, 2025, 6:39 AM","Dec 17, 2025, 8:03 AM","","Rear Delt Reverse Fly (Cable)",,"",2,"failure",7.5,4,,,
"Push","Dec 17, 2025, 6:39 AM","Dec 17, 2025, 8:03 AM","","Chest Fly (Dumbbell)",,"Could be good, just dont really know form that well",0,"normal",14,8,,,
"Push","Dec 17, 2025, 6:39 AM","Dec 17, 2025, 8:03 AM","","Chest Fly (Dumbbell)",,"Could be good, just dont really know form that well",1,"normal",14,8,,,
"Push","Dec 17, 2025, 6:39 AM","Dec 17, 2025, 8:03 AM","","Triceps Pushdown",,"42.5 kinda too hevy",0,"failure",42.5,3,,,9.5
"Push","Dec 17, 2025, 6:39 AM","Dec 17, 2025, 8:03 AM","","Triceps Pushdown",,"42.5 kinda too hevy",1,"failure",40,6,,,
"Lower","Dec 15, 2025, 6:53 PM","Dec 15, 2025, 8:36 PM","","Squat (Barbell)",,"Need to go up to 110 maybe",0,"warmup",20,6,,,
"Lower","Dec 15, 2025, 6:53 PM","Dec 15, 2025, 8:36 PM","","Squat (Barbell)",,"Need to go up to 110 maybe",1,"normal",70,8,,,
"Lower","Dec 15, 2025, 6:53 PM","Dec 15, 2025, 8:36 PM","","Squat (Barbell)",,"Need to go up to 110 maybe",2,"failure",100,6,,,9
"Lower","Dec 15, 2025, 6:53 PM","Dec 15, 2025, 8:36 PM","","Squat (Barbell)",,"Need to go up to 110 maybe",3,"normal",90,6,,,
"Lower","Dec 15, 2025, 6:53 PM","Dec 15, 2025, 8:36 PM","","Romanian Deadlift (Barbell)",,"Standardising form for better prog - tapping the floor on each rep",0,"normal",70,8,,,
"Lower","Dec 15, 2025, 6:53 PM","Dec 15, 2025, 8:36 PM","","Romanian Deadlift (Barbell)",,"Standardising form for better prog - tapping the floor on each rep",1,"normal",100,6,,,
"Lower","Dec 15, 2025, 6:53 PM","Dec 15, 2025, 8:36 PM","","Romanian Deadlift (Barbell)",,"Standardising form for better prog - tapping the floor on each rep",2,"normal",120,6,,,
"Lower","Dec 15, 2025, 6:53 PM","Dec 15, 2025, 8:36 PM","","Hip Adduction (Machine)",,"",0,"failure",52.5,12,,,
"Lower","Dec 15, 2025, 6:53 PM","Dec 15, 2025, 8:36 PM","","Hip Adduction (Machine)",,"",1,"failure",52.5,10,,,
"Lower","Dec 15, 2025, 6:53 PM","Dec 15, 2025, 8:36 PM","","Leg Extension (Machine)",,"",0,"normal",62.5,10,,,
"Lower","Dec 15, 2025, 6:53 PM","Dec 15, 2025, 8:36 PM","","Leg Extension (Machine)",,"",1,"failure",62.5,10,,,
"Lower","Dec 15, 2025, 6:53 PM","Dec 15, 2025, 8:36 PM","","Decline Sit Ups",,"",0,"normal",20,10,,,
"Lower","Dec 15, 2025, 6:53 PM","Dec 15, 2025, 8:36 PM","","Decline Sit Ups",,"",1,"failure",35,8,,,
"Lower","Dec 15, 2025, 6:53 PM","Dec 15, 2025, 8:36 PM","","Decline Sit Ups",,"",2,"failure",40,8,,,
"Deadlift + random","Dec 14, 2025, 11:28 AM","Dec 14, 2025, 1:19 PM","","Deadlift (Barbell)",,"Only used straps on last set",0,"normal",40,6,,,
"Deadlift + random","Dec 14, 2025, 11:28 AM","Dec 14, 2025, 1:19 PM","","Deadlift (Barbell)",,"Only used straps on last set",1,"normal",60,4,,,
"Deadlift + random","Dec 14, 2025, 11:28 AM","Dec 14, 2025, 1:19 PM","","Deadlift (Barbell)",,"Only used straps on last set",2,"normal",80,4,,,
"Deadlift + random","Dec 14, 2025, 11:28 AM","Dec 14, 2025, 1:19 PM","","Deadlift (Barbell)",,"Only used straps on last set",3,"normal",100,2,,,6
"Deadlift + random","Dec 14, 2025, 11:28 AM","Dec 14, 2025, 1:19 PM","","Deadlift (Barbell)",,"Only used straps on last set",4,"normal",120,1,,,7
"Deadlift + random","Dec 14, 2025, 11:28 AM","Dec 14, 2025, 1:19 PM","","Deadlift (Barbell)",,"Only used straps on last set",5,"normal",140,1,,,9
"Deadlift + random","Dec 14, 2025, 11:28 AM","Dec 14, 2025, 1:19 PM","","Deadlift (Barbell)",,"Only used straps on last set",6,"normal",150,1,,,9.5
"Deadlift + random","Dec 14, 2025, 11:28 AM","Dec 14, 2025, 1:19 PM","","Lat Pulldown (Cable)",,"",0,"warmup",50,8,,,
"Deadlift + random","Dec 14, 2025, 11:28 AM","Dec 14, 2025, 1:19 PM","","Lat Pulldown (Cable)",,"",1,"failure",85,5,,,
"Deadlift + random","Dec 14, 2025, 11:28 AM","Dec 14, 2025, 1:19 PM","","Lat Pulldown (Cable)",,"",2,"failure",80,6,,,
"Deadlift + random","Dec 14, 2025, 11:28 AM","Dec 14, 2025, 1:19 PM","","Rear Delt Reverse Fly (Cable)",,"",0,"normal",2.5,8,,,
"Deadlift + random","Dec 14, 2025, 11:28 AM","Dec 14, 2025, 1:19 PM","","Rear Delt Reverse Fly (Cable)",,"",1,"normal",5,8,,,
"Deadlift + random","Dec 14, 2025, 11:28 AM","Dec 14, 2025, 1:19 PM","","Rear Delt Reverse Fly (Cable)",,"",2,"normal",5,10,,,
"Deadlift + random","Dec 14, 2025, 11:28 AM","Dec 14, 2025, 1:19 PM","","Bicep Curl (Dumbbell)",,"Per arm - 24 still too heavy tbh",0,"warmup",14,6,,,
"Deadlift + random","Dec 14, 2025, 11:28 AM","Dec 14, 2025, 1:19 PM","","Bicep Curl (Dumbbell)",,"Per arm - 24 still too heavy tbh",1,"failure",24,3,,,
"Deadlift + random","Dec 14, 2025, 11:28 AM","Dec 14, 2025, 1:19 PM","","Bicep Curl (Dumbbell)",,"Per arm - 24 still too heavy tbh",2,"failure",20,6,,,
"Deadlift + random","Dec 14, 2025, 11:28 AM","Dec 14, 2025, 1:19 PM","","Lat Pulldown - Close Grip (Cable)",,"",0,"failure",85,6,,,
"Deadlift + random","Dec 14, 2025, 11:28 AM","Dec 14, 2025, 1:19 PM","","Lat Pulldown - Close Grip (Cable)",,"",1,"normal",80,6,,,
"Push","Dec 13, 2025, 9:45 AM","Dec 13, 2025, 11:18 AM","","Bench Press (Barbell)",,"",0,"warmup",20,10,,,
"Push","Dec 13, 2025, 9:45 AM","Dec 13, 2025, 11:18 AM","","Bench Press (Barbell)",,"",1,"normal",60,8,,,
"Push","Dec 13, 2025, 9:45 AM","Dec 13, 2025, 11:18 AM","","Bench Press (Barbell)",,"",2,"failure",85,4,,,10
"Push","Dec 13, 2025, 9:45 AM","Dec 13, 2025, 11:18 AM","","Bench Press (Barbell)",,"",3,"normal",65,6,,,7
"Push","Dec 13, 2025, 9:45 AM","Dec 13, 2025, 11:18 AM","","Lateral Raise (Cable)",,"",0,"warmup",3.75,10,,,
"Push","Dec 13, 2025, 9:45 AM","Dec 13, 2025, 11:18 AM","","Lateral Raise (Cable)",,"",1,"failure",5,10,,,
"Push","Dec 13, 2025, 9:45 AM","Dec 13, 2025, 11:18 AM","","Lateral Raise (Cable)",,"",2,"normal",5,10,,,
"Push","Dec 13, 2025, 9:45 AM","Dec 13, 2025, 11:18 AM","","Overhead Triceps Extension (Cable)",,"",0,"warmup",30,8,,,
"Push","Dec 13, 2025, 9:45 AM","Dec 13, 2025, 11:18 AM","","Overhead Triceps Extension (Cable)",,"",1,"normal",37.5,8,,,8.5
"Push","Dec 13, 2025, 9:45 AM","Dec 13, 2025, 11:18 AM","","Incline Bench Press (Dumbbell)",,"Very tired",0,"normal",36,4,,,9.5
"Push","Dec 13, 2025, 9:45 AM","Dec 13, 2025, 11:18 AM","","Incline Bench Press (Dumbbell)",,"Very tired",1,"normal",32,7,,,9
"Push","Dec 13, 2025, 9:45 AM","Dec 13, 2025, 11:18 AM","","Triceps Pushdown",,"",0,"failure",42.5,3,,,9.5
"Push","Dec 13, 2025, 9:45 AM","Dec 13, 2025, 11:18 AM","","Triceps Pushdown",,"",1,"normal",35,8,,,9
"Push","Dec 13, 2025, 9:45 AM","Dec 13, 2025, 11:18 AM","","Chest Fly (Machine)",,"",0,"normal",47.5,5,,,9.5
"Push","Dec 13, 2025, 9:45 AM","Dec 13, 2025, 11:18 AM","","Chest Fly (Machine)",,"",1,"failure",40,6,,,8.5
"Lower","Dec 11, 2025, 11:59 AM","Dec 11, 2025, 1:20 PM","Knee hurt!?","Squat (Barbell)",,"",0,"warmup",20,6,,,
"Lower","Dec 11, 2025, 11:59 AM","Dec 11, 2025, 1:20 PM","Knee hurt!?","Squat (Barbell)",,"",1,"normal",60,8,,,
"Lower","Dec 11, 2025, 11:59 AM","Dec 11, 2025, 1:20 PM","Knee hurt!?","Squat (Barbell)",,"",2,"failure",100,5,,,9
"Lower","Dec 11, 2025, 11:59 AM","Dec 11, 2025, 1:20 PM","Knee hurt!?","Squat (Barbell)",,"",3,"normal",90,6,,,8.5
"Lower","Dec 11, 2025, 11:59 AM","Dec 11, 2025, 1:20 PM","Knee hurt!?","Standing Calf Raise (Machine)",,"Knee hurt?",0,"normal",80,10,,,
"Lower","Dec 11, 2025, 11:59 AM","Dec 11, 2025, 1:20 PM","Knee hurt!?","Standing Calf Raise (Machine)",,"Knee hurt?",1,"normal",120,12,,,
"Lower","Dec 11, 2025, 11:59 AM","Dec 11, 2025, 1:20 PM","Knee hurt!?","Romanian Deadlift (Barbell)",,"",0,"normal",70,8,,,
"Lower","Dec 11, 2025, 11:59 AM","Dec 11, 2025, 1:20 PM","Knee hurt!?","Romanian Deadlift (Barbell)",,"",1,"failure",135,5,,,9
"Lower","Dec 11, 2025, 11:59 AM","Dec 11, 2025, 1:20 PM","Knee hurt!?","Romanian Deadlift (Barbell)",,"",2,"normal",120,4,,,8
"Lower","Dec 11, 2025, 11:59 AM","Dec 11, 2025, 1:20 PM","Knee hurt!?","Hip Adduction (Machine)",,"",0,"normal",52.5,8,,,
"Lower","Dec 11, 2025, 11:59 AM","Dec 11, 2025, 1:20 PM","Knee hurt!?","Hip Adduction (Machine)",,"",1,"normal",52.5,10,,,
"Push","Dec 10, 2025, 1:49 PM","Dec 10, 2025, 2:55 PM","Any direct Tricep movement is painful","Bench Press (Barbell)",,"",0,"warmup",20,10,,,
"Push","Dec 10, 2025, 1:49 PM","Dec 10, 2025, 2:55 PM","Any direct Tricep movement is painful","Bench Press (Barbell)",,"",1,"normal",60,8,,,6
"Push","Dec 10, 2025, 1:49 PM","Dec 10, 2025, 2:55 PM","Any direct Tricep movement is painful","Bench Press (Barbell)",,"",2,"failure",85,4,,,9.5
"Push","Dec 10, 2025, 1:49 PM","Dec 10, 2025, 2:55 PM","Any direct Tricep movement is painful","Bench Press (Barbell)",,"",3,"normal",65,6,,,7
"Push","Dec 10, 2025, 1:49 PM","Dec 10, 2025, 2:55 PM","Any direct Tricep movement is painful","Lateral Raise (Cable)",,"",0,"warmup",3.75,10,,,
"Push","Dec 10, 2025, 1:49 PM","Dec 10, 2025, 2:55 PM","Any direct Tricep movement is painful","Lateral Raise (Cable)",,"",1,"normal",5,10,,,
"Push","Dec 10, 2025, 1:49 PM","Dec 10, 2025, 2:55 PM","Any direct Tricep movement is painful","Shoulder Press (Machine Plates)",,"",0,"normal",40,8,,,
"Push","Dec 10, 2025, 1:49 PM","Dec 10, 2025, 2:55 PM","Any direct Tricep movement is painful","Shoulder Press (Machine Plates)",,"",1,"failure",97.5,4,,,9.5
"Push","Dec 10, 2025, 1:49 PM","Dec 10, 2025, 2:55 PM","Any direct Tricep movement is painful","Shoulder Press (Machine Plates)",,"",2,"failure",90,6,,,8
"Push","Dec 10, 2025, 1:49 PM","Dec 10, 2025, 2:55 PM","Any direct Tricep movement is painful","Chest Fly (Machine)",,"Machine just feels unstable",0,"normal",47.5,4,,,8.5
"Push","Dec 10, 2025, 1:49 PM","Dec 10, 2025, 2:55 PM","Any direct Tricep movement is painful","Chest Fly (Machine)",,"Machine just feels unstable",1,"normal",40,6,,,8.5
"Push","Dec 10, 2025, 1:49 PM","Dec 10, 2025, 2:55 PM","Any direct Tricep movement is painful","Triceps Pushdown",,"Can feel strain on tricep(?)",0,"failure",42.5,3,,,9.5
"Push","Dec 10, 2025, 1:49 PM","Dec 10, 2025, 2:55 PM","Any direct Tricep movement is painful","Triceps Pushdown",,"Can feel strain on tricep(?)",1,"normal",35,6,,,7
"Pull","Dec 9, 2025, 12:19 PM","Dec 9, 2025, 1:42 PM","Why tf does my Tricep hurt on my pulling movements","Lat Pulldown (Cable)",,"Tricep hurt like crazy on heavy sets wtf",0,"warmup",50,8,,,
"Pull","Dec 9, 2025, 12:19 PM","Dec 9, 2025, 1:42 PM","Why tf does my Tricep hurt on my pulling movements","Lat Pulldown (Cable)",,"Tricep hurt like crazy on heavy sets wtf",1,"failure",85,5,,,
"Pull","Dec 9, 2025, 12:19 PM","Dec 9, 2025, 1:42 PM","Why tf does my Tricep hurt on my pulling movements","Lat Pulldown (Cable)",,"Tricep hurt like crazy on heavy sets wtf",2,"failure",80,7,,,
"Pull","Dec 9, 2025, 12:19 PM","Dec 9, 2025, 1:42 PM","Why tf does my Tricep hurt on my pulling movements","Chest Supported T-bar Row",,"",0,"warmup",40,6,,,
"Pull","Dec 9, 2025, 12:19 PM","Dec 9, 2025, 1:42 PM","Why tf does my Tricep hurt on my pulling movements","Chest Supported T-bar Row",,"",1,"normal",60,6,,,
"Pull","Dec 9, 2025, 12:19 PM","Dec 9, 2025, 1:42 PM","Why tf does my Tricep hurt on my pulling movements","Chest Supported T-bar Row",,"",2,"failure",70,5,,,
"Pull","Dec 9, 2025, 12:19 PM","Dec 9, 2025, 1:42 PM","Why tf does my Tricep hurt on my pulling movements","Bicep Curl (Dumbbell)",,"",0,"warmup",16,6,,,
"Pull","Dec 9, 2025, 12:19 PM","Dec 9, 2025, 1:42 PM","Why tf does my Tricep hurt on my pulling movements","Bicep Curl (Dumbbell)",,"",1,"failure",22,6,,,
"Pull","Dec 9, 2025, 12:19 PM","Dec 9, 2025, 1:42 PM","Why tf does my Tricep hurt on my pulling movements","Bicep Curl (Dumbbell)",,"",2,"failure",20,6,,,
"Pull","Dec 9, 2025, 12:19 PM","Dec 9, 2025, 1:42 PM","Why tf does my Tricep hurt on my pulling movements","Back Extension (Weighted Hyperextension)",,"",0,"normal",40,6,,,
"Pull","Dec 9, 2025, 12:19 PM","Dec 9, 2025, 1:42 PM","Why tf does my Tricep hurt on my pulling movements","Back Extension (Weighted Hyperextension)",,"",1,"normal",60,6,,,
"Pull","Dec 9, 2025, 12:19 PM","Dec 9, 2025, 1:42 PM","Why tf does my Tricep hurt on my pulling movements","Lat Pulldown - Close Grip (Cable)",,"",0,"normal",85,5,,,
"Pull","Dec 9, 2025, 12:19 PM","Dec 9, 2025, 1:42 PM","Why tf does my Tricep hurt on my pulling movements","Lat Pulldown - Close Grip (Cable)",,"",1,"normal",80,6,,,
"Push","Dec 7, 2025, 1:18 PM","Dec 7, 2025, 2:30 PM","","Bench Press (Barbell)",,"Very close to 6th rep",0,"warmup",20,10,,,
"Push","Dec 7, 2025, 1:18 PM","Dec 7, 2025, 2:30 PM","","Bench Press (Barbell)",,"Very close to 6th rep",1,"normal",60,8,,,
"Push","Dec 7, 2025, 1:18 PM","Dec 7, 2025, 2:30 PM","","Bench Press (Barbell)",,"Very close to 6th rep",2,"failure",82.5,5,,,
"Push","Dec 7, 2025, 1:18 PM","Dec 7, 2025, 2:30 PM","","Lateral Raise (Cable)",,"",0,"warmup",3.75,10,,,
"Push","Dec 7, 2025, 1:18 PM","Dec 7, 2025, 2:30 PM","","Lateral Raise (Cable)",,"",1,"failure",7.5,5,,,
"Push","Dec 7, 2025, 1:18 PM","Dec 7, 2025, 2:30 PM","","Lateral Raise (Cable)",,"",2,"normal",5,10,,,
"Push","Dec 7, 2025, 1:18 PM","Dec 7, 2025, 2:30 PM","","Overhead Triceps Extension (Cable)",,"",0,"warmup",30,8,,,
"Push","Dec 7, 2025, 1:18 PM","Dec 7, 2025, 2:30 PM","","Overhead Triceps Extension (Cable)",,"",1,"failure",35,8,,,
"Push","Dec 7, 2025, 1:18 PM","Dec 7, 2025, 2:30 PM","","Shoulder Press (Machine Plates)",,"?!",0,"normal",40,8,,,
"Push","Dec 7, 2025, 1:18 PM","Dec 7, 2025, 2:30 PM","","Shoulder Press (Machine Plates)",,"?!",1,"failure",95,6,,,
"Push","Dec 7, 2025, 1:18 PM","Dec 7, 2025, 2:30 PM","","Shoulder Press (Machine Plates)",,"?!",2,"failure",90,6,,,
"Push","Dec 7, 2025, 1:18 PM","Dec 7, 2025, 2:30 PM","","Chest Fly (Machine)",,"",0,"normal",40,6,,,
"Push","Dec 7, 2025, 1:18 PM","Dec 7, 2025, 2:30 PM","","Chest Fly (Machine)",,"",1,"failure",47.5,4,,,
"Push","Dec 7, 2025, 1:18 PM","Dec 7, 2025, 2:30 PM","","Triceps Pushdown",,"Coughed mid set wtf",0,"failure",40,5,,,
"Push","Dec 7, 2025, 1:18 PM","Dec 7, 2025, 2:30 PM","","Triceps Pushdown",,"Coughed mid set wtf",1,"failure",37.5,6,,,
"Lower","Dec 6, 2025, 3:22 PM","Dec 6, 2025, 4:35 PM","","Squat (Barbell)",,"Up!!!",0,"warmup",20,6,,,
"Lower","Dec 6, 2025, 3:22 PM","Dec 6, 2025, 4:35 PM","","Squat (Barbell)",,"Up!!!",1,"normal",60,8,,,
"Lower","Dec 6, 2025, 3:22 PM","Dec 6, 2025, 4:35 PM","","Squat (Barbell)",,"Up!!!",2,"failure",100,5,,,
"Lower","Dec 6, 2025, 3:22 PM","Dec 6, 2025, 4:35 PM","","Squat (Barbell)",,"Up!!!",3,"normal",90,6,,,
"Lower","Dec 6, 2025, 3:22 PM","Dec 6, 2025, 4:35 PM","","Standing Calf Raise (Machine)",,"",0,"normal",80,12,,,
"Lower","Dec 6, 2025, 3:22 PM","Dec 6, 2025, 4:35 PM","","Standing Calf Raise (Machine)",,"",1,"normal",100,12,,,
"Lower","Dec 6, 2025, 3:22 PM","Dec 6, 2025, 4:35 PM","","Standing Calf Raise (Machine)",,"",2,"failure",120,10,,,
"Lower","Dec 6, 2025, 3:22 PM","Dec 6, 2025, 4:35 PM","","Romanian Deadlift (Barbell)",,"Up 1 rep on 135kg",0,"normal",70,8,,,
"Lower","Dec 6, 2025, 3:22 PM","Dec 6, 2025, 4:35 PM","","Romanian Deadlift (Barbell)",,"Up 1 rep on 135kg",1,"failure",135,4,,,
"Lower","Dec 6, 2025, 3:22 PM","Dec 6, 2025, 4:35 PM","","Romanian Deadlift (Barbell)",,"Up 1 rep on 135kg",2,"failure",120,6,,,
"Lower","Dec 6, 2025, 3:22 PM","Dec 6, 2025, 4:35 PM","","Hip Adduction (Machine)",,"",0,"failure",52.5,12,,,
"Lower","Dec 6, 2025, 3:22 PM","Dec 6, 2025, 4:35 PM","","Hip Adduction (Machine)",,"",1,"failure",52.5,12,,,
"Lower","Dec 6, 2025, 3:22 PM","Dec 6, 2025, 4:35 PM","","Decline Sit Ups",,"Kinda impossible to setup solo tbh",0,"normal",20,10,,,
"Lower","Dec 6, 2025, 3:22 PM","Dec 6, 2025, 4:35 PM","","Decline Sit Ups",,"Kinda impossible to setup solo tbh",1,"normal",20,10,,,
"Lower","Dec 6, 2025, 3:22 PM","Dec 6, 2025, 4:35 PM","","Leg Extension (Machine)",,"No time :<",0,"normal",62.5,10,,,
"Pull","Dec 5, 2025, 3:30 PM","Dec 5, 2025, 4:29 PM","","Lat Pulldown (Cable)",,"Like 5.5 reps on 85kg",0,"warmup",50,8,,,
"Pull","Dec 5, 2025, 3:30 PM","Dec 5, 2025, 4:29 PM","","Lat Pulldown (Cable)",,"Like 5.5 reps on 85kg",1,"failure",85,5,,,
"Pull","Dec 5, 2025, 3:30 PM","Dec 5, 2025, 4:29 PM","","Lat Pulldown (Cable)",,"Like 5.5 reps on 85kg",2,"failure",80,7,,,
"Pull","Dec 5, 2025, 3:30 PM","Dec 5, 2025, 4:29 PM","","Back Extension (Weighted Hyperextension)",,"Overloading is now a major pain",0,"normal",40,6,,,
"Pull","Dec 5, 2025, 3:30 PM","Dec 5, 2025, 4:29 PM","","Back Extension (Weighted Hyperextension)",,"Overloading is now a major pain",1,"normal",70,8,,,
"Pull","Dec 5, 2025, 3:30 PM","Dec 5, 2025, 4:29 PM","","Chest Supported T-bar Row",,"Holy up",0,"warmup",40,6,,,
"Pull","Dec 5, 2025, 3:30 PM","Dec 5, 2025, 4:29 PM","","Chest Supported T-bar Row",,"Holy up",1,"failure",70,6,,,
"Pull","Dec 5, 2025, 3:30 PM","Dec 5, 2025, 4:29 PM","","Chest Supported T-bar Row",,"Holy up",2,"failure",60,7,,,
"Pull","Dec 5, 2025, 3:30 PM","Dec 5, 2025, 4:29 PM","","Bicep Curl (Dumbbell)",,"Reps are much cleaner",0,"warmup",16,6,,,
"Pull","Dec 5, 2025, 3:30 PM","Dec 5, 2025, 4:29 PM","","Bicep Curl (Dumbbell)",,"Reps are much cleaner",1,"failure",22,6,,,
"Pull","Dec 5, 2025, 3:30 PM","Dec 5, 2025, 4:29 PM","","Bicep Curl (Dumbbell)",,"Reps are much cleaner",2,"failure",20,6,,,
"Pull","Dec 5, 2025, 3:30 PM","Dec 5, 2025, 4:29 PM","","Lat Pulldown - Close Grip (Cable)",,"",0,"failure",85,5,,,
"Pull","Dec 5, 2025, 3:30 PM","Dec 5, 2025, 4:29 PM","","Lat Pulldown - Close Grip (Cable)",,"",1,"failure",80,6,,,
"Push","Dec 3, 2025, 1:16 PM","Dec 3, 2025, 3:05 PM","","Incline Bench Press (Dumbbell)",,"W rizz?",0,"warmup",22,8,,,
"Push","Dec 3, 2025, 1:16 PM","Dec 3, 2025, 3:05 PM","","Incline Bench Press (Dumbbell)",,"W rizz?",1,"normal",30,6,,,
"Push","Dec 3, 2025, 1:16 PM","Dec 3, 2025, 3:05 PM","","Incline Bench Press (Dumbbell)",,"W rizz?",2,"failure",36,5,,,
"Push","Dec 3, 2025, 1:16 PM","Dec 3, 2025, 3:05 PM","","Incline Bench Press (Dumbbell)",,"W rizz?",3,"failure",34,5,,,
"Push","Dec 3, 2025, 1:16 PM","Dec 3, 2025, 3:05 PM","","Lateral Raise (Dumbbell)",,"",0,"warmup",6,12,,,
"Push","Dec 3, 2025, 1:16 PM","Dec 3, 2025, 3:05 PM","","Lateral Raise (Dumbbell)",,"",1,"normal",10,10,,,
"Push","Dec 3, 2025, 1:16 PM","Dec 3, 2025, 3:05 PM","","Lateral Raise (Dumbbell)",,"",2,"failure",10,10,,,
"Push","Dec 3, 2025, 1:16 PM","Dec 3, 2025, 3:05 PM","","Overhead Triceps Extension (Cable)",,"V grip",0,"warmup",25,8,,,
"Push","Dec 3, 2025, 1:16 PM","Dec 3, 2025, 3:05 PM","","Overhead Triceps Extension (Cable)",,"V grip",1,"normal",30,8,,,
"Push","Dec 3, 2025, 1:16 PM","Dec 3, 2025, 3:05 PM","","Overhead Triceps Extension (Cable)",,"V grip",2,"failure",35,8,,,
"Push","Dec 3, 2025, 1:16 PM","Dec 3, 2025, 3:05 PM","","Shoulder Press (Machine Plates)",,"Matching post tricep is decent",0,"normal",40,8,,,
"Push","Dec 3, 2025, 1:16 PM","Dec 3, 2025, 3:05 PM","","Shoulder Press (Machine Plates)",,"Matching post tricep is decent",1,"failure",95,5,,,
"Push","Dec 3, 2025, 1:16 PM","Dec 3, 2025, 3:05 PM","","Shoulder Press (Machine Plates)",,"Matching post tricep is decent",2,"failure",90,6,,,
"Push","Dec 3, 2025, 1:16 PM","Dec 3, 2025, 3:05 PM","","Chest Fly (Machine)",,"",0,"normal",40,6,,,
"Push","Dec 3, 2025, 1:16 PM","Dec 3, 2025, 3:05 PM","","Chest Fly (Machine)",,"",1,"failure",47.5,3,,,
"Push","Dec 3, 2025, 1:16 PM","Dec 3, 2025, 3:05 PM","","Triceps Pushdown",,"",0,"failure",40,5,,,
"Push","Dec 3, 2025, 1:16 PM","Dec 3, 2025, 3:05 PM","","Triceps Pushdown",,"",1,"failure",37.5,6,,,
"Lower","Dec 1, 2025, 7:30 PM","Dec 1, 2025, 9:02 PM","","Squat (Barbell)",,"",0,"warmup",20,6,,,
"Lower","Dec 1, 2025, 7:30 PM","Dec 1, 2025, 9:02 PM","","Squat (Barbell)",,"",1,"normal",60,8,,,
"Lower","Dec 1, 2025, 7:30 PM","Dec 1, 2025, 9:02 PM","","Squat (Barbell)",,"",2,"failure",100,4,,,
"Lower","Dec 1, 2025, 7:30 PM","Dec 1, 2025, 9:02 PM","","Squat (Barbell)",,"",3,"normal",90,5,,,
"Lower","Dec 1, 2025, 7:30 PM","Dec 1, 2025, 9:02 PM","","Standing Calf Raise (Machine)",,"On a hack squat + plate fed - w is total, idk base w",0,"normal",40,10,,,
"Lower","Dec 1, 2025, 7:30 PM","Dec 1, 2025, 9:02 PM","","Standing Calf Raise (Machine)",,"On a hack squat + plate fed - w is total, idk base w",1,"normal",80,10,,,
"Lower","Dec 1, 2025, 7:30 PM","Dec 1, 2025, 9:02 PM","","Standing Calf Raise (Machine)",,"On a hack squat + plate fed - w is total, idk base w",2,"failure",100,10,,,
"Lower","Dec 1, 2025, 7:30 PM","Dec 1, 2025, 9:02 PM","","Romanian Deadlift (Barbell)",,"",0,"normal",70,8,,,
"Lower","Dec 1, 2025, 7:30 PM","Dec 1, 2025, 9:02 PM","","Romanian Deadlift (Barbell)",,"",1,"failure",135,3,,,
"Lower","Dec 1, 2025, 7:30 PM","Dec 1, 2025, 9:02 PM","","Romanian Deadlift (Barbell)",,"",2,"failure",120,6,,,
"Lower","Dec 1, 2025, 7:30 PM","Dec 1, 2025, 9:02 PM","","Leg Extension (Machine)",,"I yearn for heavier",0,"normal",62.5,8,,,
"Lower","Dec 1, 2025, 7:30 PM","Dec 1, 2025, 9:02 PM","","Leg Extension (Machine)",,"I yearn for heavier",1,"failure",62.5,12,,,
"Lower","Dec 1, 2025, 7:30 PM","Dec 1, 2025, 9:02 PM","","Hip Adduction (Machine)",,"",0,"failure",52.5,12,,,
"Lower","Dec 1, 2025, 7:30 PM","Dec 1, 2025, 9:02 PM","","Hip Adduction (Machine)",,"",1,"failure",52.5,11,,,
"Lower","Dec 1, 2025, 7:30 PM","Dec 1, 2025, 9:02 PM","","Decline Sit Ups",,"1st rep is always a bitch",0,"normal",20,10,,,
"Lower","Dec 1, 2025, 7:30 PM","Dec 1, 2025, 9:02 PM","","Decline Sit Ups",,"1st rep is always a bitch",1,"failure",30,8,,,
"Push","Nov 30, 2025, 11:25 AM","Nov 30, 2025, 12:54 PM","","Bench Press (Barbell)",,"Sadge",0,"warmup",20,10,,,
"Push","Nov 30, 2025, 11:25 AM","Nov 30, 2025, 12:54 PM","","Bench Press (Barbell)",,"Sadge",1,"normal",60,8,,,
"Push","Nov 30, 2025, 11:25 AM","Nov 30, 2025, 12:54 PM","","Bench Press (Barbell)",,"Sadge",2,"failure",82.5,3,,,
"Push","Nov 30, 2025, 11:25 AM","Nov 30, 2025, 12:54 PM","","Bench Press (Barbell)",,"Sadge",3,"failure",75,7,,,
"Push","Nov 30, 2025, 11:25 AM","Nov 30, 2025, 12:54 PM","","Lateral Raise (Cable)",,"",0,"warmup",3.75,10,,,
"Push","Nov 30, 2025, 11:25 AM","Nov 30, 2025, 12:54 PM","","Lateral Raise (Cable)",,"",1,"failure",5,11,,,
"Push","Nov 30, 2025, 11:25 AM","Nov 30, 2025, 12:54 PM","","Lateral Raise (Cable)",,"",2,"failure",7.5,5,,,
"Push","Nov 30, 2025, 11:25 AM","Nov 30, 2025, 12:54 PM","","Shoulder Press (Machine Plates)",,"",0,"normal",40,8,,,
"Push","Nov 30, 2025, 11:25 AM","Nov 30, 2025, 12:54 PM","","Shoulder Press (Machine Plates)",,"",1,"failure",95,5,,,
"Push","Nov 30, 2025, 11:25 AM","Nov 30, 2025, 12:54 PM","","Shoulder Press (Machine Plates)",,"",2,"failure",92.5,5,,,
"Push","Nov 30, 2025, 11:25 AM","Nov 30, 2025, 12:54 PM","","Triceps Pushdown",,"",0,"failure",37.5,8,,,
"Push","Nov 30, 2025, 11:25 AM","Nov 30, 2025, 12:54 PM","","Triceps Pushdown",,"",1,"failure",40,5,,,
"Push","Nov 30, 2025, 11:25 AM","Nov 30, 2025, 12:54 PM","","Chest Fly (Machine)",,"",0,"normal",40,6,,,
"Push","Nov 30, 2025, 11:25 AM","Nov 30, 2025, 12:54 PM","","Chest Fly (Machine)",,"",1,"failure",45,5,,,
"Pull","Nov 28, 2025, 4:23 PM","Nov 28, 2025, 6:10 PM","","Chest Supported Row",,"Idk bw",0,"warmup",80,6,,,
"Pull","Nov 28, 2025, 4:23 PM","Nov 28, 2025, 6:10 PM","","Chest Supported Row",,"Idk bw",1,"normal",120,8,,,
"Pull","Nov 28, 2025, 4:23 PM","Nov 28, 2025, 6:10 PM","","Chest Supported Row",,"Idk bw",2,"failure",120,7,,,
"Pull","Nov 28, 2025, 4:23 PM","Nov 28, 2025, 6:10 PM","","Lat Pulldown (Cable)",,"",0,"warmup",50,8,,,
"Pull","Nov 28, 2025, 4:23 PM","Nov 28, 2025, 6:10 PM","","Lat Pulldown (Cable)",,"",1,"failure",85,4,,,
"Pull","Nov 28, 2025, 4:23 PM","Nov 28, 2025, 6:10 PM","","Lat Pulldown (Cable)",,"",2,"failure",80,6,,,
"Pull","Nov 28, 2025, 4:23 PM","Nov 28, 2025, 6:10 PM","","Bicep Curl (Dumbbell)",,"",0,"normal",18,6,,,
"Pull","Nov 28, 2025, 4:23 PM","Nov 28, 2025, 6:10 PM","","Bicep Curl (Dumbbell)",,"",1,"failure",22,6,,,
"Pull","Nov 28, 2025, 4:23 PM","Nov 28, 2025, 6:10 PM","","Bicep Curl (Dumbbell)",,"",2,"failure",20,8,,,
"Pull","Nov 28, 2025, 4:23 PM","Nov 28, 2025, 6:10 PM","","Back Extension (Weighted Hyperextension)",,"Doing some weird shit on 80kg",0,"normal",40,6,,,
"Pull","Nov 28, 2025, 4:23 PM","Nov 28, 2025, 6:10 PM","","Back Extension (Weighted Hyperextension)",,"Doing some weird shit on 80kg",1,"failure",70,8,,,
"Pull","Nov 28, 2025, 4:23 PM","Nov 28, 2025, 6:10 PM","","Back Extension (Weighted Hyperextension)",,"Doing some weird shit on 80kg",2,"failure",80,1,,,
"Pull","Nov 28, 2025, 4:23 PM","Nov 28, 2025, 6:10 PM","","Lat Pulldown - Close Grip (Cable)",,"Like 4.5 reps on last set",0,"normal",80,6,,,
"Pull","Nov 28, 2025, 4:23 PM","Nov 28, 2025, 6:10 PM","","Lat Pulldown - Close Grip (Cable)",,"Like 4.5 reps on last set",1,"failure",85,4,,,
"Pull","Nov 28, 2025, 4:23 PM","Nov 28, 2025, 6:10 PM","","Rear Delt Reverse Fly (Cable)",,"",0,"normal",5,8,,,
"Pull","Nov 28, 2025, 4:23 PM","Nov 28, 2025, 6:10 PM","","Rear Delt Reverse Fly (Cable)",,"",1,"failure",5,10,,,
"Push","Nov 26, 2025, 8:38 AM","Nov 26, 2025, 9:46 AM","","Bench Press (Barbell)",,"",0,"warmup",20,10,,,
"Push","Nov 26, 2025, 8:38 AM","Nov 26, 2025, 9:46 AM","","Bench Press (Barbell)",,"",1,"normal",60,8,,,
"Push","Nov 26, 2025, 8:38 AM","Nov 26, 2025, 9:46 AM","","Bench Press (Barbell)",,"",2,"failure",82.5,4,,,
"Push","Nov 26, 2025, 8:38 AM","Nov 26, 2025, 9:46 AM","","Lateral Raise (Cable)",,"",0,"warmup",3.75,10,,,
"Push","Nov 26, 2025, 8:38 AM","Nov 26, 2025, 9:46 AM","","Lateral Raise (Cable)",,"",1,"failure",5,11,,,
"Push","Nov 26, 2025, 8:38 AM","Nov 26, 2025, 9:46 AM","","Lateral Raise (Cable)",,"",2,"failure",5,11,,,
"Push","Nov 26, 2025, 8:38 AM","Nov 26, 2025, 9:46 AM","","Shoulder Press (Machine Plates)",,"Holy progress",0,"normal",40,8,,,
"Push","Nov 26, 2025, 8:38 AM","Nov 26, 2025, 9:46 AM","","Shoulder Press (Machine Plates)",,"Holy progress",1,"failure",95,4,,,
"Push","Nov 26, 2025, 8:38 AM","Nov 26, 2025, 9:46 AM","","Shoulder Press (Machine Plates)",,"Holy progress",2,"failure",92.5,4,,,
"Push","Nov 26, 2025, 8:38 AM","Nov 26, 2025, 9:46 AM","","Triceps Pushdown",,"Closer to 5th rep on 40kg",0,"failure",37.5,8,,,
"Push","Nov 26, 2025, 8:38 AM","Nov 26, 2025, 9:46 AM","","Triceps Pushdown",,"Closer to 5th rep on 40kg",1,"failure",40,4,,,
"Push","Nov 26, 2025, 8:38 AM","Nov 26, 2025, 9:46 AM","","Chest Fly (Machine)",,"",0,"normal",40,6,,,
"Push","Nov 26, 2025, 8:38 AM","Nov 26, 2025, 9:46 AM","","Chest Fly (Machine)",,"",1,"failure",45,5,,,
"Lower","Nov 25, 2025, 3:14 PM","Nov 25, 2025, 4:38 PM","","Squat (Barbell)",,"Hardstuck maybe - just gotta try harder",0,"warmup",20,6,,,
"Lower","Nov 25, 2025, 3:14 PM","Nov 25, 2025, 4:38 PM","","Squat (Barbell)",,"Hardstuck maybe - just gotta try harder",1,"normal",60,8,,,
"Lower","Nov 25, 2025, 3:14 PM","Nov 25, 2025, 4:38 PM","","Squat (Barbell)",,"Hardstuck maybe - just gotta try harder",2,"failure",100,4,,,
"Lower","Nov 25, 2025, 3:14 PM","Nov 25, 2025, 4:38 PM","","Squat (Barbell)",,"Hardstuck maybe - just gotta try harder",3,"failure",90,6,,,
"Lower","Nov 25, 2025, 3:14 PM","Nov 25, 2025, 4:38 PM","","Calf Press (Machine)",,"",0,"normal",100,10,,,
"Lower","Nov 25, 2025, 3:14 PM","Nov 25, 2025, 4:38 PM","","Calf Press (Machine)",,"",1,"failure",200,8,,,
"Lower","Nov 25, 2025, 3:14 PM","Nov 25, 2025, 4:38 PM","","Calf Press (Machine)",,"",2,"failure",180,10,,,
"Lower","Nov 25, 2025, 3:14 PM","Nov 25, 2025, 4:38 PM","","Romanian Deadlift (Barbell)",,"W up - small chance form degraded on top set",0,"normal",70,8,,,
"Lower","Nov 25, 2025, 3:14 PM","Nov 25, 2025, 4:38 PM","","Romanian Deadlift (Barbell)",,"W up - small chance form degraded on top set",1,"failure",130,6,,,
"Lower","Nov 25, 2025, 3:14 PM","Nov 25, 2025, 4:38 PM","","Romanian Deadlift (Barbell)",,"W up - small chance form degraded on top set",2,"failure",120,6,,,
"Lower","Nov 25, 2025, 3:14 PM","Nov 25, 2025, 4:38 PM","","Decline Sit Ups",,"",0,"failure",20,10,,,
"Lower","Nov 25, 2025, 3:14 PM","Nov 25, 2025, 4:38 PM","","Decline Sit Ups",,"",1,"failure",20,10,,,
"Lower","Nov 25, 2025, 3:14 PM","Nov 25, 2025, 4:38 PM","","Hip Adduction (Machine)",,"Had ts much wider",0,"failure",52.5,8,,,
"Lower","Nov 25, 2025, 3:14 PM","Nov 25, 2025, 4:38 PM","","Hip Adduction (Machine)",,"Had ts much wider",1,"failure",52.5,8,,,
"Lower","Nov 25, 2025, 3:14 PM","Nov 25, 2025, 4:38 PM","","Leg Extension (Machine)",,"",0,"failure",62.5,10,,,
"Lower","Nov 25, 2025, 3:14 PM","Nov 25, 2025, 4:38 PM","","Leg Extension (Machine)",,"",1,"failure",62.5,10,,,
"Pull","Nov 23, 2025, 11:14 AM","Nov 23, 2025, 12:09 PM","","Lat Pulldown (Cable)",,"",0,"warmup",50,8,,,
"Pull","Nov 23, 2025, 11:14 AM","Nov 23, 2025, 12:09 PM","","Lat Pulldown (Cable)",,"",1,"failure",85,4,,,
"Pull","Nov 23, 2025, 11:14 AM","Nov 23, 2025, 12:09 PM","","Lat Pulldown (Cable)",,"",2,"failure",80,6,,,
"Pull","Nov 23, 2025, 11:14 AM","Nov 23, 2025, 12:09 PM","","Back Extension (Weighted Hyperextension)",,"",0,"normal",40,6,,,
"Pull","Nov 23, 2025, 11:14 AM","Nov 23, 2025, 12:09 PM","","Back Extension (Weighted Hyperextension)",,"",1,"failure",70,6,,,
"Pull","Nov 23, 2025, 11:14 AM","Nov 23, 2025, 12:09 PM","","Chest Supported T-bar Row",,"",0,"warmup",40,6,,,
"Pull","Nov 23, 2025, 11:14 AM","Nov 23, 2025, 12:09 PM","","Chest Supported T-bar Row",,"",1,"failure",70,4,,,
"Pull","Nov 23, 2025, 11:14 AM","Nov 23, 2025, 12:09 PM","","Chest Supported T-bar Row",,"",2,"failure",60,7,,,
"Pull","Nov 23, 2025, 11:14 AM","Nov 23, 2025, 12:09 PM","","Bicep Curl (Dumbbell)",,"",0,"normal",20,6,,,
"Pull","Nov 23, 2025, 11:14 AM","Nov 23, 2025, 12:09 PM","","Bicep Curl (Dumbbell)",,"",1,"failure",22,6,,,
"Pull","Nov 23, 2025, 11:14 AM","Nov 23, 2025, 12:09 PM","","Bicep Curl (Dumbbell)",,"",2,"failure",20,8,,,
"Push","Nov 21, 2025, 1:12 PM","Nov 21, 2025, 2:08 PM","","Chest Press (Machine)",,"Cold start",0,"warmup",40,8,,,
"Push","Nov 21, 2025, 1:12 PM","Nov 21, 2025, 2:08 PM","","Chest Press (Machine)",,"Cold start",1,"failure",100,4,,,
"Push","Nov 21, 2025, 1:12 PM","Nov 21, 2025, 2:08 PM","","Chest Press (Machine)",,"Cold start",2,"failure",90,7,,,
"Push","Nov 21, 2025, 1:12 PM","Nov 21, 2025, 2:08 PM","","Lateral Raise (Cable)",,"Diff cable",0,"warmup",2.5,10,,,
"Push","Nov 21, 2025, 1:12 PM","Nov 21, 2025, 2:08 PM","","Lateral Raise (Cable)",,"Diff cable",1,"normal",5,10,,,
"Push","Nov 21, 2025, 1:12 PM","Nov 21, 2025, 2:08 PM","","Lateral Raise (Cable)",,"Diff cable",2,"failure",5,11,,,
"Push","Nov 21, 2025, 1:12 PM","Nov 21, 2025, 2:08 PM","","Shoulder Press (Machine Plates)",,"",0,"normal",40,8,,,
"Push","Nov 21, 2025, 1:12 PM","Nov 21, 2025, 2:08 PM","","Shoulder Press (Machine Plates)",,"",1,"failure",92.5,6,,,
"Push","Nov 21, 2025, 1:12 PM","Nov 21, 2025, 2:08 PM","","Shoulder Press (Machine Plates)",,"",2,"failure",90,7,,,
"Push","Nov 21, 2025, 1:12 PM","Nov 21, 2025, 2:08 PM","","Chest Fly (Machine)",,"",0,"failure",40,8,,,
"Push","Nov 21, 2025, 1:12 PM","Nov 21, 2025, 2:08 PM","","Chest Fly (Machine)",,"",1,"failure",45,4,,,
"Push","Nov 21, 2025, 1:12 PM","Nov 21, 2025, 2:08 PM","","Triceps Pushdown",,"",0,"failure",37.5,8,,,
"Push","Nov 21, 2025, 1:12 PM","Nov 21, 2025, 2:08 PM","","Triceps Pushdown",,"",1,"failure",40,4,,,
"Pull","Nov 18, 2025, 10:43 AM","Nov 18, 2025, 12:16 PM","","Lat Pulldown (Cable)",,"",0,"warmup",50,8,,,
"Pull","Nov 18, 2025, 10:43 AM","Nov 18, 2025, 12:16 PM","","Lat Pulldown (Cable)",,"",1,"failure",85,4,,,
"Pull","Nov 18, 2025, 10:43 AM","Nov 18, 2025, 12:16 PM","","Lat Pulldown (Cable)",,"",2,"failure",80,6,,,
"Pull","Nov 18, 2025, 10:43 AM","Nov 18, 2025, 12:16 PM","","Back Extension (Weighted Hyperextension)",,"",0,"normal",40,6,,,
"Pull","Nov 18, 2025, 10:43 AM","Nov 18, 2025, 12:16 PM","","Back Extension (Weighted Hyperextension)",,"",1,"normal",60,6,,,
"Pull","Nov 18, 2025, 10:43 AM","Nov 18, 2025, 12:16 PM","","Back Extension (Weighted Hyperextension)",,"",2,"failure",70,5,,,
"Pull","Nov 18, 2025, 10:43 AM","Nov 18, 2025, 12:16 PM","","Chest Supported T-bar Row",,"Idk bro",0,"warmup",40,6,,,
"Pull","Nov 18, 2025, 10:43 AM","Nov 18, 2025, 12:16 PM","","Chest Supported T-bar Row",,"Idk bro",1,"failure",70,4,,,
"Pull","Nov 18, 2025, 10:43 AM","Nov 18, 2025, 12:16 PM","","Chest Supported T-bar Row",,"Idk bro",2,"failure",60,6,,,
"Pull","Nov 18, 2025, 10:43 AM","Nov 18, 2025, 12:16 PM","","Bicep Curl (Dumbbell)",,"",0,"failure",20,8,,,
"Pull","Nov 18, 2025, 10:43 AM","Nov 18, 2025, 12:16 PM","","Bicep Curl (Dumbbell)",,"",1,"failure",22,6,,,
"Pull","Nov 18, 2025, 10:43 AM","Nov 18, 2025, 12:16 PM","","Bicep Curl (Dumbbell)",,"",2,"failure",20,7,,,
"Pull","Nov 18, 2025, 10:43 AM","Nov 18, 2025, 12:16 PM","","Rear Delt Reverse Fly (Cable)",,"",0,"normal",5,8,,,
"Pull","Nov 18, 2025, 10:43 AM","Nov 18, 2025, 12:16 PM","","Rear Delt Reverse Fly (Cable)",,"",1,"failure",7.5,6,,,
"Pull","Nov 18, 2025, 10:43 AM","Nov 18, 2025, 12:16 PM","","Lat Pulldown - Close Grip (Cable)",,"",0,"normal",80,6,,,
"Pull","Nov 18, 2025, 10:43 AM","Nov 18, 2025, 12:16 PM","","Lat Pulldown - Close Grip (Cable)",,"",1,"failure",85,4,,,
"Push","Nov 17, 2025, 6:30 AM","Nov 17, 2025, 7:59 AM","","Chest Press (Machine)",,"",0,"warmup",40,8,,,
"Push","Nov 17, 2025, 6:30 AM","Nov 17, 2025, 7:59 AM","","Chest Press (Machine)",,"",1,"failure",100,4,,,
"Push","Nov 17, 2025, 6:30 AM","Nov 17, 2025, 7:59 AM","","Chest Press (Machine)",,"",2,"failure",90,6,,,
"Push","Nov 17, 2025, 6:30 AM","Nov 17, 2025, 7:59 AM","","Lateral Raise (Cable)",,"",0,"warmup",3.75,10,,,
"Push","Nov 17, 2025, 6:30 AM","Nov 17, 2025, 7:59 AM","","Lateral Raise (Cable)",,"",1,"normal",5,10,,,
"Push","Nov 17, 2025, 6:30 AM","Nov 17, 2025, 7:59 AM","","Lateral Raise (Cable)",,"",2,"failure",5,10,,,
"Push","Nov 17, 2025, 6:30 AM","Nov 17, 2025, 7:59 AM","","Shoulder Press (Machine Plates)",,"",0,"normal",40,8,,,
"Push","Nov 17, 2025, 6:30 AM","Nov 17, 2025, 7:59 AM","","Shoulder Press (Machine Plates)",,"",1,"failure",92.5,4,,,
"Push","Nov 17, 2025, 6:30 AM","Nov 17, 2025, 7:59 AM","","Shoulder Press (Machine Plates)",,"",2,"failure",85,6,,,
"Push","Nov 17, 2025, 6:30 AM","Nov 17, 2025, 7:59 AM","","Chest Fly (Machine)",,"",0,"failure",40,8,,,
"Push","Nov 17, 2025, 6:30 AM","Nov 17, 2025, 7:59 AM","","Chest Fly (Machine)",,"",1,"failure",40,6,,,
"Push","Nov 17, 2025, 6:30 AM","Nov 17, 2025, 7:59 AM","","Triceps Pushdown",,"",0,"failure",35,8,,,
"Push","Nov 17, 2025, 6:30 AM","Nov 17, 2025, 7:59 AM","","Triceps Pushdown",,"",1,"failure",37.5,6,,,
"Lower","Nov 16, 2025, 11:34 AM","Nov 16, 2025, 1:22 PM","","Squat (Barbell)",,"Off my game😢",0,"warmup",20,6,,,
"Lower","Nov 16, 2025, 11:34 AM","Nov 16, 2025, 1:22 PM","","Squat (Barbell)",,"Off my game😢",1,"normal",60,8,,,
"Lower","Nov 16, 2025, 11:34 AM","Nov 16, 2025, 1:22 PM","","Squat (Barbell)",,"Off my game😢",2,"normal",100,3,,,
"Lower","Nov 16, 2025, 11:34 AM","Nov 16, 2025, 1:22 PM","","Squat (Barbell)",,"Off my game😢",3,"normal",90,4,,,
"Lower","Nov 16, 2025, 11:34 AM","Nov 16, 2025, 1:22 PM","","Calf Press (Machine)",,"",0,"normal",100,10,,,
"Lower","Nov 16, 2025, 11:34 AM","Nov 16, 2025, 1:22 PM","","Calf Press (Machine)",,"",1,"failure",200,8,,,
"Lower","Nov 16, 2025, 11:34 AM","Nov 16, 2025, 1:22 PM","","Calf Press (Machine)",,"",2,"failure",170,8,,,
"Lower","Nov 16, 2025, 11:34 AM","Nov 16, 2025, 1:22 PM","","Hip Adduction (Machine)",,"",0,"failure",52.5,10,,,
"Lower","Nov 16, 2025, 11:34 AM","Nov 16, 2025, 1:22 PM","","Hip Adduction (Machine)",,"",1,"failure",52.5,10,,,
"Lower","Nov 16, 2025, 11:34 AM","Nov 16, 2025, 1:22 PM","","Leg Extension (Machine)",,"",0,"normal",62.5,8,,,
"Lower","Nov 16, 2025, 11:34 AM","Nov 16, 2025, 1:22 PM","","Leg Extension (Machine)",,"",1,"failure",62.5,10,,,
"Lower","Nov 16, 2025, 11:34 AM","Nov 16, 2025, 1:22 PM","","Lying Leg Curl (Machine)",,"Cba to do rdl",0,"normal",42.5,8,,,
"Lower","Nov 16, 2025, 11:34 AM","Nov 16, 2025, 1:22 PM","","Lying Leg Curl (Machine)",,"Cba to do rdl",1,"failure",50,8,,,
"Lower","Nov 16, 2025, 11:34 AM","Nov 16, 2025, 1:22 PM","","Lying Leg Curl (Machine)",,"Cba to do rdl",2,"failure",55,4,,,
"Lower","Nov 16, 2025, 11:34 AM","Nov 16, 2025, 1:22 PM","","Decline Sit Ups",,"",0,"normal",20,8,,,
"Lower","Nov 16, 2025, 11:34 AM","Nov 16, 2025, 1:22 PM","","Decline Sit Ups",,"",1,"failure",30,6,,,
"Push","Nov 14, 2025, 10:44 AM","Nov 14, 2025, 12:14 PM","","Bench Press (Barbell)",,"",0,"warmup",20,10,,,
"Push","Nov 14, 2025, 10:44 AM","Nov 14, 2025, 12:14 PM","","Bench Press (Barbell)",,"",1,"failure",60,8,,,
"Push","Nov 14, 2025, 10:44 AM","Nov 14, 2025, 12:14 PM","","Bench Press (Barbell)",,"",2,"failure",82.5,3,,,
"Push","Nov 14, 2025, 10:44 AM","Nov 14, 2025, 12:14 PM","","Bench Press (Barbell)",,"",3,"normal",75,6,,,
"Push","Nov 14, 2025, 10:44 AM","Nov 14, 2025, 12:14 PM","","Lateral Raise (Cable)",,"Tried cuff on first set - pretty samey",0,"warmup",3.75,10,,,
"Push","Nov 14, 2025, 10:44 AM","Nov 14, 2025, 12:14 PM","","Lateral Raise (Cable)",,"Tried cuff on first set - pretty samey",1,"normal",5,10,,,
"Push","Nov 14, 2025, 10:44 AM","Nov 14, 2025, 12:14 PM","","Lateral Raise (Cable)",,"Tried cuff on first set - pretty samey",2,"failure",7.5,5,,,
"Push","Nov 14, 2025, 10:44 AM","Nov 14, 2025, 12:14 PM","","Shoulder Press (Machine Plates)",,"",0,"normal",40,8,,,
"Push","Nov 14, 2025, 10:44 AM","Nov 14, 2025, 12:14 PM","","Shoulder Press (Machine Plates)",,"",1,"failure",90,7,,,
"Push","Nov 14, 2025, 10:44 AM","Nov 14, 2025, 12:14 PM","","Shoulder Press (Machine Plates)",,"",2,"failure",85,6,,,
"Push","Nov 14, 2025, 10:44 AM","Nov 14, 2025, 12:14 PM","","Triceps Pushdown",,"",0,"failure",35,7,,,
"Push","Nov 14, 2025, 10:44 AM","Nov 14, 2025, 12:14 PM","","Triceps Pushdown",,"",1,"failure",35,7,,,
"Push","Nov 14, 2025, 10:44 AM","Nov 14, 2025, 12:14 PM","","Chest Fly (Machine)",,"",0,"normal",40,6,,,
"Push","Nov 14, 2025, 10:44 AM","Nov 14, 2025, 12:14 PM","","Chest Fly (Machine)",,"",1,"failure",40,5,,,
"Push","Nov 14, 2025, 10:44 AM","Nov 14, 2025, 12:14 PM","","Rear Delt Reverse Fly (Machine)",,"30 too heavy",0,"normal",20,10,,,
"Push","Nov 14, 2025, 10:44 AM","Nov 14, 2025, 12:14 PM","","Rear Delt Reverse Fly (Machine)",,"30 too heavy",1,"failure",30,4,,,
"Pull","Nov 12, 2025, 1:00 PM","Nov 12, 2025, 2:17 PM","","Chest Supported T-bar Row",,"Maybe machine not as good as I thought 😢",0,"warmup",50,6,,,
"Pull","Nov 12, 2025, 1:00 PM","Nov 12, 2025, 2:17 PM","","Chest Supported T-bar Row",,"Maybe machine not as good as I thought 😢",1,"failure",65,7,,,
"Pull","Nov 12, 2025, 1:00 PM","Nov 12, 2025, 2:17 PM","","Chest Supported T-bar Row",,"Maybe machine not as good as I thought 😢",2,"failure",70,4,,,
"Pull","Nov 12, 2025, 1:00 PM","Nov 12, 2025, 2:17 PM","","Lat Pulldown (Cable)",,"Upper lat",0,"failure",80,7,,,
"Pull","Nov 12, 2025, 1:00 PM","Nov 12, 2025, 2:17 PM","","Lat Pulldown (Cable)",,"Upper lat",1,"failure",80,6,,,
"Pull","Nov 12, 2025, 1:00 PM","Nov 12, 2025, 2:17 PM","","Back Extension (Weighted Hyperextension)",,"Back hurt (?)",0,"normal",60,6,,,
"Pull","Nov 12, 2025, 1:00 PM","Nov 12, 2025, 2:17 PM","","Back Extension (Weighted Hyperextension)",,"Back hurt (?)",1,"normal",50,8,,,
"Pull","Nov 12, 2025, 1:00 PM","Nov 12, 2025, 2:17 PM","","Bicep Curl (Dumbbell)",,"Up in reps - form may be deteriorating",0,"failure",20,8,,,
"Pull","Nov 12, 2025, 1:00 PM","Nov 12, 2025, 2:17 PM","","Bicep Curl (Dumbbell)",,"Up in reps - form may be deteriorating",1,"failure",22,6,,,
"Pull","Nov 12, 2025, 1:00 PM","Nov 12, 2025, 2:17 PM","","Bicep Curl (Dumbbell)",,"Up in reps - form may be deteriorating",2,"failure",20,6,,,
"Pull","Nov 12, 2025, 1:00 PM","Nov 12, 2025, 2:17 PM","","Lat Pulldown - Close Grip (Cable)",,"Lower lats",0,"normal",50,8,,,
"Pull","Nov 12, 2025, 1:00 PM","Nov 12, 2025, 2:17 PM","","Lat Pulldown - Close Grip (Cable)",,"Lower lats",1,"normal",70,8,,,
"Pull","Nov 12, 2025, 1:00 PM","Nov 12, 2025, 2:17 PM","","Lat Pulldown - Close Grip (Cable)",,"Lower lats",2,"failure",85,4,,,
"Lower","Nov 10, 2025, 1:23 PM","Nov 10, 2025, 3:35 PM","","Squat (Barbell)",,"W gains 🥶",0,"warmup",20,6,,,
"Lower","Nov 10, 2025, 1:23 PM","Nov 10, 2025, 3:35 PM","","Squat (Barbell)",,"W gains 🥶",1,"normal",60,8,,,
"Lower","Nov 10, 2025, 1:23 PM","Nov 10, 2025, 3:35 PM","","Squat (Barbell)",,"W gains 🥶",2,"normal",95,6,,,
"Lower","Nov 10, 2025, 1:23 PM","Nov 10, 2025, 3:35 PM","","Squat (Barbell)",,"W gains 🥶",3,"failure",100,4,,,
"Lower","Nov 10, 2025, 1:23 PM","Nov 10, 2025, 3:35 PM","","Hip Adduction (Machine)",,"",0,"failure",50,9,,,
"Lower","Nov 10, 2025, 1:23 PM","Nov 10, 2025, 3:35 PM","","Hip Adduction (Machine)",,"",1,"failure",52.5,7,,,
"Lower","Nov 10, 2025, 1:23 PM","Nov 10, 2025, 3:35 PM","","Romanian Deadlift (Barbell)",,"Had someone watch, lower back rounding ever so slightly at end of top set",0,"normal",70,8,,,
"Lower","Nov 10, 2025, 1:23 PM","Nov 10, 2025, 3:35 PM","","Romanian Deadlift (Barbell)",,"Had someone watch, lower back rounding ever so slightly at end of top set",1,"failure",130,5,,,
"Lower","Nov 10, 2025, 1:23 PM","Nov 10, 2025, 3:35 PM","","Romanian Deadlift (Barbell)",,"Had someone watch, lower back rounding ever so slightly at end of top set",2,"failure",120,6,,,
"Lower","Nov 10, 2025, 1:23 PM","Nov 10, 2025, 3:35 PM","","Leg Extension (Machine)",,"",0,"normal",62.5,8,,,
"Lower","Nov 10, 2025, 1:23 PM","Nov 10, 2025, 3:35 PM","","Leg Extension (Machine)",,"",1,"failure",62.5,12,,,
"Lower","Nov 10, 2025, 1:23 PM","Nov 10, 2025, 3:35 PM","","Calf Press (Machine)",,"",0,"normal",180,10,,,
"Lower","Nov 10, 2025, 1:23 PM","Nov 10, 2025, 3:35 PM","","Calf Press (Machine)",,"",1,"failure",200,10,,,
"Lower","Nov 10, 2025, 1:23 PM","Nov 10, 2025, 3:35 PM","","Decline Sit Ups",,"",0,"normal",10,8,,,
"Lower","Nov 10, 2025, 1:23 PM","Nov 10, 2025, 3:35 PM","","Decline Sit Ups",,"",1,"normal",20,10,,,
"Lower","Nov 10, 2025, 1:23 PM","Nov 10, 2025, 3:35 PM","","Decline Sit Ups",,"",2,"failure",30,6,,,
"Push","Nov 9, 2025, 4:07 PM","Nov 9, 2025, 5:35 PM","","Bench Press (Barbell)",,"Actual progress",0,"warmup",20,10,,,
"Push","Nov 9, 2025, 4:07 PM","Nov 9, 2025, 5:35 PM","","Bench Press (Barbell)",,"Actual progress",1,"failure",60,8,,,
"Push","Nov 9, 2025, 4:07 PM","Nov 9, 2025, 5:35 PM","","Bench Press (Barbell)",,"Actual progress",2,"failure",80,6,,,
"Push","Nov 9, 2025, 4:07 PM","Nov 9, 2025, 5:35 PM","","Bench Press (Barbell)",,"Actual progress",3,"failure",75,8,,,
"Push","Nov 9, 2025, 4:07 PM","Nov 9, 2025, 5:35 PM","","Lateral Raise (Cable)",,"",0,"normal",5,10,,,
"Push","Nov 9, 2025, 4:07 PM","Nov 9, 2025, 5:35 PM","","Lateral Raise (Cable)",,"",1,"failure",7.5,5,,,
"Push","Nov 9, 2025, 4:07 PM","Nov 9, 2025, 5:35 PM","","Lateral Raise (Cable)",,"",2,"failure",5,8,,,
"Push","Nov 9, 2025, 4:07 PM","Nov 9, 2025, 5:35 PM","","Shoulder Press (Machine Plates)",,"",0,"normal",40,8,,,
"Push","Nov 9, 2025, 4:07 PM","Nov 9, 2025, 5:35 PM","","Shoulder Press (Machine Plates)",,"",1,"failure",90,5,,,
"Push","Nov 9, 2025, 4:07 PM","Nov 9, 2025, 5:35 PM","","Shoulder Press (Machine Plates)",,"",2,"failure",85,6,,,
"Push","Nov 9, 2025, 4:07 PM","Nov 9, 2025, 5:35 PM","","Triceps Pushdown",,"",0,"normal",30,8,,,
"Push","Nov 9, 2025, 4:07 PM","Nov 9, 2025, 5:35 PM","","Triceps Pushdown",,"",1,"failure",35,6,,,
"Push","Nov 9, 2025, 4:07 PM","Nov 9, 2025, 5:35 PM","","Bicep Curl (Dumbbell)",,"",0,"normal",20,8,,,
"Push","Nov 9, 2025, 4:07 PM","Nov 9, 2025, 5:35 PM","","Bicep Curl (Dumbbell)",,"",1,"failure",22,5,,,
"Push","Nov 9, 2025, 4:07 PM","Nov 9, 2025, 5:35 PM","","Bicep Curl (Dumbbell)",,"",2,"failure",20,7,,,
"Lower","Nov 7, 2025, 12:57 PM","Nov 7, 2025, 2:08 PM","","Squat (Barbell)",,"",0,"warmup",20,6,,,
"Lower","Nov 7, 2025, 12:57 PM","Nov 7, 2025, 2:08 PM","","Squat (Barbell)",,"",1,"normal",60,8,,,
"Lower","Nov 7, 2025, 12:57 PM","Nov 7, 2025, 2:08 PM","","Squat (Barbell)",,"",2,"failure",90,6,,,
"Lower","Nov 7, 2025, 12:57 PM","Nov 7, 2025, 2:08 PM","","Squat (Barbell)",,"",3,"normal",80,6,,,
"Lower","Nov 7, 2025, 12:57 PM","Nov 7, 2025, 2:08 PM","","Hip Adduction (Machine)",,"",0,"failure",50,8,,,
"Lower","Nov 7, 2025, 12:57 PM","Nov 7, 2025, 2:08 PM","","Hip Adduction (Machine)",,"",1,"failure",52.5,6,,,
"Lower","Nov 7, 2025, 12:57 PM","Nov 7, 2025, 2:08 PM","","Calf Press (Machine)",,"",0,"normal",100,12,,,
"Lower","Nov 7, 2025, 12:57 PM","Nov 7, 2025, 2:08 PM","","Calf Press (Machine)",,"",1,"failure",190,10,,,
"Lower","Nov 7, 2025, 12:57 PM","Nov 7, 2025, 2:08 PM","","Romanian Deadlift (Barbell)",,"Can defo do more on 130, hands hurt like crazy on set 3 for sum reason",0,"normal",70,8,,,
"Lower","Nov 7, 2025, 12:57 PM","Nov 7, 2025, 2:08 PM","","Romanian Deadlift (Barbell)",,"Can defo do more on 130, hands hurt like crazy on set 3 for sum reason",1,"failure",130,4,,,
"Lower","Nov 7, 2025, 12:57 PM","Nov 7, 2025, 2:08 PM","","Romanian Deadlift (Barbell)",,"Can defo do more on 130, hands hurt like crazy on set 3 for sum reason",2,"normal",120,4,,,
"Lower","Nov 7, 2025, 12:57 PM","Nov 7, 2025, 2:08 PM","","Leg Extension (Machine)",,"",0,"normal",62.5,8,,,
"Push","Nov 5, 2025, 11:04 AM","Nov 5, 2025, 11:49 AM","","Chest Press (Machine)",,"",0,"warmup",40,8,,,
"Push","Nov 5, 2025, 11:04 AM","Nov 5, 2025, 11:49 AM","","Chest Press (Machine)",,"",1,"failure",90,8,,,
"Push","Nov 5, 2025, 11:04 AM","Nov 5, 2025, 11:49 AM","","Chest Press (Machine)",,"",2,"failure",90,6,,,
"Push","Nov 5, 2025, 11:04 AM","Nov 5, 2025, 11:49 AM","","Lateral Raise (Cable)",,"",0,"warmup",3.75,10,,,
"Push","Nov 5, 2025, 11:04 AM","Nov 5, 2025, 11:49 AM","","Lateral Raise (Cable)",,"",1,"failure",5,10,,,
"Push","Nov 5, 2025, 11:04 AM","Nov 5, 2025, 11:49 AM","","Bicep Curl (Dumbbell)",,"Bro wtf is this progress",0,"failure",20,9,,,
"Push","Nov 5, 2025, 11:04 AM","Nov 5, 2025, 11:49 AM","","Bicep Curl (Dumbbell)",,"Bro wtf is this progress",1,"failure",22,5,,,
"Push","Nov 5, 2025, 11:04 AM","Nov 5, 2025, 11:49 AM","","Bicep Curl (Dumbbell)",,"Bro wtf is this progress",2,"failure",20,7,,,
"Push","Nov 5, 2025, 11:04 AM","Nov 5, 2025, 11:49 AM","","Shoulder Press (Machine Plates)",,"",0,"normal",40,8,,,
"Push","Nov 5, 2025, 11:04 AM","Nov 5, 2025, 11:49 AM","","Shoulder Press (Machine Plates)",,"",1,"failure",85,6,,,
"Push","Nov 5, 2025, 11:04 AM","Nov 5, 2025, 11:49 AM","","Shoulder Press (Machine Plates)",,"",2,"failure",80,6,,,
"Push","Nov 5, 2025, 11:04 AM","Nov 5, 2025, 11:49 AM","","Triceps Pushdown",,"Diff stack (feels really weird for sum reason)",0,"normal",25,8,,,
"Push","Nov 5, 2025, 11:04 AM","Nov 5, 2025, 11:49 AM","","Triceps Pushdown",,"Diff stack (feels really weird for sum reason)",1,"failure",30,8,,,
"Lower","Oct 31, 2025, 12:02 PM","Oct 31, 2025, 1:34 PM","","Squat (Barbell)",,"Yes bro 🦍🦍",0,"warmup",20,6,,,
"Lower","Oct 31, 2025, 12:02 PM","Oct 31, 2025, 1:34 PM","","Squat (Barbell)",,"Yes bro 🦍🦍",1,"normal",60,8,,,
"Lower","Oct 31, 2025, 12:02 PM","Oct 31, 2025, 1:34 PM","","Squat (Barbell)",,"Yes bro 🦍🦍",2,"normal",80,6,,,
"Lower","Oct 31, 2025, 12:02 PM","Oct 31, 2025, 1:34 PM","","Squat (Barbell)",,"Yes bro 🦍🦍",3,"failure",90,5,,,
"Lower","Oct 31, 2025, 12:02 PM","Oct 31, 2025, 1:34 PM","","Hip Adduction (Machine)",,"",0,"failure",50,6,,,
"Lower","Oct 31, 2025, 12:02 PM","Oct 31, 2025, 1:34 PM","","Hip Adduction (Machine)",,"",1,"failure",52.5,6,,,
"Lower","Oct 31, 2025, 12:02 PM","Oct 31, 2025, 1:34 PM","","Romanian Deadlift (Barbell)",,"Record 🦍🦍",0,"normal",70,8,,,
"Lower","Oct 31, 2025, 12:02 PM","Oct 31, 2025, 1:34 PM","","Romanian Deadlift (Barbell)",,"Record 🦍🦍",1,"failure",125,6,,,
"Lower","Oct 31, 2025, 12:02 PM","Oct 31, 2025, 1:34 PM","","Romanian Deadlift (Barbell)",,"Record 🦍🦍",2,"failure",120,6,,,
"Lower","Oct 31, 2025, 12:02 PM","Oct 31, 2025, 1:34 PM","","Leg Extension (Machine)",,"",0,"normal",60,10,,,
"Lower","Oct 31, 2025, 12:02 PM","Oct 31, 2025, 1:34 PM","","Leg Extension (Machine)",,"",1,"failure",62.5,11,,,
"Lower","Oct 31, 2025, 12:02 PM","Oct 31, 2025, 1:34 PM","","Calf Press (Machine)",,"200 too heavy",0,"normal",100,12,,,
"Lower","Oct 31, 2025, 12:02 PM","Oct 31, 2025, 1:34 PM","","Calf Press (Machine)",,"200 too heavy",1,"failure",190,11,,,
"Lower","Oct 31, 2025, 12:02 PM","Oct 31, 2025, 1:34 PM","","Calf Press (Machine)",,"200 too heavy",2,"failure",200,6,,,
"Pull","Oct 29, 2025, 2:15 PM","Oct 29, 2025, 3:13 PM","","Lat Pulldown (Cable)",,"",0,"warmup",40,8,,,
"Pull","Oct 29, 2025, 2:15 PM","Oct 29, 2025, 3:13 PM","","Lat Pulldown (Cable)",,"",1,"failure",80,6,,,
"Pull","Oct 29, 2025, 2:15 PM","Oct 29, 2025, 3:13 PM","","Lat Pulldown (Cable)",,"",2,"failure",80,6,,,
"Pull","Oct 29, 2025, 2:15 PM","Oct 29, 2025, 3:13 PM","","Chest Supported T-bar Row",,"Fahk you mean",0,"warmup",40,8,,,
"Pull","Oct 29, 2025, 2:15 PM","Oct 29, 2025, 3:13 PM","","Chest Supported T-bar Row",,"Fahk you mean",1,"failure",65,6,,,
"Pull","Oct 29, 2025, 2:15 PM","Oct 29, 2025, 3:13 PM","","Chest Supported T-bar Row",,"Fahk you mean",2,"failure",65,6,,,
"Pull","Oct 29, 2025, 2:15 PM","Oct 29, 2025, 3:13 PM","","Bicep Curl (Dumbbell)",,"Minimal progress",0,"failure",20,8,,,
"Pull","Oct 29, 2025, 2:15 PM","Oct 29, 2025, 3:13 PM","","Bicep Curl (Dumbbell)",,"Minimal progress",1,"failure",22,4,,,
"Pull","Oct 29, 2025, 2:15 PM","Oct 29, 2025, 3:13 PM","","Bicep Curl (Dumbbell)",,"Minimal progress",2,"failure",20,6,,,
"Pull","Oct 29, 2025, 2:15 PM","Oct 29, 2025, 3:13 PM","","Back Extension (Weighted Hyperextension)",,"",0,"normal",40,6,,,
"Pull","Oct 29, 2025, 2:15 PM","Oct 29, 2025, 3:13 PM","","Back Extension (Weighted Hyperextension)",,"",1,"normal",60,8,,,
"Pull","Oct 29, 2025, 2:15 PM","Oct 29, 2025, 3:13 PM","","Back Extension (Weighted Hyperextension)",,"",2,"failure",70,5,,,
"Push","Oct 27, 2025, 11:31 AM","Oct 27, 2025, 12:37 PM","","Chest Press (Machine)",,"",0,"warmup",40,8,,,
"Push","Oct 27, 2025, 11:31 AM","Oct 27, 2025, 12:37 PM","","Chest Press (Machine)",,"",1,"failure",80,8,,,
"Push","Oct 27, 2025, 11:31 AM","Oct 27, 2025, 12:37 PM","","Chest Press (Machine)",,"",2,"failure",90,6,,,
"Push","Oct 27, 2025, 11:31 AM","Oct 27, 2025, 12:37 PM","","Lateral Raise (Cable)",,"",0,"warmup",2.5,10,,,
"Push","Oct 27, 2025, 11:31 AM","Oct 27, 2025, 12:37 PM","","Lateral Raise (Cable)",,"",1,"normal",5,8,,,
"Push","Oct 27, 2025, 11:31 AM","Oct 27, 2025, 12:37 PM","","Lateral Raise (Cable)",,"",2,"failure",7.5,5,,,
"Push","Oct 27, 2025, 11:31 AM","Oct 27, 2025, 12:37 PM","","Shoulder Press (Dumbbell)",,"Didnt get beloved machine - w is per arm",0,"normal",20,8,,,
"Push","Oct 27, 2025, 11:31 AM","Oct 27, 2025, 12:37 PM","","Shoulder Press (Dumbbell)",,"Didnt get beloved machine - w is per arm",1,"failure",24,8,,,
"Push","Oct 27, 2025, 11:31 AM","Oct 27, 2025, 12:37 PM","","Shoulder Press (Dumbbell)",,"Didnt get beloved machine - w is per arm",2,"failure",28,3,,,
"Push","Oct 27, 2025, 11:31 AM","Oct 27, 2025, 12:37 PM","","Triceps Pushdown",,"",0,"normal",30,8,,,
"Push","Oct 27, 2025, 11:31 AM","Oct 27, 2025, 12:37 PM","","Triceps Pushdown",,"",1,"failure",35,10,,,
"Push","Oct 27, 2025, 11:31 AM","Oct 27, 2025, 12:37 PM","","Chest Fly (Machine)",,"Machine kinda sucks",0,"normal",40,6,,,
"Push","Oct 27, 2025, 11:31 AM","Oct 27, 2025, 12:37 PM","","Chest Fly (Machine)",,"Machine kinda sucks",1,"failure",40,5,,,
"Pull","Oct 24, 2025, 3:26 PM","Oct 24, 2025, 5:12 PM","","Lat Pulldown (Cable)",,"Last set straps",0,"warmup",40,8,,,
"Pull","Oct 24, 2025, 3:26 PM","Oct 24, 2025, 5:12 PM","","Lat Pulldown (Cable)",,"Last set straps",1,"failure",80,6,,,
"Pull","Oct 24, 2025, 3:26 PM","Oct 24, 2025, 5:12 PM","","Lat Pulldown (Cable)",,"Last set straps",2,"failure",80,6,,,
"Pull","Oct 24, 2025, 3:26 PM","Oct 24, 2025, 5:12 PM","","Chest Supported T-bar Row",,"",0,"warmup",25,8,,,
"Pull","Oct 24, 2025, 3:26 PM","Oct 24, 2025, 5:12 PM","","Chest Supported T-bar Row",,"",1,"failure",65,7,,,
"Pull","Oct 24, 2025, 3:26 PM","Oct 24, 2025, 5:12 PM","","Chest Supported T-bar Row",,"",2,"failure",65,5,,,
"Pull","Oct 24, 2025, 3:26 PM","Oct 24, 2025, 5:12 PM","","Bicep Curl (Dumbbell)",,"Progress? 🦍🦍🦍",0,"failure",20,8,,,
"Pull","Oct 24, 2025, 3:26 PM","Oct 24, 2025, 5:12 PM","","Bicep Curl (Dumbbell)",,"Progress? 🦍🦍🦍",1,"failure",22,4,,,
"Pull","Oct 24, 2025, 3:26 PM","Oct 24, 2025, 5:12 PM","","Bicep Curl (Dumbbell)",,"Progress? 🦍🦍🦍",2,"failure",20,5,,,
"Pull","Oct 24, 2025, 3:26 PM","Oct 24, 2025, 5:12 PM","","Back Extension (Weighted Hyperextension)",,"Backshots galore",0,"normal",40,6,,,
"Pull","Oct 24, 2025, 3:26 PM","Oct 24, 2025, 5:12 PM","","Back Extension (Weighted Hyperextension)",,"Backshots galore",1,"failure",60,8,,,
"Pull","Oct 24, 2025, 3:26 PM","Oct 24, 2025, 5:12 PM","","Back Extension (Weighted Hyperextension)",,"Backshots galore",2,"failure",70,4,,,
"Push","Oct 22, 2025, 8:31 AM","Oct 22, 2025, 9:26 AM","Sleep probably does you good","Chest Press (Machine)",,"Falloff already is crazy",0,"warmup",40,8,,,
"Push","Oct 22, 2025, 8:31 AM","Oct 22, 2025, 9:26 AM","Sleep probably does you good","Chest Press (Machine)",,"Falloff already is crazy",1,"failure",90,4,,,
"Push","Oct 22, 2025, 8:31 AM","Oct 22, 2025, 9:26 AM","Sleep probably does you good","Chest Press (Machine)",,"Falloff already is crazy",2,"failure",80,6,,,
"Push","Oct 22, 2025, 8:31 AM","Oct 22, 2025, 9:26 AM","Sleep probably does you good","Lateral Raise (Cable)",,"",0,"normal",5,8,,,
"Push","Oct 22, 2025, 8:31 AM","Oct 22, 2025, 9:26 AM","Sleep probably does you good","Lateral Raise (Cable)",,"",1,"normal",5,8,,,
"Push","Oct 22, 2025, 8:31 AM","Oct 22, 2025, 9:26 AM","Sleep probably does you good","Shoulder Press (Machine Plates)",,"",0,"normal",40,8,,,
"Push","Oct 22, 2025, 8:31 AM","Oct 22, 2025, 9:26 AM","Sleep probably does you good","Shoulder Press (Machine Plates)",,"",1,"failure",80,8,,,
"Push","Oct 22, 2025, 8:31 AM","Oct 22, 2025, 9:26 AM","Sleep probably does you good","Shoulder Press (Machine Plates)",,"",2,"failure",85,5,,,
"Push","Oct 22, 2025, 8:31 AM","Oct 22, 2025, 9:26 AM","Sleep probably does you good","Triceps Pushdown",,"",0,"normal",25,8,,,
"Push","Oct 22, 2025, 8:31 AM","Oct 22, 2025, 9:26 AM","Sleep probably does you good","Triceps Pushdown",,"",1,"failure",30,8,,,
"Push","Oct 22, 2025, 8:31 AM","Oct 22, 2025, 9:26 AM","Sleep probably does you good","Triceps Pushdown",,"",2,"failure",35,6,,,
"Pull","Oct 20, 2025, 3:56 PM","Oct 20, 2025, 4:47 PM","","Lat Pulldown (Machine)",,"Plate loaded - w is total, I dont know about ts",0,"warmup",40,6,,,
"Pull","Oct 20, 2025, 3:56 PM","Oct 20, 2025, 4:47 PM","","Lat Pulldown (Machine)",,"Plate loaded - w is total, I dont know about ts",1,"normal",80,8,,,
"Pull","Oct 20, 2025, 3:56 PM","Oct 20, 2025, 4:47 PM","","Lat Pulldown (Machine)",,"Plate loaded - w is total, I dont know about ts",2,"failure",120,5,,,
"Pull","Oct 20, 2025, 3:56 PM","Oct 20, 2025, 4:47 PM","","Chest Supported T-bar Row",,"Rah",0,"warmup",25,8,,,
"Pull","Oct 20, 2025, 3:56 PM","Oct 20, 2025, 4:47 PM","","Chest Supported T-bar Row",,"Rah",1,"failure",65,6,,,
"Pull","Oct 20, 2025, 3:56 PM","Oct 20, 2025, 4:47 PM","","Chest Supported T-bar Row",,"Rah",2,"failure",65,4,,,
"Pull","Oct 20, 2025, 3:56 PM","Oct 20, 2025, 4:47 PM","","Back Extension (Weighted Hyperextension)",,"",0,"normal",40,6,,,
"Pull","Oct 20, 2025, 3:56 PM","Oct 20, 2025, 4:47 PM","","Back Extension (Weighted Hyperextension)",,"",1,"failure",60,8,,,
"Pull","Oct 20, 2025, 3:56 PM","Oct 20, 2025, 4:47 PM","","Bicep Curl (Dumbbell)",,"Forbidden gains",0,"failure",20,7,,,
"Pull","Oct 20, 2025, 3:56 PM","Oct 20, 2025, 4:47 PM","","Bicep Curl (Dumbbell)",,"Forbidden gains",1,"failure",20,5,,,
"Pull","Oct 20, 2025, 3:56 PM","Oct 20, 2025, 4:47 PM","","Bicep Curl (Dumbbell)",,"Forbidden gains",2,"failure",18,7,,,
"Lower","Oct 18, 2025, 4:19 PM","Oct 18, 2025, 5:32 PM","","Squat (Barbell)",,"Feel like i could do more - still dont think im used to exercise",0,"warmup",20,6,,,
"Lower","Oct 18, 2025, 4:19 PM","Oct 18, 2025, 5:32 PM","","Squat (Barbell)",,"Feel like i could do more - still dont think im used to exercise",1,"normal",60,6,,,
"Lower","Oct 18, 2025, 4:19 PM","Oct 18, 2025, 5:32 PM","","Squat (Barbell)",,"Feel like i could do more - still dont think im used to exercise",2,"failure",80,6,,,
"Lower","Oct 18, 2025, 4:19 PM","Oct 18, 2025, 5:32 PM","","Squat (Barbell)",,"Feel like i could do more - still dont think im used to exercise",3,"failure",90,3,,,
"Lower","Oct 18, 2025, 4:19 PM","Oct 18, 2025, 5:32 PM","","Romanian Deadlift (Barbell)",,"",0,"normal",60,8,,,
"Lower","Oct 18, 2025, 4:19 PM","Oct 18, 2025, 5:32 PM","","Romanian Deadlift (Barbell)",,"",1,"failure",125,5,,,
"Lower","Oct 18, 2025, 4:19 PM","Oct 18, 2025, 5:32 PM","","Romanian Deadlift (Barbell)",,"",2,"failure",120,5,,,
"Lower","Oct 18, 2025, 4:19 PM","Oct 18, 2025, 5:32 PM","","Leg Extension (Machine)",,"Maxed machine",0,"normal",40,6,,,
"Lower","Oct 18, 2025, 4:19 PM","Oct 18, 2025, 5:32 PM","","Leg Extension (Machine)",,"Maxed machine",1,"failure",62.5,10,,,
"Lower","Oct 18, 2025, 4:19 PM","Oct 18, 2025, 5:32 PM","","Leg Extension (Machine)",,"Maxed machine",2,"failure",62.5,9,,,
"Lower","Oct 18, 2025, 4:19 PM","Oct 18, 2025, 5:32 PM","","Calf Press (Machine)",,"",0,"normal",100,12,,,
"Lower","Oct 18, 2025, 4:19 PM","Oct 18, 2025, 5:32 PM","","Calf Press (Machine)",,"",1,"failure",180,11,,,
"Lower","Oct 18, 2025, 4:19 PM","Oct 18, 2025, 5:32 PM","","Calf Press (Machine)",,"",2,"failure",190,9,,,
"Lower","Oct 18, 2025, 4:19 PM","Oct 18, 2025, 5:32 PM","","Hip Adduction (Machine)",,"Maxed the machine",0,"failure",50,7,,,
"Lower","Oct 18, 2025, 4:19 PM","Oct 18, 2025, 5:32 PM","","Hip Adduction (Machine)",,"Maxed the machine",1,"failure",52.5,5,,,
"Upper","Oct 17, 2025, 12:00 PM","Oct 17, 2025, 12:46 PM","Didn’t do row cuz hungover","Chest Press (Machine)",,"",0,"warmup",40,8,,,
"Upper","Oct 17, 2025, 12:00 PM","Oct 17, 2025, 12:46 PM","Didn’t do row cuz hungover","Chest Press (Machine)",,"",1,"normal",80,8,,,
"Upper","Oct 17, 2025, 12:00 PM","Oct 17, 2025, 12:46 PM","Didn’t do row cuz hungover","Chest Press (Machine)",,"",2,"failure",90,6,,,
"Upper","Oct 17, 2025, 12:00 PM","Oct 17, 2025, 12:46 PM","Didn’t do row cuz hungover","Lateral Raise (Cable)",,"7.5kg too heavy",0,"normal",3.75,8,,,
"Upper","Oct 17, 2025, 12:00 PM","Oct 17, 2025, 12:46 PM","Didn’t do row cuz hungover","Lateral Raise (Cable)",,"7.5kg too heavy",1,"normal",5,10,,,
"Upper","Oct 17, 2025, 12:00 PM","Oct 17, 2025, 12:46 PM","Didn’t do row cuz hungover","Lateral Raise (Cable)",,"7.5kg too heavy",2,"failure",7.5,4,,,
"Upper","Oct 17, 2025, 12:00 PM","Oct 17, 2025, 12:46 PM","Didn’t do row cuz hungover","Shoulder Press (Machine Plates)",,"",0,"normal",40,8,,,
"Upper","Oct 17, 2025, 12:00 PM","Oct 17, 2025, 12:46 PM","Didn’t do row cuz hungover","Shoulder Press (Machine Plates)",,"",1,"failure",80,8,,,
"Upper","Oct 17, 2025, 12:00 PM","Oct 17, 2025, 12:46 PM","Didn’t do row cuz hungover","Shoulder Press (Machine Plates)",,"",2,"failure",90,3,,,
"Upper","Oct 17, 2025, 12:00 PM","Oct 17, 2025, 12:46 PM","Didn’t do row cuz hungover","Bicep Curl (Dumbbell)",,"",0,"failure",20,7,,,
"Upper","Oct 17, 2025, 12:00 PM","Oct 17, 2025, 12:46 PM","Didn’t do row cuz hungover","Bicep Curl (Dumbbell)",,"",1,"failure",18,8,,,
"Push","Oct 13, 2025, 11:20 AM","Oct 13, 2025, 12:10 PM","","Shoulder Press (Machine Plates)",,"Good machine - should maybe just do 2x failure",0,"warmup",40,8,,,
"Push","Oct 13, 2025, 11:20 AM","Oct 13, 2025, 12:10 PM","","Shoulder Press (Machine Plates)",,"Good machine - should maybe just do 2x failure",1,"normal",60,8,,,
"Push","Oct 13, 2025, 11:20 AM","Oct 13, 2025, 12:10 PM","","Shoulder Press (Machine Plates)",,"Good machine - should maybe just do 2x failure",2,"failure",80,7,,,
"Push","Oct 13, 2025, 11:20 AM","Oct 13, 2025, 12:10 PM","","Lateral Raise (Cable)",,"",0,"normal",5,8,,,
"Push","Oct 13, 2025, 11:20 AM","Oct 13, 2025, 12:10 PM","","Lateral Raise (Cable)",,"",1,"failure",5,10,,,
"Push","Oct 13, 2025, 11:20 AM","Oct 13, 2025, 12:10 PM","","Chest Press (Machine)",,"",0,"warmup",40,8,,,
"Push","Oct 13, 2025, 11:20 AM","Oct 13, 2025, 12:10 PM","","Chest Press (Machine)",,"",1,"failure",80,9,,,
"Push","Oct 13, 2025, 11:20 AM","Oct 13, 2025, 12:10 PM","","Chest Press (Machine)",,"",2,"failure",90,3,,,
"Push","Oct 13, 2025, 11:20 AM","Oct 13, 2025, 12:10 PM","","Triceps Pushdown",,"",0,"normal",30,6,,,
"Push","Oct 13, 2025, 11:20 AM","Oct 13, 2025, 12:10 PM","","Triceps Pushdown",,"",1,"failure",35,6,,,
"Push","Oct 13, 2025, 11:20 AM","Oct 13, 2025, 12:10 PM","","Chest Fly (Machine)",,"",0,"normal",30,6,,,
"Push","Oct 13, 2025, 11:20 AM","Oct 13, 2025, 12:10 PM","","Chest Fly (Machine)",,"",1,"normal",40,6,,,
"Push","Oct 13, 2025, 11:20 AM","Oct 13, 2025, 12:10 PM","","Chest Fly (Machine)",,"",2,"failure",45,3,,,
"Pull","Oct 10, 2025, 12:48 PM","Oct 10, 2025, 2:23 PM","","Straight Arm Lat Pulldown (Cable)",,"Bend arms too much - unstable excercise",0,"warmup",12.5,8,,,
"Pull","Oct 10, 2025, 12:48 PM","Oct 10, 2025, 2:23 PM","","Straight Arm Lat Pulldown (Cable)",,"Bend arms too much - unstable excercise",1,"normal",20,6,,,
"Pull","Oct 10, 2025, 12:48 PM","Oct 10, 2025, 2:23 PM","","Straight Arm Lat Pulldown (Cable)",,"Bend arms too much - unstable excercise",2,"normal",20,6,,,
"Pull","Oct 10, 2025, 12:48 PM","Oct 10, 2025, 2:23 PM","","Straight Arm Lat Pulldown (Cable)",,"Bend arms too much - unstable excercise",3,"normal",25,6,,,
"Pull","Oct 10, 2025, 12:48 PM","Oct 10, 2025, 2:23 PM","","Chest Supported T-bar Row",,"Yummers",0,"normal",50,6,,,
"Pull","Oct 10, 2025, 12:48 PM","Oct 10, 2025, 2:23 PM","","Chest Supported T-bar Row",,"Yummers",1,"failure",65,6,,,
"Pull","Oct 10, 2025, 12:48 PM","Oct 10, 2025, 2:23 PM","","Chest Supported T-bar Row",,"Yummers",2,"failure",65,5,,,
"Pull","Oct 10, 2025, 12:48 PM","Oct 10, 2025, 2:23 PM","","Dumbbell Row",,"Tf",0,"warmup",18,6,,,
"Pull","Oct 10, 2025, 12:48 PM","Oct 10, 2025, 2:23 PM","","Dumbbell Row",,"Tf",1,"normal",26,8,,,
"Pull","Oct 10, 2025, 12:48 PM","Oct 10, 2025, 2:23 PM","","Dumbbell Row",,"Tf",2,"normal",30,6,,,
"Pull","Oct 10, 2025, 12:48 PM","Oct 10, 2025, 2:23 PM","","Back Extension (Weighted Hyperextension)",,"",0,"normal",30,6,,,
"Pull","Oct 10, 2025, 12:48 PM","Oct 10, 2025, 2:23 PM","","Back Extension (Weighted Hyperextension)",,"",1,"normal",50,8,,,
"Pull","Oct 10, 2025, 12:48 PM","Oct 10, 2025, 2:23 PM","","Back Extension (Weighted Hyperextension)",,"",2,"failure",60,6,,,
"Pull","Oct 10, 2025, 12:48 PM","Oct 10, 2025, 2:23 PM","","Bicep Curl (Dumbbell)",0,"2x incline 1x normal",0,"normal",14,8,,,
"Pull","Oct 10, 2025, 12:48 PM","Oct 10, 2025, 2:23 PM","","Bicep Curl (Dumbbell)",0,"2x incline 1x normal",1,"failure",16,8,,,
"Pull","Oct 10, 2025, 12:48 PM","Oct 10, 2025, 2:23 PM","","Bicep Curl (Dumbbell)",0,"2x incline 1x normal",2,"failure",16,8,,,
"Pull","Oct 10, 2025, 12:48 PM","Oct 10, 2025, 2:23 PM","","Reverse Curl (Barbell)",0,"Forbidden superset",0,"normal",20,8,,,
"Pull","Oct 10, 2025, 12:48 PM","Oct 10, 2025, 2:23 PM","","Reverse Curl (Barbell)",0,"Forbidden superset",1,"failure",25,6,,,
"Lower","Oct 9, 2025, 6:08 AM","Oct 9, 2025, 7:22 AM","","Squat (Barbell)",,"Fallen out of swing with squat, might become main squat pattern",0,"normal",20,6,,,
"Lower","Oct 9, 2025, 6:08 AM","Oct 9, 2025, 7:22 AM","","Squat (Barbell)",,"Fallen out of swing with squat, might become main squat pattern",1,"normal",60,6,,,
"Lower","Oct 9, 2025, 6:08 AM","Oct 9, 2025, 7:22 AM","","Squat (Barbell)",,"Fallen out of swing with squat, might become main squat pattern",2,"normal",80,4,,,
"Lower","Oct 9, 2025, 6:08 AM","Oct 9, 2025, 7:22 AM","","Squat (Barbell)",,"Fallen out of swing with squat, might become main squat pattern",3,"normal",80,4,,,
"Lower","Oct 9, 2025, 6:08 AM","Oct 9, 2025, 7:22 AM","","Romanian Deadlift (Barbell)",,"The old favourite",0,"normal",60,8,,,
"Lower","Oct 9, 2025, 6:08 AM","Oct 9, 2025, 7:22 AM","","Romanian Deadlift (Barbell)",,"The old favourite",1,"normal",110,4,,,
"Lower","Oct 9, 2025, 6:08 AM","Oct 9, 2025, 7:22 AM","","Romanian Deadlift (Barbell)",,"The old favourite",2,"failure",125,4,,,
"Lower","Oct 9, 2025, 6:08 AM","Oct 9, 2025, 7:22 AM","","Calf Press (Machine)",,"On pin loaded",0,"normal",100,8,,,
"Lower","Oct 9, 2025, 6:08 AM","Oct 9, 2025, 7:22 AM","","Calf Press (Machine)",,"On pin loaded",1,"normal",140,12,,,
"Lower","Oct 9, 2025, 6:08 AM","Oct 9, 2025, 7:22 AM","","Calf Press (Machine)",,"On pin loaded",2,"failure",180,10,,,
"Lower","Oct 9, 2025, 6:08 AM","Oct 9, 2025, 7:22 AM","","Leg Extension (Machine)",,"Cooked by squats icl",0,"normal",40,6,,,
"Lower","Oct 9, 2025, 6:08 AM","Oct 9, 2025, 7:22 AM","","Leg Extension (Machine)",,"Cooked by squats icl",1,"failure",62.5,10,,,
"Lower","Oct 9, 2025, 6:08 AM","Oct 9, 2025, 7:22 AM","","Hip Adduction (Machine)",,"",0,"normal",30,8,,,
"Lower","Oct 9, 2025, 6:08 AM","Oct 9, 2025, 7:22 AM","","Hip Adduction (Machine)",,"",1,"normal",45,8,,,
"Lower","Oct 9, 2025, 6:08 AM","Oct 9, 2025, 7:22 AM","","Hip Adduction (Machine)",,"",2,"failure",50,5,,,
"Push","Oct 7, 2025, 5:16 PM","Oct 7, 2025, 6:46 PM","","Bench Press (Barbell)",,"",0,"normal",20,8,,,
"Push","Oct 7, 2025, 5:16 PM","Oct 7, 2025, 6:46 PM","","Bench Press (Barbell)",,"",1,"normal",80,3,,,
"Push","Oct 7, 2025, 5:16 PM","Oct 7, 2025, 6:46 PM","","Bench Press (Barbell)",,"",2,"failure",75,6,,,
"Push","Oct 7, 2025, 5:16 PM","Oct 7, 2025, 6:46 PM","","Incline Bench Press (Barbell)",,"Fah",0,"warmup",20,12,,,
"Push","Oct 7, 2025, 5:16 PM","Oct 7, 2025, 6:46 PM","","Incline Bench Press (Barbell)",,"Fah",1,"normal",60,6,,,
"Push","Oct 7, 2025, 5:16 PM","Oct 7, 2025, 6:46 PM","","Incline Bench Press (Barbell)",,"Fah",2,"failure",70,2,,,
"Push","Oct 7, 2025, 5:16 PM","Oct 7, 2025, 6:46 PM","","Shoulder Press (Machine Plates)",,"Total w",0,"normal",40,8,,,
"Push","Oct 7, 2025, 5:16 PM","Oct 7, 2025, 6:46 PM","","Shoulder Press (Machine Plates)",,"Total w",1,"normal",60,8,,,
"Push","Oct 7, 2025, 5:16 PM","Oct 7, 2025, 6:46 PM","","Shoulder Press (Machine Plates)",,"Total w",2,"failure",80,5,,,
"Push","Oct 7, 2025, 5:16 PM","Oct 7, 2025, 6:46 PM","","Lateral Raise (Cable)",,"",0,"warmup",2.5,10,,,
"Push","Oct 7, 2025, 5:16 PM","Oct 7, 2025, 6:46 PM","","Lateral Raise (Cable)",,"",1,"normal",5,10,,,
"Push","Oct 7, 2025, 5:16 PM","Oct 7, 2025, 6:46 PM","","Single Arm Triceps Pushdown (Cable)",,"",0,"normal",7.5,10,,,
"Push","Oct 7, 2025, 5:16 PM","Oct 7, 2025, 6:46 PM","","Single Arm Triceps Pushdown (Cable)",,"",1,"failure",12.5,6,,,
"Push","Oct 7, 2025, 5:16 PM","Oct 7, 2025, 6:46 PM","","Skullcrusher (Barbell)",,"Ts kinda sucks",0,"normal",20,8,,,
"Push","Oct 7, 2025, 5:16 PM","Oct 7, 2025, 6:46 PM","","Skullcrusher (Barbell)",,"Ts kinda sucks",1,"normal",25,5,,,
"Upper","Oct 5, 2025, 5:20 PM","Oct 5, 2025, 6:23 PM","","Chest Press (Machine)",,"Plate loaded - w is total",0,"warmup",40,8,,,
"Upper","Oct 5, 2025, 5:20 PM","Oct 5, 2025, 6:23 PM","","Chest Press (Machine)",,"Plate loaded - w is total",1,"normal",60,10,,,
"Upper","Oct 5, 2025, 5:20 PM","Oct 5, 2025, 6:23 PM","","Chest Press (Machine)",,"Plate loaded - w is total",2,"failure",80,8,,,
"Upper","Oct 5, 2025, 5:20 PM","Oct 5, 2025, 6:23 PM","","Chest Press (Machine)",,"Plate loaded - w is total",3,"failure",100,3,,,
"Upper","Oct 5, 2025, 5:20 PM","Oct 5, 2025, 6:23 PM","","Lateral Raise (Cable)",,"",0,"normal",3.75,8,,,
"Upper","Oct 5, 2025, 5:20 PM","Oct 5, 2025, 6:23 PM","","Lateral Raise (Cable)",,"",1,"normal",5,8,,,
"Upper","Oct 5, 2025, 5:20 PM","Oct 5, 2025, 6:23 PM","","Lateral Raise (Cable)",,"",2,"normal",5,8,,,
"Upper","Oct 5, 2025, 5:20 PM","Oct 5, 2025, 6:23 PM","","Shoulder Press (Dumbbell)",,"Per arm",0,"normal",22,6,,,
"Upper","Oct 5, 2025, 5:20 PM","Oct 5, 2025, 6:23 PM","","Shoulder Press (Dumbbell)",,"Per arm",1,"failure",24,8,,,
"Upper","Oct 5, 2025, 5:20 PM","Oct 5, 2025, 6:23 PM","","Chest Supported T-bar Row",,"",0,"warmup",25,8,,,
"Upper","Oct 5, 2025, 5:20 PM","Oct 5, 2025, 6:23 PM","","Chest Supported T-bar Row",,"",1,"normal",50,8,,,
"Upper","Oct 5, 2025, 5:20 PM","Oct 5, 2025, 6:23 PM","","Chest Supported T-bar Row",,"",2,"failure",65,5,,,
"Upper","Oct 5, 2025, 5:20 PM","Oct 5, 2025, 6:23 PM","","Bicep Curl (Dumbbell)",,"",0,"normal",14,8,,,
"Upper","Oct 5, 2025, 5:20 PM","Oct 5, 2025, 6:23 PM","","Bicep Curl (Dumbbell)",,"",1,"failure",20,5,,,
"Upper","Oct 5, 2025, 5:20 PM","Oct 5, 2025, 6:23 PM","","Bicep Curl (Dumbbell)",,"",2,"failure",18,8,,,
"Pull","Sep 26, 2025, 12:51 PM","Sep 26, 2025, 1:59 PM","Gone up bruh","T Bar Row",,"Chest supported - holy good machine brah",0,"warmup",,8,,,
"Pull","Sep 26, 2025, 12:51 PM","Sep 26, 2025, 1:59 PM","Gone up bruh","T Bar Row",,"Chest supported - holy good machine brah",1,"normal",25,6,,,
"Pull","Sep 26, 2025, 12:51 PM","Sep 26, 2025, 1:59 PM","Gone up bruh","T Bar Row",,"Chest supported - holy good machine brah",2,"failure",55,8,,,
"Pull","Sep 26, 2025, 12:51 PM","Sep 26, 2025, 1:59 PM","Gone up bruh","T Bar Row",,"Chest supported - holy good machine brah",3,"failure",65,6,,,
"Pull","Sep 26, 2025, 12:51 PM","Sep 26, 2025, 1:59 PM","Gone up bruh","Hammer Curl (Dumbbell)",,"",0,"normal",20,8,,,
"Pull","Sep 26, 2025, 12:51 PM","Sep 26, 2025, 1:59 PM","Gone up bruh","Hammer Curl (Dumbbell)",,"",1,"failure",22,8,,,
"Pull","Sep 26, 2025, 12:51 PM","Sep 26, 2025, 1:59 PM","Gone up bruh","Hammer Curl (Dumbbell)",,"",2,"failure",22,7,,,
"Pull","Sep 26, 2025, 12:51 PM","Sep 26, 2025, 1:59 PM","Gone up bruh","Lat Pulldown (Cable)",,"",0,"normal",50,6,,,
"Pull","Sep 26, 2025, 12:51 PM","Sep 26, 2025, 1:59 PM","Gone up bruh","Lat Pulldown (Cable)",,"",1,"failure",80,6,,,
"Pull","Sep 26, 2025, 12:51 PM","Sep 26, 2025, 1:59 PM","Gone up bruh","Lat Pulldown (Cable)",,"",2,"failure",85,3,,,
"Pull","Sep 26, 2025, 12:51 PM","Sep 26, 2025, 1:59 PM","Gone up bruh","Back Extension (Weighted Hyperextension)",,"Not hugging plates",0,"normal",20,8,,,
"Pull","Sep 26, 2025, 12:51 PM","Sep 26, 2025, 1:59 PM","Gone up bruh","Back Extension (Weighted Hyperextension)",,"Not hugging plates",1,"normal",40,8,,,
"Pull","Sep 26, 2025, 12:51 PM","Sep 26, 2025, 1:59 PM","Gone up bruh","Back Extension (Weighted Hyperextension)",,"Not hugging plates",2,"failure",50,6,,,
"Pull","Sep 26, 2025, 12:51 PM","Sep 26, 2025, 1:59 PM","Gone up bruh","Bicep Curl (Dumbbell)",,"Forbidden progress made 👺",0,"normal",14,8,,,
"Pull","Sep 26, 2025, 12:51 PM","Sep 26, 2025, 1:59 PM","Gone up bruh","Bicep Curl (Dumbbell)",,"Forbidden progress made 👺",1,"failure",18,8,,,
"Pull","Sep 26, 2025, 12:51 PM","Sep 26, 2025, 1:59 PM","Gone up bruh","Bicep Curl (Dumbbell)",,"Forbidden progress made 👺",2,"failure",18,7,,,
"Push","Sep 25, 2025, 4:12 PM","Sep 25, 2025, 5:09 PM","","Bench Press (Barbell)",,"Omg i went up a rep 👅",0,"normal",20,8,,,
"Push","Sep 25, 2025, 4:12 PM","Sep 25, 2025, 5:09 PM","","Bench Press (Barbell)",,"Omg i went up a rep 👅",1,"normal",60,6,,,
"Push","Sep 25, 2025, 4:12 PM","Sep 25, 2025, 5:09 PM","","Bench Press (Barbell)",,"Omg i went up a rep 👅",2,"failure",75,7,,,
"Push","Sep 25, 2025, 4:12 PM","Sep 25, 2025, 5:09 PM","","Bench Press (Barbell)",,"Omg i went up a rep 👅",3,"failure",75,4,,,
"Push","Sep 25, 2025, 4:12 PM","Sep 25, 2025, 5:09 PM","","Lateral Raise (Cable)",,"",0,"warmup",2.5,10,,,
"Push","Sep 25, 2025, 4:12 PM","Sep 25, 2025, 5:09 PM","","Lateral Raise (Cable)",,"",1,"normal",5,10,,,
"Push","Sep 25, 2025, 4:12 PM","Sep 25, 2025, 5:09 PM","","Lateral Raise (Cable)",,"",2,"failure",5,10,,,
"Push","Sep 25, 2025, 4:12 PM","Sep 25, 2025, 5:09 PM","","Triceps Pushdown",,"",0,"normal",30,8,,,
"Push","Sep 25, 2025, 4:12 PM","Sep 25, 2025, 5:09 PM","","Triceps Pushdown",,"",1,"failure",35,8,,,
"Push","Sep 25, 2025, 4:12 PM","Sep 25, 2025, 5:09 PM","","Triceps Pushdown",,"",2,"failure",37.5,4,,,
"Push","Sep 25, 2025, 4:12 PM","Sep 25, 2025, 5:09 PM","","Chest Fly (Machine)",,"Maxes at 50kg - is harder - 45kg ~=135kg",0,"normal",30,6,,,
"Push","Sep 25, 2025, 4:12 PM","Sep 25, 2025, 5:09 PM","","Chest Fly (Machine)",,"Maxes at 50kg - is harder - 45kg ~=135kg",1,"failure",40,6,,,
"Push","Sep 25, 2025, 4:12 PM","Sep 25, 2025, 5:09 PM","","Chest Fly (Machine)",,"Maxes at 50kg - is harder - 45kg ~=135kg",2,"failure",45,3,,,
"Lower","Sep 23, 2025, 12:26 PM","Sep 23, 2025, 1:51 PM","","Leg Press (Machine)",,"“Angled leg press”",0,"normal",80,8,,,
"Lower","Sep 23, 2025, 12:26 PM","Sep 23, 2025, 1:51 PM","","Leg Press (Machine)",,"“Angled leg press”",1,"normal",160,8,,,
"Lower","Sep 23, 2025, 12:26 PM","Sep 23, 2025, 1:51 PM","","Leg Press (Machine)",,"“Angled leg press”",2,"normal",200,8,,,
"Lower","Sep 23, 2025, 12:26 PM","Sep 23, 2025, 1:51 PM","","Romanian Deadlift (Barbell)",,"No 2.5kg 🥀 + seated leg curl sucks",0,"normal",60,8,,,
"Lower","Sep 23, 2025, 12:26 PM","Sep 23, 2025, 1:51 PM","","Romanian Deadlift (Barbell)",,"No 2.5kg 🥀 + seated leg curl sucks",1,"failure",110,6,,,
"Lower","Sep 23, 2025, 12:26 PM","Sep 23, 2025, 1:51 PM","","Romanian Deadlift (Barbell)",,"No 2.5kg 🥀 + seated leg curl sucks",2,"failure",120,4,,,
"Lower","Sep 23, 2025, 12:26 PM","Sep 23, 2025, 1:51 PM","","Calf Extension (Machine)",,"Plate loaded",0,"normal",20,15,,,
"Lower","Sep 23, 2025, 12:26 PM","Sep 23, 2025, 1:51 PM","","Calf Extension (Machine)",,"Plate loaded",1,"normal",40,15,,,
"Lower","Sep 23, 2025, 12:26 PM","Sep 23, 2025, 1:51 PM","","Calf Extension (Machine)",,"Plate loaded",2,"normal",80,12,,,
"Lower","Sep 23, 2025, 12:26 PM","Sep 23, 2025, 1:51 PM","","Hip Adduction (Machine)",,"Only goes up to like 50, but is hard",0,"normal",30,8,,,
"Lower","Sep 23, 2025, 12:26 PM","Sep 23, 2025, 1:51 PM","","Hip Adduction (Machine)",,"Only goes up to like 50, but is hard",1,"failure",45,8,,,
"Lower","Sep 23, 2025, 12:26 PM","Sep 23, 2025, 1:51 PM","","Hip Adduction (Machine)",,"Only goes up to like 50, but is hard",2,"failure",50,3,,,
"Lower","Sep 23, 2025, 12:26 PM","Sep 23, 2025, 1:51 PM","","Leg Extension (Machine)",,"Techogym pilled",0,"normal",40,8,,,
"Lower","Sep 23, 2025, 12:26 PM","Sep 23, 2025, 1:51 PM","","Leg Extension (Machine)",,"Techogym pilled",1,"normal",55,6,,,
"Lower","Sep 23, 2025, 12:26 PM","Sep 23, 2025, 1:51 PM","","Leg Extension (Machine)",,"Techogym pilled",2,"normal",62.5,8,,,
"Upper","Sep 21, 2025, 2:26 PM","Sep 21, 2025, 3:26 PM","","Bench Press (Barbell)",,"",0,"normal",20,8,,,
"Upper","Sep 21, 2025, 2:26 PM","Sep 21, 2025, 3:26 PM","","Bench Press (Barbell)",,"",1,"normal",60,8,,,
"Upper","Sep 21, 2025, 2:26 PM","Sep 21, 2025, 3:26 PM","","Bench Press (Barbell)",,"",2,"failure",75,6,,,
"Upper","Sep 21, 2025, 2:26 PM","Sep 21, 2025, 3:26 PM","","Bench Press (Barbell)",,"",3,"failure",75,4,,,
"Upper","Sep 21, 2025, 2:26 PM","Sep 21, 2025, 3:26 PM","","Chest Supported Row",,"I dont know base weight",0,"warmup",40,6,,,
"Upper","Sep 21, 2025, 2:26 PM","Sep 21, 2025, 3:26 PM","","Chest Supported Row",,"I dont know base weight",1,"normal",80,8,,,
"Upper","Sep 21, 2025, 2:26 PM","Sep 21, 2025, 3:26 PM","","Chest Supported Row",,"I dont know base weight",2,"failure",120,6,,,
"Upper","Sep 21, 2025, 2:26 PM","Sep 21, 2025, 3:26 PM","","Shoulder Press (Dumbbell)",,"Fall off",0,"normal",24,6,,,
"Upper","Sep 21, 2025, 2:26 PM","Sep 21, 2025, 3:26 PM","","Shoulder Press (Dumbbell)",,"Fall off",1,"failure",26,6,,,
"Upper","Sep 21, 2025, 2:26 PM","Sep 21, 2025, 3:26 PM","","Shoulder Press (Dumbbell)",,"Fall off",2,"failure",28,3,,,
"Upper","Sep 21, 2025, 2:26 PM","Sep 21, 2025, 3:26 PM","","Lateral Raise (Cable)",,"",0,"normal",3.75,8,,,
"Upper","Sep 21, 2025, 2:26 PM","Sep 21, 2025, 3:26 PM","","Lateral Raise (Cable)",,"",1,"normal",5,8,,,
"Upper","Sep 21, 2025, 2:26 PM","Sep 21, 2025, 3:26 PM","","Lateral Raise (Cable)",,"",2,"failure",5,8,,,
"Upper","Sep 21, 2025, 2:26 PM","Sep 21, 2025, 3:26 PM","","Bicep Curl (Dumbbell)",,"",0,"normal",14,8,,,
"Upper","Sep 21, 2025, 2:26 PM","Sep 21, 2025, 3:26 PM","","Bicep Curl (Dumbbell)",,"",1,"failure",18,7,,,
"Upper","Sep 21, 2025, 2:26 PM","Sep 21, 2025, 3:26 PM","","Bicep Curl (Dumbbell)",,"",2,"failure",18,6,,,
"Lower","Sep 13, 2025, 7:55 PM","Sep 13, 2025, 9:14 PM","","Standing Calf Raise (Machine)",,"",0,"normal",50,15,,,
"Lower","Sep 13, 2025, 7:55 PM","Sep 13, 2025, 9:14 PM","","Standing Calf Raise (Machine)",,"",1,"normal",60,12,,,
"Lower","Sep 13, 2025, 7:55 PM","Sep 13, 2025, 9:14 PM","","Standing Calf Raise (Machine)",,"",2,"normal",70,12,,,
"Lower","Sep 13, 2025, 7:55 PM","Sep 13, 2025, 9:14 PM","","Romanian Deadlift (Barbell)",,"",0,"normal",70,8,,,
"Lower","Sep 13, 2025, 7:55 PM","Sep 13, 2025, 9:14 PM","","Romanian Deadlift (Barbell)",,"",1,"normal",110,6,,,
"Lower","Sep 13, 2025, 7:55 PM","Sep 13, 2025, 9:14 PM","","Romanian Deadlift (Barbell)",,"",2,"failure",125,4,,,
"Lower","Sep 13, 2025, 7:55 PM","Sep 13, 2025, 9:14 PM","","Hip Adduction (Machine)",,"",0,"normal",36,10,,,
"Lower","Sep 13, 2025, 7:55 PM","Sep 13, 2025, 9:14 PM","","Hip Adduction (Machine)",,"",1,"normal",57,10,,,
"Lower","Sep 13, 2025, 7:55 PM","Sep 13, 2025, 9:14 PM","","Hip Adduction (Machine)",,"",2,"failure",75,8,,,
"Lower","Sep 13, 2025, 7:55 PM","Sep 13, 2025, 9:14 PM","","Leg Press (Machine)",,"",0,"normal",175,6,,,
"Lower","Sep 13, 2025, 7:55 PM","Sep 13, 2025, 9:14 PM","","Leg Press (Machine)",,"",1,"failure",275,6,,,
"Lower","Sep 13, 2025, 7:55 PM","Sep 13, 2025, 9:14 PM","","Leg Press (Machine)",,"",2,"failure",275,6,,,
"Lower","Sep 13, 2025, 7:55 PM","Sep 13, 2025, 9:14 PM","","Crunch (Machine)",,"",0,"warmup",29,8,,,
"Lower","Sep 13, 2025, 7:55 PM","Sep 13, 2025, 9:14 PM","","Crunch (Machine)",,"",1,"normal",43,6,,,
"Lower","Sep 13, 2025, 7:55 PM","Sep 13, 2025, 9:14 PM","","Crunch (Machine)",,"",2,"normal",54,4,,,
"Pull","Sep 5, 2025, 9:01 AM","Sep 5, 2025, 10:16 AM","","Lat Pulldown (Cable)",,"Long grip - but weird",0,"normal",73,6,,,
"Pull","Sep 5, 2025, 9:01 AM","Sep 5, 2025, 10:16 AM","","Lat Pulldown (Cable)",,"Long grip - but weird",1,"normal",86,6,,,
"Pull","Sep 5, 2025, 9:01 AM","Sep 5, 2025, 10:16 AM","","Lat Pulldown (Cable)",,"Long grip - but weird",2,"failure",93,4,,,
"Pull","Sep 5, 2025, 9:01 AM","Sep 5, 2025, 10:16 AM","","Hammer Curl (Dumbbell)",,"",0,"normal",20,8,,,
"Pull","Sep 5, 2025, 9:01 AM","Sep 5, 2025, 10:16 AM","","Hammer Curl (Dumbbell)",,"",1,"normal",24,8,,,
"Pull","Sep 5, 2025, 9:01 AM","Sep 5, 2025, 10:16 AM","","Hammer Curl (Dumbbell)",,"",2,"failure",24,6,,,
"Pull","Sep 5, 2025, 9:01 AM","Sep 5, 2025, 10:16 AM","","Bench Press (Barbell)",,"Filler",0,"normal",20,8,,,
"Pull","Sep 5, 2025, 9:01 AM","Sep 5, 2025, 10:16 AM","","Bench Press (Barbell)",,"Filler",1,"normal",60,6,,,
"Pull","Sep 5, 2025, 9:01 AM","Sep 5, 2025, 10:16 AM","","Seated Cable Row - V Grip (Cable)",,"Mid machine",0,"normal",73,6,,,
"Pull","Sep 5, 2025, 9:01 AM","Sep 5, 2025, 10:16 AM","","Seated Cable Row - V Grip (Cable)",,"Mid machine",1,"failure",86,6,,,
"Pull","Sep 5, 2025, 9:01 AM","Sep 5, 2025, 10:16 AM","","Seated Cable Row - V Grip (Cable)",,"Mid machine",2,"failure",79,4,,,
"Pull","Sep 5, 2025, 9:01 AM","Sep 5, 2025, 10:16 AM","","Bicep Curl (Dumbbell)",,"",0,"normal",16,6,,,
"Pull","Sep 5, 2025, 9:01 AM","Sep 5, 2025, 10:16 AM","","Bicep Curl (Dumbbell)",,"",1,"failure",20,4,,,
"Pull","Sep 5, 2025, 9:01 AM","Sep 5, 2025, 10:16 AM","","Bicep Curl (Dumbbell)",,"",2,"normal",18,6,,,
"Push","Sep 4, 2025, 8:24 PM","Sep 4, 2025, 9:08 PM","","Incline Bench Press (Dumbbell)",,"Incline diff + smooth grip aint help",0,"normal",24,8,,,
"Push","Sep 4, 2025, 8:24 PM","Sep 4, 2025, 9:08 PM","","Incline Bench Press (Dumbbell)",,"Incline diff + smooth grip aint help",1,"normal",34,6,,,
"Push","Sep 4, 2025, 8:24 PM","Sep 4, 2025, 9:08 PM","","Incline Bench Press (Dumbbell)",,"Incline diff + smooth grip aint help",2,"normal",36,4,,,
"Push","Sep 4, 2025, 8:24 PM","Sep 4, 2025, 9:08 PM","","Lateral Raise (Cable)",,"",0,"normal",4.5,8,,,
"Push","Sep 4, 2025, 8:24 PM","Sep 4, 2025, 9:08 PM","","Lateral Raise (Cable)",,"",1,"normal",6.8,6,,,
"Push","Sep 4, 2025, 8:24 PM","Sep 4, 2025, 9:08 PM","","Chest Fly (Machine)",,"Ts maxes at 134 + feels much easier than ea",0,"normal",100,8,,,
"Push","Sep 4, 2025, 8:24 PM","Sep 4, 2025, 9:08 PM","","Chest Fly (Machine)",,"Ts maxes at 134 + feels much easier than ea",1,"normal",134,6,,,
"Push","Sep 4, 2025, 8:24 PM","Sep 4, 2025, 9:08 PM","","Chest Fly (Machine)",,"Ts maxes at 134 + feels much easier than ea",2,"failure",134,5,,,
"Push","Sep 4, 2025, 8:24 PM","Sep 4, 2025, 9:08 PM","","Triceps Pushdown",,"Bit harder",0,"normal",31.5,8,,,
"Push","Sep 4, 2025, 8:24 PM","Sep 4, 2025, 9:08 PM","","Triceps Pushdown",,"Bit harder",1,"failure",36,6,,,
"Push","Sep 4, 2025, 8:24 PM","Sep 4, 2025, 9:08 PM","","Triceps Pushdown",,"Bit harder",2,"failure",38.3,4,,,
"Lower","Sep 2, 2025, 9:57 PM","Sep 2, 2025, 11:02 PM","Leg extension sucks (rip)","Standing Calf Raise (Machine)",,"Plate loaded - base w is 30kg - actually a squat machine lmao",0,"normal",30,20,,,
"Lower","Sep 2, 2025, 9:57 PM","Sep 2, 2025, 11:02 PM","Leg extension sucks (rip)","Standing Calf Raise (Machine)",,"Plate loaded - base w is 30kg - actually a squat machine lmao",1,"normal",50,15,,,
"Lower","Sep 2, 2025, 9:57 PM","Sep 2, 2025, 11:02 PM","Leg extension sucks (rip)","Standing Calf Raise (Machine)",,"Plate loaded - base w is 30kg - actually a squat machine lmao",2,"normal",60,15,,,
"Lower","Sep 2, 2025, 9:57 PM","Sep 2, 2025, 11:02 PM","Leg extension sucks (rip)","Leg Press (Machine)",,"Higher incline + 75kg bw- getting used to it tbh- imo pg lp > ea lp",0,"normal",75,6,,,
"Lower","Sep 2, 2025, 9:57 PM","Sep 2, 2025, 11:02 PM","Leg extension sucks (rip)","Leg Press (Machine)",,"Higher incline + 75kg bw- getting used to it tbh- imo pg lp > ea lp",1,"normal",175,8,,,
"Lower","Sep 2, 2025, 9:57 PM","Sep 2, 2025, 11:02 PM","Leg extension sucks (rip)","Leg Press (Machine)",,"Higher incline + 75kg bw- getting used to it tbh- imo pg lp > ea lp",2,"failure",275,8,,,
"Lower","Sep 2, 2025, 9:57 PM","Sep 2, 2025, 11:02 PM","Leg extension sucks (rip)","Crunch (Machine)",,"Odd machine",0,"warmup",29,8,,,
"Lower","Sep 2, 2025, 9:57 PM","Sep 2, 2025, 11:02 PM","Leg extension sucks (rip)","Crunch (Machine)",,"Odd machine",1,"normal",43,8,,,
"Lower","Sep 2, 2025, 9:57 PM","Sep 2, 2025, 11:02 PM","Leg extension sucks (rip)","Crunch (Machine)",,"Odd machine",2,"normal",54,4,,,
"Lower","Sep 2, 2025, 9:57 PM","Sep 2, 2025, 11:02 PM","Leg extension sucks (rip)","Romanian Deadlift (Barbell)",,"Same as always",0,"normal",70,8,,,
"Lower","Sep 2, 2025, 9:57 PM","Sep 2, 2025, 11:02 PM","Leg extension sucks (rip)","Romanian Deadlift (Barbell)",,"Same as always",1,"failure",110,6,,,
"Lower","Sep 2, 2025, 9:57 PM","Sep 2, 2025, 11:02 PM","Leg extension sucks (rip)","Romanian Deadlift (Barbell)",,"Same as always",2,"failure",125,4,,,
"Lower","Sep 2, 2025, 9:57 PM","Sep 2, 2025, 11:02 PM","Leg extension sucks (rip)","Hip Adduction (Machine)",,"Very difficult machine",0,"failure",36,8,,,
"Lower","Sep 2, 2025, 9:57 PM","Sep 2, 2025, 11:02 PM","Leg extension sucks (rip)","Hip Adduction (Machine)",,"Very difficult machine",1,"normal",55,8,,,
"Lower","Sep 2, 2025, 9:57 PM","Sep 2, 2025, 11:02 PM","Leg extension sucks (rip)","Hip Adduction (Machine)",,"Very difficult machine",2,"normal",70,6,,,
"Upper","Sep 1, 2025, 1:40 PM","Sep 1, 2025, 3:17 PM","","Bench Press (Barbell)",,"Barbell wobbled like crazy",0,"normal",20,8,,,
"Upper","Sep 1, 2025, 1:40 PM","Sep 1, 2025, 3:17 PM","","Bench Press (Barbell)",,"Barbell wobbled like crazy",1,"normal",60,8,,,
"Upper","Sep 1, 2025, 1:40 PM","Sep 1, 2025, 3:17 PM","","Bench Press (Barbell)",,"Barbell wobbled like crazy",2,"failure",75,6,,,
"Upper","Sep 1, 2025, 1:40 PM","Sep 1, 2025, 3:17 PM","","Seated Cable Row - V Grip (Cable)",,"Machine sucks",0,"normal",59,8,,,
"Upper","Sep 1, 2025, 1:40 PM","Sep 1, 2025, 3:17 PM","","Seated Cable Row - V Grip (Cable)",,"Machine sucks",1,"normal",79,6,,,
"Upper","Sep 1, 2025, 1:40 PM","Sep 1, 2025, 3:17 PM","","Shoulder Press (Dumbbell)",,"",0,"normal",24,6,,,
"Upper","Sep 1, 2025, 1:40 PM","Sep 1, 2025, 3:17 PM","","Shoulder Press (Dumbbell)",,"",1,"failure",28,5,,,
"Upper","Sep 1, 2025, 1:40 PM","Sep 1, 2025, 3:17 PM","","Shoulder Press (Dumbbell)",,"",2,"failure",28,4,,,
"Upper","Sep 1, 2025, 1:40 PM","Sep 1, 2025, 3:17 PM","","Lateral Raise (Cable)",,"",0,"warmup",3.4,10,,,
"Upper","Sep 1, 2025, 1:40 PM","Sep 1, 2025, 3:17 PM","","Lateral Raise (Cable)",,"",1,"normal",5.7,8,,,
"Upper","Sep 1, 2025, 1:40 PM","Sep 1, 2025, 3:17 PM","","Lateral Raise (Cable)",,"",2,"failure",7.9,3,,,
"Upper","Sep 1, 2025, 1:40 PM","Sep 1, 2025, 3:17 PM","","Bicep Curl (Dumbbell)",,"",0,"normal",16,6,,,
"Upper","Sep 1, 2025, 1:40 PM","Sep 1, 2025, 3:17 PM","","Bicep Curl (Dumbbell)",,"",1,"failure",20,4,,,
"Upper","Sep 1, 2025, 1:40 PM","Sep 1, 2025, 3:17 PM","","Bicep Curl (Dumbbell)",,"",2,"failure",18,6,,,
"Pull","Aug 29, 2025, 1:28 PM","Aug 29, 2025, 2:54 PM","","Lat Pulldown - Close Grip (Cable)",,"Not mag grip",0,"normal",60,8,,,
"Pull","Aug 29, 2025, 1:28 PM","Aug 29, 2025, 2:54 PM","","Lat Pulldown - Close Grip (Cable)",,"Not mag grip",1,"normal",90,6,,,
"Pull","Aug 29, 2025, 1:28 PM","Aug 29, 2025, 2:54 PM","","Lat Pulldown - Close Grip (Cable)",,"Not mag grip",2,"failure",100,4,,,
"Pull","Aug 29, 2025, 1:28 PM","Aug 29, 2025, 2:54 PM","","Hammer Curl (Dumbbell)",,"",0,"normal",20,8,,,
"Pull","Aug 29, 2025, 1:28 PM","Aug 29, 2025, 2:54 PM","","Hammer Curl (Dumbbell)",,"",1,"normal",24,8,,,
"Pull","Aug 29, 2025, 1:28 PM","Aug 29, 2025, 2:54 PM","","Hammer Curl (Dumbbell)",,"",2,"failure",24,6,,,
"Pull","Aug 29, 2025, 1:28 PM","Aug 29, 2025, 2:54 PM","","Back Extension (Weighted Hyperextension)",,"",0,"normal",15,8,,,
"Pull","Aug 29, 2025, 1:28 PM","Aug 29, 2025, 2:54 PM","","Back Extension (Weighted Hyperextension)",,"",1,"normal",40,8,,,
"Pull","Aug 29, 2025, 1:28 PM","Aug 29, 2025, 2:54 PM","","Back Extension (Weighted Hyperextension)",,"",2,"failure",40,7,,,
"Pull","Aug 29, 2025, 1:28 PM","Aug 29, 2025, 2:54 PM","","Seated Cable Row - V Grip (Cable)",,"",0,"normal",70,8,,,
"Pull","Aug 29, 2025, 1:28 PM","Aug 29, 2025, 2:54 PM","","Seated Cable Row - V Grip (Cable)",,"",1,"failure",90,6,,,
"Pull","Aug 29, 2025, 1:28 PM","Aug 29, 2025, 2:54 PM","","Single Arm Preacher Curl (Machine)",,"",0,"normal",30,8,,,
"Pull","Aug 29, 2025, 1:28 PM","Aug 29, 2025, 2:54 PM","","Single Arm Preacher Curl (Machine)",,"",1,"failure",40,6,,,
"Pull","Aug 29, 2025, 1:28 PM","Aug 29, 2025, 2:54 PM","","Single Arm Preacher Curl (Machine)",,"",2,"normal",42.5,3,,,
"Push","Aug 28, 2025, 2:33 PM","Aug 28, 2025, 3:57 PM","","Incline Bench Press (Dumbbell)",,"",0,"normal",24,8,,,
"Push","Aug 28, 2025, 2:33 PM","Aug 28, 2025, 3:57 PM","","Incline Bench Press (Dumbbell)",,"",1,"normal",34,6,,,
"Push","Aug 28, 2025, 2:33 PM","Aug 28, 2025, 3:57 PM","","Incline Bench Press (Dumbbell)",,"",2,"normal",36,4,,,
"Push","Aug 28, 2025, 2:33 PM","Aug 28, 2025, 3:57 PM","","Lateral Raise (Cable)",,"",0,"warmup",3.75,10,,,
"Push","Aug 28, 2025, 2:33 PM","Aug 28, 2025, 3:57 PM","","Lateral Raise (Cable)",,"",1,"normal",5,10,,,
"Push","Aug 28, 2025, 2:33 PM","Aug 28, 2025, 3:57 PM","","Lateral Raise (Cable)",,"",2,"normal",6.25,10,,,
"Push","Aug 28, 2025, 2:33 PM","Aug 28, 2025, 3:57 PM","","Chest Fly (Machine)",,"Machine feels off",0,"normal",100,5,,,
"Push","Aug 28, 2025, 2:33 PM","Aug 28, 2025, 3:57 PM","","Chest Fly (Machine)",,"Machine feels off",1,"normal",115,6,,,
"Push","Aug 28, 2025, 2:33 PM","Aug 28, 2025, 3:57 PM","","Chest Fly (Machine)",,"Machine feels off",2,"failure",140,3,,,
"Push","Aug 28, 2025, 2:33 PM","Aug 28, 2025, 3:57 PM","","Triceps Pushdown",,"",0,"normal",31.25,6,,,
"Push","Aug 28, 2025, 2:33 PM","Aug 28, 2025, 3:57 PM","","Triceps Pushdown",,"",1,"failure",41.25,6,,,
"Push","Aug 28, 2025, 2:33 PM","Aug 28, 2025, 3:57 PM","","Triceps Pushdown",,"",2,"failure",43.75,5,,,
"Lower","Aug 26, 2025, 9:05 AM","Aug 26, 2025, 10:56 AM","","Leg Press (Machine)",,"ROM kinda mid, should prob go a bit down (~375)",0,"normal",197,8,,,
"Lower","Aug 26, 2025, 9:05 AM","Aug 26, 2025, 10:56 AM","","Leg Press (Machine)",,"ROM kinda mid, should prob go a bit down (~375)",1,"normal",297,8,,,
"Lower","Aug 26, 2025, 9:05 AM","Aug 26, 2025, 10:56 AM","","Leg Press (Machine)",,"ROM kinda mid, should prob go a bit down (~375)",2,"failure",397,3,,,
"Lower","Aug 26, 2025, 9:05 AM","Aug 26, 2025, 10:56 AM","","Seated Calf Raise",,"",0,"normal",93,15,,,
"Lower","Aug 26, 2025, 9:05 AM","Aug 26, 2025, 10:56 AM","","Seated Calf Raise",,"",1,"normal",123,12,,,
"Lower","Aug 26, 2025, 9:05 AM","Aug 26, 2025, 10:56 AM","","Seated Calf Raise",,"",2,"normal",133,10,,,
"Lower","Aug 26, 2025, 9:05 AM","Aug 26, 2025, 10:56 AM","","Romanian Deadlift (Barbell)",,"",0,"normal",70,8,,,
"Lower","Aug 26, 2025, 9:05 AM","Aug 26, 2025, 10:56 AM","","Romanian Deadlift (Barbell)",,"",1,"failure",120,6,,,
"Lower","Aug 26, 2025, 9:05 AM","Aug 26, 2025, 10:56 AM","","Romanian Deadlift (Barbell)",,"",2,"failure",125,4,,,
"Lower","Aug 26, 2025, 9:05 AM","Aug 26, 2025, 10:56 AM","","Crunch (Machine)",,"",0,"normal",80,8,,,
"Lower","Aug 26, 2025, 9:05 AM","Aug 26, 2025, 10:56 AM","","Crunch (Machine)",,"",1,"normal",90,8,,,
"Lower","Aug 26, 2025, 9:05 AM","Aug 26, 2025, 10:56 AM","","Crunch (Machine)",,"",2,"normal",100,5,,,
"Lower","Aug 26, 2025, 9:05 AM","Aug 26, 2025, 10:56 AM","","Hip Adduction (Machine)",,"",0,"failure",140,5,,,
"Lower","Aug 26, 2025, 9:05 AM","Aug 26, 2025, 10:56 AM","","Leg Extension (Machine)",,"",0,"normal",80,6,,,
"Lower","Aug 26, 2025, 9:05 AM","Aug 26, 2025, 10:56 AM","","Leg Extension (Machine)",,"",1,"failure",90,6,,,
"Upper","Aug 25, 2025, 9:03 AM","Aug 25, 2025, 10:49 AM","","Bench Press (Barbell)",,"Blame it on lost mass",0,"normal",20,8,,,
"Upper","Aug 25, 2025, 9:03 AM","Aug 25, 2025, 10:49 AM","","Bench Press (Barbell)",,"Blame it on lost mass",1,"normal",60,8,,,
"Upper","Aug 25, 2025, 9:03 AM","Aug 25, 2025, 10:49 AM","","Bench Press (Barbell)",,"Blame it on lost mass",2,"failure",80,3,,,
"Upper","Aug 25, 2025, 9:03 AM","Aug 25, 2025, 10:49 AM","","Chest Supported Row",,"",0,"normal",111,8,,,
"Upper","Aug 25, 2025, 9:03 AM","Aug 25, 2025, 10:49 AM","","Chest Supported Row",,"",1,"normal",161,6,,,
"Upper","Aug 25, 2025, 9:03 AM","Aug 25, 2025, 10:49 AM","","Chest Supported Row",,"",2,"failure",191,4,,,
"Upper","Aug 25, 2025, 9:03 AM","Aug 25, 2025, 10:49 AM","","Shoulder Press (Dumbbell)",,"",0,"normal",24,8,,,
"Upper","Aug 25, 2025, 9:03 AM","Aug 25, 2025, 10:49 AM","","Shoulder Press (Dumbbell)",,"",1,"failure",28,5,,,
"Upper","Aug 25, 2025, 9:03 AM","Aug 25, 2025, 10:49 AM","","Shoulder Press (Dumbbell)",,"",2,"failure",28,4,,,
"Upper","Aug 25, 2025, 9:03 AM","Aug 25, 2025, 10:49 AM","","Lateral Raise (Cable)",,"",0,"warmup",3.75,10,,,
"Upper","Aug 25, 2025, 9:03 AM","Aug 25, 2025, 10:49 AM","","Lateral Raise (Cable)",,"",1,"normal",5,10,,,
"Upper","Aug 25, 2025, 9:03 AM","Aug 25, 2025, 10:49 AM","","Lateral Raise (Cable)",,"",2,"normal",6.25,10,,,
"Upper","Aug 25, 2025, 9:03 AM","Aug 25, 2025, 10:49 AM","","Bicep Curl (Dumbbell)",,"Per arm",0,"normal",16,8,,,
"Upper","Aug 25, 2025, 9:03 AM","Aug 25, 2025, 10:49 AM","","Bicep Curl (Dumbbell)",,"Per arm",1,"failure",20,4,,,
"Upper","Aug 25, 2025, 9:03 AM","Aug 25, 2025, 10:49 AM","","Bicep Curl (Dumbbell)",,"Per arm",2,"failure",18,6,,,
"Upper","Aug 25, 2025, 9:03 AM","Aug 25, 2025, 10:49 AM","","Triceps Pushdown",,"",0,"normal",33.75,6,,,
"Upper","Aug 25, 2025, 9:03 AM","Aug 25, 2025, 10:49 AM","","Triceps Pushdown",,"",1,"failure",38.75,8,,,
"Upper","Aug 25, 2025, 9:03 AM","Aug 25, 2025, 10:49 AM","","Triceps Pushdown",,"",2,"failure",43.75,5,,,
"Lower","Aug 19, 2025, 9:03 AM","Aug 19, 2025, 10:33 AM","","Leg Press (Machine)",,"Only 2 good reps on top set",0,"normal",197,8,,,
"Lower","Aug 19, 2025, 9:03 AM","Aug 19, 2025, 10:33 AM","","Leg Press (Machine)",,"Only 2 good reps on top set",1,"normal",297,8,,,
"Lower","Aug 19, 2025, 9:03 AM","Aug 19, 2025, 10:33 AM","","Leg Press (Machine)",,"Only 2 good reps on top set",2,"failure",397,2,,,
"Lower","Aug 19, 2025, 9:03 AM","Aug 19, 2025, 10:33 AM","","Lying Leg Curl (Machine)",,"",0,"normal",60,8,,,
"Lower","Aug 19, 2025, 9:03 AM","Aug 19, 2025, 10:33 AM","","Lying Leg Curl (Machine)",,"",1,"failure",80,8,,,
"Lower","Aug 19, 2025, 9:03 AM","Aug 19, 2025, 10:33 AM","","Lying Leg Curl (Machine)",,"",2,"failure",85,7,,,
"Lower","Aug 19, 2025, 9:03 AM","Aug 19, 2025, 10:33 AM","","Seated Calf Raise",,"",0,"normal",93,15,,,
"Lower","Aug 19, 2025, 9:03 AM","Aug 19, 2025, 10:33 AM","","Seated Calf Raise",,"",1,"normal",123,10,,,
"Lower","Aug 19, 2025, 9:03 AM","Aug 19, 2025, 10:33 AM","","Seated Calf Raise",,"",2,"normal",133,10,,,
"Lower","Aug 19, 2025, 9:03 AM","Aug 19, 2025, 10:33 AM","","Hip Adduction (Machine)",,"",0,"normal",100,10,,,
"Lower","Aug 19, 2025, 9:03 AM","Aug 19, 2025, 10:33 AM","","Hip Adduction (Machine)",,"",1,"failure",137.5,6,,,
"Lower","Aug 19, 2025, 9:03 AM","Aug 19, 2025, 10:33 AM","","Leg Extension (Machine)",,"",0,"normal",60,8,,,
"Lower","Aug 19, 2025, 9:03 AM","Aug 19, 2025, 10:33 AM","","Leg Extension (Machine)",,"",1,"failure",90,7,,,
"Lower","Aug 19, 2025, 9:03 AM","Aug 19, 2025, 10:33 AM","","Leg Extension (Machine)",,"",2,"failure",80,6,,,
"Upper","Aug 18, 2025, 7:50 AM","Aug 18, 2025, 9:16 AM","","Bench Press (Barbell)",,"Going early is awful",0,"normal",20,8,,,
"Upper","Aug 18, 2025, 7:50 AM","Aug 18, 2025, 9:16 AM","","Bench Press (Barbell)",,"Going early is awful",1,"normal",60,8,,,
"Upper","Aug 18, 2025, 7:50 AM","Aug 18, 2025, 9:16 AM","","Bench Press (Barbell)",,"Going early is awful",2,"failure",80,3,,,
"Upper","Aug 18, 2025, 7:50 AM","Aug 18, 2025, 9:16 AM","","Chest Supported Row",,"",0,"normal",111,8,,,
"Upper","Aug 18, 2025, 7:50 AM","Aug 18, 2025, 9:16 AM","","Chest Supported Row",,"",1,"normal",161,6,,,
"Upper","Aug 18, 2025, 7:50 AM","Aug 18, 2025, 9:16 AM","","Chest Supported Row",,"",2,"normal",191,6,,,
"Upper","Aug 18, 2025, 7:50 AM","Aug 18, 2025, 9:16 AM","","Shoulder Press (Dumbbell)",,"",0,"normal",24,8,,,
"Upper","Aug 18, 2025, 7:50 AM","Aug 18, 2025, 9:16 AM","","Shoulder Press (Dumbbell)",,"",1,"failure",26,7,,,
"Upper","Aug 18, 2025, 7:50 AM","Aug 18, 2025, 9:16 AM","","Shoulder Press (Dumbbell)",,"",2,"failure",28,4,,,
"Upper","Aug 18, 2025, 7:50 AM","Aug 18, 2025, 9:16 AM","","Lateral Raise (Cable)",,"",0,"warmup",3.75,10,,,
"Upper","Aug 18, 2025, 7:50 AM","Aug 18, 2025, 9:16 AM","","Lateral Raise (Cable)",,"",1,"normal",5,10,,,
"Upper","Aug 18, 2025, 7:50 AM","Aug 18, 2025, 9:16 AM","","Lateral Raise (Cable)",,"",2,"normal",6.25,8,,,
"Upper","Aug 18, 2025, 7:50 AM","Aug 18, 2025, 9:16 AM","","Bicep Curl (Dumbbell)",,"",0,"normal",16,8,,,
"Upper","Aug 18, 2025, 7:50 AM","Aug 18, 2025, 9:16 AM","","Bicep Curl (Dumbbell)",,"",1,"failure",20,4,,,
"Upper","Aug 18, 2025, 7:50 AM","Aug 18, 2025, 9:16 AM","","Triceps Pushdown",,"",0,"normal",38.75,6,,,
"Upper","Aug 18, 2025, 7:50 AM","Aug 18, 2025, 9:16 AM","","Triceps Pushdown",,"",1,"failure",43.75,5,,,
"Lower","Aug 16, 2025, 2:58 PM","Aug 16, 2025, 4:18 PM","","Seated Calf Raise",,"",0,"normal",93,15,,,
"Lower","Aug 16, 2025, 2:58 PM","Aug 16, 2025, 4:18 PM","","Seated Calf Raise",,"",1,"normal",123,10,,,
"Lower","Aug 16, 2025, 2:58 PM","Aug 16, 2025, 4:18 PM","","Seated Calf Raise",,"",2,"normal",133,9,,,
"Lower","Aug 16, 2025, 2:58 PM","Aug 16, 2025, 4:18 PM","","Leg Press (Machine)",,"Crazy gains icl",0,"normal",197,8,,,
"Lower","Aug 16, 2025, 2:58 PM","Aug 16, 2025, 4:18 PM","","Leg Press (Machine)",,"Crazy gains icl",1,"normal",297,8,,,
"Lower","Aug 16, 2025, 2:58 PM","Aug 16, 2025, 4:18 PM","","Leg Press (Machine)",,"Crazy gains icl",2,"failure",347,7,,,
"Lower","Aug 16, 2025, 2:58 PM","Aug 16, 2025, 4:18 PM","","Romanian Deadlift (Barbell)",,"",0,"normal",70,8,,,
"Lower","Aug 16, 2025, 2:58 PM","Aug 16, 2025, 4:18 PM","","Romanian Deadlift (Barbell)",,"",1,"failure",110,8,,,
"Lower","Aug 16, 2025, 2:58 PM","Aug 16, 2025, 4:18 PM","","Romanian Deadlift (Barbell)",,"",2,"failure",120,6,,,
"Lower","Aug 16, 2025, 2:58 PM","Aug 16, 2025, 4:18 PM","","Leg Extension (Machine)",,"",0,"normal",60,10,,,
"Lower","Aug 16, 2025, 2:58 PM","Aug 16, 2025, 4:18 PM","","Leg Extension (Machine)",,"",1,"failure",80,6,,,
"Lower","Aug 16, 2025, 2:58 PM","Aug 16, 2025, 4:18 PM","","Leg Extension (Machine)",,"",2,"failure",90,6,,,
"Pull","Aug 15, 2025, 10:01 AM","Aug 15, 2025, 11:27 AM","","Back Extension (Weighted Hyperextension)",,"",0,"normal",,8,,,
"Pull","Aug 15, 2025, 10:01 AM","Aug 15, 2025, 11:27 AM","","Back Extension (Weighted Hyperextension)",,"",1,"normal",40,8,,,
"Pull","Aug 15, 2025, 10:01 AM","Aug 15, 2025, 11:27 AM","","Back Extension (Weighted Hyperextension)",,"",2,"failure",40,6,,,
"Pull","Aug 15, 2025, 10:01 AM","Aug 15, 2025, 11:27 AM","","Lat Pulldown (Cable)",,"Diff grip + straps on set 2/3",0,"normal",70,8,,,
"Pull","Aug 15, 2025, 10:01 AM","Aug 15, 2025, 11:27 AM","","Lat Pulldown (Cable)",,"Diff grip + straps on set 2/3",1,"normal",90,6,,,
"Pull","Aug 15, 2025, 10:01 AM","Aug 15, 2025, 11:27 AM","","Lat Pulldown (Cable)",,"Diff grip + straps on set 2/3",2,"failure",90,6,,,
"Pull","Aug 15, 2025, 10:01 AM","Aug 15, 2025, 11:27 AM","","Single Arm Preacher Curl (Machine)",,"",0,"normal",25,8,,,
"Pull","Aug 15, 2025, 10:01 AM","Aug 15, 2025, 11:27 AM","","Single Arm Preacher Curl (Machine)",,"",1,"failure",40,6,,,
"Pull","Aug 15, 2025, 10:01 AM","Aug 15, 2025, 11:27 AM","","Single Arm Preacher Curl (Machine)",,"",2,"normal",42.5,5,,,
"Pull","Aug 15, 2025, 10:01 AM","Aug 15, 2025, 11:27 AM","","Chest Supported Row",,"",0,"normal",111,8,,,
"Pull","Aug 15, 2025, 10:01 AM","Aug 15, 2025, 11:27 AM","","Chest Supported Row",,"",1,"failure",191,5,,,
"Pull","Aug 15, 2025, 10:01 AM","Aug 15, 2025, 11:27 AM","","Hammer Curl (Dumbbell)",,"",0,"normal",20,8,,,
"Pull","Aug 15, 2025, 10:01 AM","Aug 15, 2025, 11:27 AM","","Hammer Curl (Dumbbell)",,"",1,"normal",24,8,,,
"Upper","Aug 11, 2025, 9:04 AM","Aug 11, 2025, 10:53 AM","","Chest Supported Row",,"",0,"normal",111,8,,,
"Upper","Aug 11, 2025, 9:04 AM","Aug 11, 2025, 10:53 AM","","Chest Supported Row",,"",1,"normal",161,8,,,
"Upper","Aug 11, 2025, 9:04 AM","Aug 11, 2025, 10:53 AM","","Chest Supported Row",,"",2,"normal",181,6,,,
"Upper","Aug 11, 2025, 9:04 AM","Aug 11, 2025, 10:53 AM","","Bench Press (Barbell)",,"",0,"normal",20,8,,,
"Upper","Aug 11, 2025, 9:04 AM","Aug 11, 2025, 10:53 AM","","Bench Press (Barbell)",,"",1,"normal",70,8,,,
"Upper","Aug 11, 2025, 9:04 AM","Aug 11, 2025, 10:53 AM","","Bench Press (Barbell)",,"",2,"failure",80,5,,,
"Upper","Aug 11, 2025, 9:04 AM","Aug 11, 2025, 10:53 AM","","Bicep Curl (Dumbbell)",,"Per",0,"normal",12,8,,,
"Upper","Aug 11, 2025, 9:04 AM","Aug 11, 2025, 10:53 AM","","Bicep Curl (Dumbbell)",,"Per",1,"normal",14,8,,,
"Upper","Aug 11, 2025, 9:04 AM","Aug 11, 2025, 10:53 AM","","Bicep Curl (Dumbbell)",,"Per",2,"failure",20,4,,,
"Upper","Aug 11, 2025, 9:04 AM","Aug 11, 2025, 10:53 AM","","Shoulder Press (Dumbbell)",,"Still a lil heavy",0,"normal",24,8,,,
"Upper","Aug 11, 2025, 9:04 AM","Aug 11, 2025, 10:53 AM","","Shoulder Press (Dumbbell)",,"Still a lil heavy",1,"failure",26,6,,,
"Upper","Aug 11, 2025, 9:04 AM","Aug 11, 2025, 10:53 AM","","Shoulder Press (Dumbbell)",,"Still a lil heavy",2,"failure",28,3,,,
"Upper","Aug 11, 2025, 9:04 AM","Aug 11, 2025, 10:53 AM","","Triceps Pushdown",,"",0,"normal",36.25,8,,,
"Upper","Aug 11, 2025, 9:04 AM","Aug 11, 2025, 10:53 AM","","Triceps Pushdown",,"",1,"failure",41.25,8,,,
"Upper","Aug 11, 2025, 9:04 AM","Aug 11, 2025, 10:53 AM","","Triceps Pushdown",,"",2,"failure",43.75,4,,,
"Upper A","Aug 9, 2025, 2:30 PM","Aug 9, 2025, 4:18 PM","","Incline Bench Press (Dumbbell)",,"",0,"normal",24,8,,,
"Upper A","Aug 9, 2025, 2:30 PM","Aug 9, 2025, 4:18 PM","","Incline Bench Press (Dumbbell)",,"",1,"failure",34,6,,,
"Upper A","Aug 9, 2025, 2:30 PM","Aug 9, 2025, 4:18 PM","","Incline Bench Press (Dumbbell)",,"",2,"failure",34,4,,,
"Upper A","Aug 9, 2025, 2:30 PM","Aug 9, 2025, 4:18 PM","","Lat Pulldown (Cable)",,"",0,"normal",75,8,,,
"Upper A","Aug 9, 2025, 2:30 PM","Aug 9, 2025, 4:18 PM","","Lat Pulldown (Cable)",,"",1,"normal",89,6,,,
"Upper A","Aug 9, 2025, 2:30 PM","Aug 9, 2025, 4:18 PM","","Lat Pulldown (Cable)",,"",2,"failure",96,4,,,
"Upper A","Aug 9, 2025, 2:30 PM","Aug 9, 2025, 4:18 PM","","Hammer Curl (Dumbbell)",,"",0,"normal",20,8,,,
"Upper A","Aug 9, 2025, 2:30 PM","Aug 9, 2025, 4:18 PM","","Hammer Curl (Dumbbell)",,"",1,"normal",24,7,,,
"Upper A","Aug 9, 2025, 2:30 PM","Aug 9, 2025, 4:18 PM","","Hammer Curl (Dumbbell)",,"",2,"failure",26,5,,,
"Upper A","Aug 9, 2025, 2:30 PM","Aug 9, 2025, 4:18 PM","","Crunch (Machine)",,"",0,"normal",80,8,,,
"Upper A","Aug 9, 2025, 2:30 PM","Aug 9, 2025, 4:18 PM","","Crunch (Machine)",,"",1,"normal",90,8,,,
"Upper A","Aug 9, 2025, 2:30 PM","Aug 9, 2025, 4:18 PM","","Chest Fly (Machine)",,"",0,"normal",115,8,,,
"Upper A","Aug 9, 2025, 2:30 PM","Aug 9, 2025, 4:18 PM","","Chest Fly (Machine)",,"",1,"failure",135,5,,,
"Upper A","Aug 9, 2025, 2:30 PM","Aug 9, 2025, 4:18 PM","","Single Arm Preacher Curl (Machine)",,"",0,"normal",25,8,,,
"Upper A","Aug 9, 2025, 2:30 PM","Aug 9, 2025, 4:18 PM","","Single Arm Preacher Curl (Machine)",,"",1,"failure",40,6,,,
"Upper A","Aug 9, 2025, 2:30 PM","Aug 9, 2025, 4:18 PM","","Single Arm Preacher Curl (Machine)",,"",2,"failure",42.5,5,,,
"Lower A","Aug 7, 2025, 8:00 AM","Aug 7, 2025, 9:03 AM","","Squat (Barbell)",,"",0,"normal",20,6,,,
"Lower A","Aug 7, 2025, 8:00 AM","Aug 7, 2025, 9:03 AM","","Squat (Barbell)",,"",1,"normal",60,8,,,
"Lower A","Aug 7, 2025, 8:00 AM","Aug 7, 2025, 9:03 AM","","Squat (Barbell)",,"",2,"normal",80,6,,,
"Lower A","Aug 7, 2025, 8:00 AM","Aug 7, 2025, 9:03 AM","","Squat (Barbell)",,"",3,"failure",90,5,,,
"Lower A","Aug 7, 2025, 8:00 AM","Aug 7, 2025, 9:03 AM","","Seated Calf Raise",,"",0,"normal",93,15,,,
"Lower A","Aug 7, 2025, 8:00 AM","Aug 7, 2025, 9:03 AM","","Seated Calf Raise",,"",1,"normal",123,12,,,
"Lower A","Aug 7, 2025, 8:00 AM","Aug 7, 2025, 9:03 AM","","Seated Calf Raise",,"",2,"failure",133,8,,,
"Lower A","Aug 7, 2025, 8:00 AM","Aug 7, 2025, 9:03 AM","","Lying Leg Curl (Machine)",,"",0,"normal",60,8,,,
"Lower A","Aug 7, 2025, 8:00 AM","Aug 7, 2025, 9:03 AM","","Lying Leg Curl (Machine)",,"",1,"normal",80,8,,,
"Lower A","Aug 7, 2025, 8:00 AM","Aug 7, 2025, 9:03 AM","","Lying Leg Curl (Machine)",,"",2,"failure",85,6,,,
"Lower A","Aug 7, 2025, 8:00 AM","Aug 7, 2025, 9:03 AM","","Leg Extension (Machine)",,"Single leg sucks vro",0,"normal",60,8,,,
"Lower A","Aug 7, 2025, 8:00 AM","Aug 7, 2025, 9:03 AM","","Leg Extension (Machine)",,"Single leg sucks vro",1,"normal",80,6,,,
"Lower A","Aug 7, 2025, 8:00 AM","Aug 7, 2025, 9:03 AM","","Leg Extension (Machine)",,"Single leg sucks vro",2,"failure",90,7,,,
"Upper A","Aug 6, 2025, 2:37 PM","Aug 6, 2025, 3:27 PM","","Incline Bench Press (Dumbbell)",,"",0,"normal",24,8,,,
"Upper A","Aug 6, 2025, 2:37 PM","Aug 6, 2025, 3:27 PM","","Incline Bench Press (Dumbbell)",,"",1,"failure",34,6,,,
"Upper A","Aug 6, 2025, 2:37 PM","Aug 6, 2025, 3:27 PM","","Incline Bench Press (Dumbbell)",,"",2,"failure",34,4,,,
"Upper A","Aug 6, 2025, 2:37 PM","Aug 6, 2025, 3:27 PM","","Pull Up (Assisted)",,"",0,"normal",31.25,8,,,
"Upper A","Aug 6, 2025, 2:37 PM","Aug 6, 2025, 3:27 PM","","Pull Up (Assisted)",,"",1,"normal",28.13,8,,,
"Upper A","Aug 6, 2025, 2:37 PM","Aug 6, 2025, 3:27 PM","","Pull Up (Assisted)",,"",2,"failure",25,6,,,
"Upper A","Aug 6, 2025, 2:37 PM","Aug 6, 2025, 3:27 PM","","Single Arm Preacher Curl (Machine)",,"",0,"normal",25,8,,,
"Upper A","Aug 6, 2025, 2:37 PM","Aug 6, 2025, 3:27 PM","","Single Arm Preacher Curl (Machine)",,"",1,"failure",40,6,,,
"Upper A","Aug 6, 2025, 2:37 PM","Aug 6, 2025, 3:27 PM","","Single Arm Preacher Curl (Machine)",,"",2,"failure",42.5,5,,,
"Upper A","Aug 6, 2025, 2:37 PM","Aug 6, 2025, 3:27 PM","","Chest Fly (Machine)",,"",0,"normal",115,6,,,
"Upper A","Aug 6, 2025, 2:37 PM","Aug 6, 2025, 3:27 PM","","Crunch (Machine)",,"",0,"failure",100,3,,,
"Lower B","Aug 5, 2025, 2:45 PM","Aug 5, 2025, 4:18 PM","","Leg Press (Machine)",,"",0,"normal",197,8,,,
"Lower B","Aug 5, 2025, 2:45 PM","Aug 5, 2025, 4:18 PM","","Leg Press (Machine)",,"",1,"normal",297,8,,,
"Lower B","Aug 5, 2025, 2:45 PM","Aug 5, 2025, 4:18 PM","","Leg Press (Machine)",,"",2,"failure",347,5,,,
"Lower B","Aug 5, 2025, 2:45 PM","Aug 5, 2025, 4:18 PM","","Seated Calf Raise",,"Better ROM",0,"normal",93,15,,,
"Lower B","Aug 5, 2025, 2:45 PM","Aug 5, 2025, 4:18 PM","","Seated Calf Raise",,"Better ROM",1,"normal",123,10,,,
"Lower B","Aug 5, 2025, 2:45 PM","Aug 5, 2025, 4:18 PM","","Seated Calf Raise",,"Better ROM",2,"normal",133,8,,,
"Lower B","Aug 5, 2025, 2:45 PM","Aug 5, 2025, 4:18 PM","","Decline Sit Ups",,"",0,"normal",5,12,,,
"Lower B","Aug 5, 2025, 2:45 PM","Aug 5, 2025, 4:18 PM","","Decline Sit Ups",,"",1,"normal",10,10,,,
"Lower B","Aug 5, 2025, 2:45 PM","Aug 5, 2025, 4:18 PM","","Decline Sit Ups",,"",2,"failure",20,6,,,
"Lower B","Aug 5, 2025, 2:45 PM","Aug 5, 2025, 4:18 PM","","Hip Adduction (Machine)",,"Filler",0,"normal",100,10,,,
"Lower B","Aug 5, 2025, 2:45 PM","Aug 5, 2025, 4:18 PM","","Hip Adduction (Machine)",,"Filler",1,"failure",135,7,,,
"Lower B","Aug 5, 2025, 2:45 PM","Aug 5, 2025, 4:18 PM","","Leg Extension (Machine)",,"",0,"normal",60,10,,,
"Lower B","Aug 5, 2025, 2:45 PM","Aug 5, 2025, 4:18 PM","","Leg Extension (Machine)",,"",1,"normal",80,6,,,
"Lower B","Aug 5, 2025, 2:45 PM","Aug 5, 2025, 4:18 PM","","Leg Extension (Machine)",,"",2,"failure",90,6,,,
"Lower B","Aug 5, 2025, 2:45 PM","Aug 5, 2025, 4:18 PM","","Lying Leg Curl (Machine)",,"",0,"normal",65,8,,,
"Lower B","Aug 5, 2025, 2:45 PM","Aug 5, 2025, 4:18 PM","","Lying Leg Curl (Machine)",,"",1,"normal",80,8,,,
"Lower B","Aug 5, 2025, 2:45 PM","Aug 5, 2025, 4:18 PM","","Lying Leg Curl (Machine)",,"",2,"failure",85,5,,,
"Upper B","Aug 3, 2025, 3:14 PM","Aug 3, 2025, 4:17 PM","","Bench Press (Barbell)",,"Crying",0,"normal",20,8,,,
"Upper B","Aug 3, 2025, 3:14 PM","Aug 3, 2025, 4:17 PM","","Bench Press (Barbell)",,"Crying",1,"normal",60,8,,,
"Upper B","Aug 3, 2025, 3:14 PM","Aug 3, 2025, 4:17 PM","","Bench Press (Barbell)",,"Crying",2,"failure",80,5,,,
"Upper B","Aug 3, 2025, 3:14 PM","Aug 3, 2025, 4:17 PM","","Chest Supported Row",,"Maybe go up on 2nd set?",0,"normal",111,8,,,
"Upper B","Aug 3, 2025, 3:14 PM","Aug 3, 2025, 4:17 PM","","Chest Supported Row",,"Maybe go up on 2nd set?",1,"normal",161,9,,,
"Upper B","Aug 3, 2025, 3:14 PM","Aug 3, 2025, 4:17 PM","","Chest Supported Row",,"Maybe go up on 2nd set?",2,"normal",181,6,,,
"Upper B","Aug 3, 2025, 3:14 PM","Aug 3, 2025, 4:17 PM","","Single Arm Lateral Raise (Cable)",,"",0,"normal",3.75,8,,,
"Upper B","Aug 3, 2025, 3:14 PM","Aug 3, 2025, 4:17 PM","","Single Arm Lateral Raise (Cable)",,"",1,"normal",6.25,10,,,
"Upper B","Aug 3, 2025, 3:14 PM","Aug 3, 2025, 4:17 PM","","Single Arm Lateral Raise (Cable)",,"",2,"failure",7.5,4,,,
"Upper B","Aug 3, 2025, 3:14 PM","Aug 3, 2025, 4:17 PM","","Shoulder Press (Dumbbell)",,"Per arm - 10 sets of waiting for a bench to be free",0,"normal",24,8,,,
"Upper B","Aug 3, 2025, 3:14 PM","Aug 3, 2025, 4:17 PM","","Shoulder Press (Dumbbell)",,"Per arm - 10 sets of waiting for a bench to be free",1,"failure",26,7,,,
"Upper B","Aug 3, 2025, 3:14 PM","Aug 3, 2025, 4:17 PM","","Triceps Pushdown",,"",0,"failure",38.75,8,,,
"Upper B","Aug 3, 2025, 3:14 PM","Aug 3, 2025, 4:17 PM","","Triceps Pushdown",,"",1,"failure",41.25,7,,,
"Upper B","Aug 3, 2025, 3:14 PM","Aug 3, 2025, 4:17 PM","","Triceps Pushdown",,"",2,"failure",43.75,4,,,
"Lower A","Aug 1, 2025, 2:29 PM","Aug 1, 2025, 3:36 PM","","Leg Press (Machine)",,"",0,"normal",197,10,,,
"Lower A","Aug 1, 2025, 2:29 PM","Aug 1, 2025, 3:36 PM","","Leg Press (Machine)",,"",1,"normal",297,8,,,
"Lower A","Aug 1, 2025, 2:29 PM","Aug 1, 2025, 3:36 PM","","Leg Press (Machine)",,"",2,"normal",347,5,,,
"Lower A","Aug 1, 2025, 2:29 PM","Aug 1, 2025, 3:36 PM","","Seated Calf Raise",,"",0,"normal",93,15,,,
"Lower A","Aug 1, 2025, 2:29 PM","Aug 1, 2025, 3:36 PM","","Seated Calf Raise",,"",1,"normal",123,12,,,
"Lower A","Aug 1, 2025, 2:29 PM","Aug 1, 2025, 3:36 PM","","Seated Calf Raise",,"",2,"failure",143,6,,,
"Lower A","Aug 1, 2025, 2:29 PM","Aug 1, 2025, 3:36 PM","","Hip Adduction (Machine)",,"Filler",0,"normal",100,10,,,
"Lower A","Aug 1, 2025, 2:29 PM","Aug 1, 2025, 3:36 PM","","Lying Leg Curl (Machine)",,"",0,"normal",60,8,,,
"Lower A","Aug 1, 2025, 2:29 PM","Aug 1, 2025, 3:36 PM","","Lying Leg Curl (Machine)",,"",1,"normal",80,8,,,
"Lower A","Aug 1, 2025, 2:29 PM","Aug 1, 2025, 3:36 PM","","Lying Leg Curl (Machine)",,"",2,"failure",85,5,,,
"Lower A","Aug 1, 2025, 2:29 PM","Aug 1, 2025, 3:36 PM","","Leg Extension (Machine)",,"",0,"normal",60,8,,,
"Lower A","Aug 1, 2025, 2:29 PM","Aug 1, 2025, 3:36 PM","","Leg Extension (Machine)",,"",1,"failure",90,6,,,
"Upper B","Jul 31, 2025, 9:03 AM","Jul 31, 2025, 10:45 AM","","Shoulder Press (Dumbbell)",,"",0,"normal",24,8,,,
"Upper B","Jul 31, 2025, 9:03 AM","Jul 31, 2025, 10:45 AM","","Shoulder Press (Dumbbell)",,"",1,"failure",26,7,,,
"Upper B","Jul 31, 2025, 9:03 AM","Jul 31, 2025, 10:45 AM","","Shoulder Press (Dumbbell)",,"",2,"failure",28,4,,,
"Upper B","Jul 31, 2025, 9:03 AM","Jul 31, 2025, 10:45 AM","","Chest Supported Row",,"",0,"normal",111,8,,,
"Upper B","Jul 31, 2025, 9:03 AM","Jul 31, 2025, 10:45 AM","","Chest Supported Row",,"",1,"normal",161,9,,,
"Upper B","Jul 31, 2025, 9:03 AM","Jul 31, 2025, 10:45 AM","","Chest Supported Row",,"",2,"normal",181,5,,,
"Upper B","Jul 31, 2025, 9:03 AM","Jul 31, 2025, 10:45 AM","","Bench Press (Barbell)",,"Almost back to peak !!!",0,"normal",20,8,,,
"Upper B","Jul 31, 2025, 9:03 AM","Jul 31, 2025, 10:45 AM","","Bench Press (Barbell)",,"Almost back to peak !!!",1,"normal",60,8,,,
"Upper B","Jul 31, 2025, 9:03 AM","Jul 31, 2025, 10:45 AM","","Bench Press (Barbell)",,"Almost back to peak !!!",2,"failure",80,6,,,
"Upper B","Jul 31, 2025, 9:03 AM","Jul 31, 2025, 10:45 AM","","Single Arm Lateral Raise (Cable)",,"Should go up",0,"normal",3.75,8,,,
"Upper B","Jul 31, 2025, 9:03 AM","Jul 31, 2025, 10:45 AM","","Single Arm Lateral Raise (Cable)",,"Should go up",1,"normal",5,8,,,
"Upper B","Jul 31, 2025, 9:03 AM","Jul 31, 2025, 10:45 AM","","Single Arm Lateral Raise (Cable)",,"Should go up",2,"normal",6.25,8,,,
"Upper B","Jul 31, 2025, 9:03 AM","Jul 31, 2025, 10:45 AM","","Triceps Pushdown",,"",0,"failure",36.25,8,,,
"Upper B","Jul 31, 2025, 9:03 AM","Jul 31, 2025, 10:45 AM","","Triceps Pushdown",,"",1,"failure",38.75,7,,,
"Upper B","Jul 31, 2025, 9:03 AM","Jul 31, 2025, 10:45 AM","","Triceps Pushdown",,"",2,"failure",41.25,6,,,
"Upper B","Jul 31, 2025, 9:03 AM","Jul 31, 2025, 10:45 AM","","Rear Delt Reverse Fly (Cable)",,"",0,"normal",3.75,10,,,
"Upper B","Jul 31, 2025, 9:03 AM","Jul 31, 2025, 10:45 AM","","Rear Delt Reverse Fly (Cable)",,"",1,"normal",5,8,,,
"Upper B","Jul 31, 2025, 9:03 AM","Jul 31, 2025, 10:45 AM","","Rear Delt Reverse Fly (Cable)",,"",2,"failure",6.25,8,,,
"Upper A","Jul 28, 2025, 11:41 AM","Jul 28, 2025, 12:29 PM","","Incline Bench Press (Dumbbell)",,"",0,"normal",24,8,,,
"Upper A","Jul 28, 2025, 11:41 AM","Jul 28, 2025, 12:29 PM","","Incline Bench Press (Dumbbell)",,"",1,"failure",34,7,,,
"Upper A","Jul 28, 2025, 11:41 AM","Jul 28, 2025, 12:29 PM","","Incline Bench Press (Dumbbell)",,"",2,"failure",34,4,,,
"Upper A","Jul 28, 2025, 11:41 AM","Jul 28, 2025, 12:29 PM","","Lat Pulldown (Cable)",,"",0,"normal",68,8,,,
"Upper A","Jul 28, 2025, 11:41 AM","Jul 28, 2025, 12:29 PM","","Lat Pulldown (Cable)",,"",1,"failure",89,6,,,
"Upper A","Jul 28, 2025, 11:41 AM","Jul 28, 2025, 12:29 PM","","Lat Pulldown (Cable)",,"",2,"failure",89,5,,,
"Upper A","Jul 28, 2025, 11:41 AM","Jul 28, 2025, 12:29 PM","","Hammer Curl (Dumbbell)",,"",0,"normal",20,8,,,
"Upper A","Jul 28, 2025, 11:41 AM","Jul 28, 2025, 12:29 PM","","Hammer Curl (Dumbbell)",,"",1,"failure",24,7,,,
"Upper A","Jul 28, 2025, 11:41 AM","Jul 28, 2025, 12:29 PM","","Hammer Curl (Dumbbell)",,"",2,"failure",26,5,,,
"Upper A","Jul 28, 2025, 11:41 AM","Jul 28, 2025, 12:29 PM","","Chest Fly (Machine)",,"",0,"normal",115,6,,,
"Upper A","Jul 28, 2025, 11:41 AM","Jul 28, 2025, 12:29 PM","","Chest Fly (Machine)",,"",1,"normal",135,5,,,
"Lower B","Jul 27, 2025, 1:28 PM","Jul 27, 2025, 2:21 PM","","Leg Press (Machine)",,"Bit heavy icl",0,"normal",147,8,,,
"Lower B","Jul 27, 2025, 1:28 PM","Jul 27, 2025, 2:21 PM","","Leg Press (Machine)",,"Bit heavy icl",1,"normal",297,8,,,
"Lower B","Jul 27, 2025, 1:28 PM","Jul 27, 2025, 2:21 PM","","Leg Press (Machine)",,"Bit heavy icl",2,"failure",347,4,,,
"Lower B","Jul 27, 2025, 1:28 PM","Jul 27, 2025, 2:21 PM","","Seated Calf Raise",,"",0,"normal",93,15,,,
"Lower B","Jul 27, 2025, 1:28 PM","Jul 27, 2025, 2:21 PM","","Seated Calf Raise",,"",1,"normal",123,12,,,
"Lower B","Jul 27, 2025, 1:28 PM","Jul 27, 2025, 2:21 PM","","Seated Calf Raise",,"",2,"normal",143,7,,,
"Lower B","Jul 27, 2025, 1:28 PM","Jul 27, 2025, 2:21 PM","","Romanian Deadlift (Barbell)",,"",0,"normal",70,8,,,
"Lower B","Jul 27, 2025, 1:28 PM","Jul 27, 2025, 2:21 PM","","Romanian Deadlift (Barbell)",,"",1,"normal",110,6,,,
"Lower B","Jul 27, 2025, 1:28 PM","Jul 27, 2025, 2:21 PM","","Romanian Deadlift (Barbell)",,"",2,"failure",120,5,,,
"Lower B","Jul 27, 2025, 1:28 PM","Jul 27, 2025, 2:21 PM","","Leg Extension (Machine)",,"",0,"normal",65,8,,,
"Lower B","Jul 27, 2025, 1:28 PM","Jul 27, 2025, 2:21 PM","","Leg Extension (Machine)",,"",1,"failure",80,8,,,
"Upper B","Jul 26, 2025, 1:42 PM","Jul 26, 2025, 2:52 PM","","Chest Supported Row",,"Devious ROM",0,"normal",111,10,,,
"Upper B","Jul 26, 2025, 1:42 PM","Jul 26, 2025, 2:52 PM","","Chest Supported Row",,"Devious ROM",1,"normal",161,8,,,
"Upper B","Jul 26, 2025, 1:42 PM","Jul 26, 2025, 2:52 PM","","Chest Supported Row",,"Devious ROM",2,"normal",181,6,,,
"Upper B","Jul 26, 2025, 1:42 PM","Jul 26, 2025, 2:52 PM","","Bench Press (Barbell)",,"Kinda recovered - just need to bench more tbh",0,"normal",20,8,,,
"Upper B","Jul 26, 2025, 1:42 PM","Jul 26, 2025, 2:52 PM","","Bench Press (Barbell)",,"Kinda recovered - just need to bench more tbh",1,"normal",60,8,,,
"Upper B","Jul 26, 2025, 1:42 PM","Jul 26, 2025, 2:52 PM","","Bench Press (Barbell)",,"Kinda recovered - just need to bench more tbh",2,"failure",70,8,,,
"Upper B","Jul 26, 2025, 1:42 PM","Jul 26, 2025, 2:52 PM","","Bench Press (Barbell)",,"Kinda recovered - just need to bench more tbh",3,"failure",80,5,,,
"Upper B","Jul 26, 2025, 1:42 PM","Jul 26, 2025, 2:52 PM","","Single Arm Lateral Raise (Cable)",,"Maybe go up",0,"normal",3.75,8,,,
"Upper B","Jul 26, 2025, 1:42 PM","Jul 26, 2025, 2:52 PM","","Single Arm Lateral Raise (Cable)",,"Maybe go up",1,"normal",5,8,,,
"Upper B","Jul 26, 2025, 1:42 PM","Jul 26, 2025, 2:52 PM","","Single Arm Lateral Raise (Cable)",,"Maybe go up",2,"normal",6.25,8,,,
"Upper B","Jul 26, 2025, 1:42 PM","Jul 26, 2025, 2:52 PM","","Rear Delt Reverse Fly (Cable)",,"",0,"normal",3.75,10,,,
"Upper B","Jul 26, 2025, 1:42 PM","Jul 26, 2025, 2:52 PM","","Rear Delt Reverse Fly (Cable)",,"",1,"normal",5,10,,,
"Upper B","Jul 26, 2025, 1:42 PM","Jul 26, 2025, 2:52 PM","","Rear Delt Reverse Fly (Cable)",,"",2,"failure",5,10,,,
"Upper B","Jul 26, 2025, 1:42 PM","Jul 26, 2025, 2:52 PM","","Shoulder Press (Dumbbell)",,"Per arm",0,"normal",24,8,,,
"Upper B","Jul 26, 2025, 1:42 PM","Jul 26, 2025, 2:52 PM","","Shoulder Press (Dumbbell)",,"Per arm",1,"failure",26,6,,,
"Upper B","Jul 26, 2025, 1:42 PM","Jul 26, 2025, 2:52 PM","","Shoulder Press (Dumbbell)",,"Per arm",2,"failure",26,5,,,
"Upper B","Jul 26, 2025, 1:42 PM","Jul 26, 2025, 2:52 PM","","Triceps Pushdown",,"",0,"failure",36.25,8,,,
"Upper B","Jul 26, 2025, 1:42 PM","Jul 26, 2025, 2:52 PM","","Triceps Pushdown",,"",1,"failure",38.75,6,,,
"Upper A","Jul 24, 2025, 9:05 AM","Jul 24, 2025, 10:20 AM","","Incline Bench Press (Dumbbell)",,"Tucked arm path",0,"normal",20,10,,,
"Upper A","Jul 24, 2025, 9:05 AM","Jul 24, 2025, 10:20 AM","","Incline Bench Press (Dumbbell)",,"Tucked arm path",1,"failure",34,7,,,
"Upper A","Jul 24, 2025, 9:05 AM","Jul 24, 2025, 10:20 AM","","Incline Bench Press (Dumbbell)",,"Tucked arm path",2,"failure",34,4,,,
"Upper A","Jul 24, 2025, 9:05 AM","Jul 24, 2025, 10:20 AM","","Lat Pulldown (Cable)",,"",0,"normal",68,8,,,
"Upper A","Jul 24, 2025, 9:05 AM","Jul 24, 2025, 10:20 AM","","Lat Pulldown (Cable)",,"",1,"normal",89,6,,,
"Upper A","Jul 24, 2025, 9:05 AM","Jul 24, 2025, 10:20 AM","","Lat Pulldown (Cable)",,"",2,"failure",89,4,,,
"Upper A","Jul 24, 2025, 9:05 AM","Jul 24, 2025, 10:20 AM","","Hammer Curl (Dumbbell)",,"Per arm",0,"normal",20,8,,,
"Upper A","Jul 24, 2025, 9:05 AM","Jul 24, 2025, 10:20 AM","","Hammer Curl (Dumbbell)",,"Per arm",1,"normal",24,6,,,
"Upper A","Jul 24, 2025, 9:05 AM","Jul 24, 2025, 10:20 AM","","Hammer Curl (Dumbbell)",,"Per arm",2,"normal",26,5,,,
"Upper A","Jul 24, 2025, 9:05 AM","Jul 24, 2025, 10:20 AM","","Single Arm Preacher Curl (Machine)",,"",0,"normal",25,8,,,
"Upper A","Jul 24, 2025, 9:05 AM","Jul 24, 2025, 10:20 AM","","Single Arm Preacher Curl (Machine)",,"",1,"failure",40,6,,,
"Upper A","Jul 24, 2025, 9:05 AM","Jul 24, 2025, 10:20 AM","","Single Arm Preacher Curl (Machine)",,"",2,"failure",42.5,4,,,
"Upper A","Jul 24, 2025, 9:05 AM","Jul 24, 2025, 10:20 AM","","Chest Fly (Machine)",,"",0,"normal",115,8,,,
"Upper A","Jul 24, 2025, 9:05 AM","Jul 24, 2025, 10:20 AM","","Chest Fly (Machine)",,"",1,"normal",135,4,,,
"Lower A","Jul 23, 2025, 8:11 AM","Jul 23, 2025, 9:24 AM","","Squat (Barbell)",,"ATG ROM",0,"normal",20,6,,,
"Lower A","Jul 23, 2025, 8:11 AM","Jul 23, 2025, 9:24 AM","","Squat (Barbell)",,"ATG ROM",1,"normal",60,8,,,
"Lower A","Jul 23, 2025, 8:11 AM","Jul 23, 2025, 9:24 AM","","Squat (Barbell)",,"ATG ROM",2,"normal",80,6,,,
"Lower A","Jul 23, 2025, 8:11 AM","Jul 23, 2025, 9:24 AM","","Squat (Barbell)",,"ATG ROM",3,"failure",90,4,,,
"Lower A","Jul 23, 2025, 8:11 AM","Jul 23, 2025, 9:24 AM","","Lying Leg Curl (Machine)",,"",0,"normal",50,10,,,
"Lower A","Jul 23, 2025, 8:11 AM","Jul 23, 2025, 9:24 AM","","Lying Leg Curl (Machine)",,"",1,"normal",80,8,,,
"Lower A","Jul 23, 2025, 8:11 AM","Jul 23, 2025, 9:24 AM","","Lying Leg Curl (Machine)",,"",2,"failure",85,5,,,
"Lower A","Jul 23, 2025, 8:11 AM","Jul 23, 2025, 9:24 AM","","Seated Calf Raise",,"",0,"normal",93,10,,,
"Lower A","Jul 23, 2025, 8:11 AM","Jul 23, 2025, 9:24 AM","","Seated Calf Raise",,"",1,"normal",123,8,,,
"Lower A","Jul 23, 2025, 8:11 AM","Jul 23, 2025, 9:24 AM","","Seated Calf Raise",,"",2,"failure",143,5,,,
"Lower A","Jul 23, 2025, 8:11 AM","Jul 23, 2025, 9:24 AM","","Hip Adduction (Machine)",,"Falloff",0,"normal",100,8,,,
"Lower A","Jul 23, 2025, 8:11 AM","Jul 23, 2025, 9:24 AM","","Hip Adduction (Machine)",,"Falloff",1,"failure",130,7,,,
"Lower A","Jul 23, 2025, 8:11 AM","Jul 23, 2025, 9:24 AM","","Hip Adduction (Machine)",,"Falloff",2,"failure",135,3,,,
"Lower A","Jul 23, 2025, 8:11 AM","Jul 23, 2025, 9:24 AM","","Leg Extension (Machine)",,"",0,"normal",60,8,,,
"Lower A","Jul 23, 2025, 8:11 AM","Jul 23, 2025, 9:24 AM","","Leg Extension (Machine)",,"",1,"normal",80,8,,,
"Lower A","Jul 23, 2025, 8:11 AM","Jul 23, 2025, 9:24 AM","","Leg Extension (Machine)",,"",2,"normal",152.5,10,,,
"Upper B","Jul 21, 2025, 9:03 AM","Jul 21, 2025, 10:27 AM","","Shoulder Press (Dumbbell)",,"",0,"normal",24,8,,,
"Upper B","Jul 21, 2025, 9:03 AM","Jul 21, 2025, 10:27 AM","","Shoulder Press (Dumbbell)",,"",1,"failure",26,6,,,
"Upper B","Jul 21, 2025, 9:03 AM","Jul 21, 2025, 10:27 AM","","Shoulder Press (Dumbbell)",,"",2,"failure",26,5,,,
"Upper B","Jul 21, 2025, 9:03 AM","Jul 21, 2025, 10:27 AM","","Seated Cable Row - V Grip (Cable)",,"90 too heavy",0,"normal",70,10,,,
"Upper B","Jul 21, 2025, 9:03 AM","Jul 21, 2025, 10:27 AM","","Seated Cable Row - V Grip (Cable)",,"90 too heavy",1,"normal",90,5,,,
"Upper B","Jul 21, 2025, 9:03 AM","Jul 21, 2025, 10:27 AM","","Seated Cable Row - V Grip (Cable)",,"90 too heavy",2,"normal",80,8,,,
"Upper B","Jul 21, 2025, 9:03 AM","Jul 21, 2025, 10:27 AM","","Bench Press (Barbell)",,"Insane falloff",0,"normal",60,8,,,
"Upper B","Jul 21, 2025, 9:03 AM","Jul 21, 2025, 10:27 AM","","Bench Press (Barbell)",,"Insane falloff",1,"normal",80,3,,,
"Upper B","Jul 21, 2025, 9:03 AM","Jul 21, 2025, 10:27 AM","","Bench Press (Barbell)",,"Insane falloff",2,"normal",70,7,,,
"Upper B","Jul 21, 2025, 9:03 AM","Jul 21, 2025, 10:27 AM","","Rear Delt Reverse Fly (Cable)",,"",0,"normal",3.75,10,,,
"Upper B","Jul 21, 2025, 9:03 AM","Jul 21, 2025, 10:27 AM","","Rear Delt Reverse Fly (Cable)",,"",1,"normal",5,8,,,
"Upper B","Jul 21, 2025, 9:03 AM","Jul 21, 2025, 10:27 AM","","Rear Delt Reverse Fly (Cable)",,"",2,"normal",5,8,,,
"Upper B","Jul 21, 2025, 9:03 AM","Jul 21, 2025, 10:27 AM","","Triceps Pushdown",,"",0,"normal",36.25,8,,,
"Upper B","Jul 21, 2025, 9:03 AM","Jul 21, 2025, 10:27 AM","","Triceps Pushdown",,"",1,"failure",41.25,6,,,
"Upper B","Jul 21, 2025, 9:03 AM","Jul 21, 2025, 10:27 AM","","Triceps Pushdown",,"",2,"failure",41.25,6,,,
"Upper B","Jul 21, 2025, 9:03 AM","Jul 21, 2025, 10:27 AM","","Single Arm Lateral Raise (Cable)",,"",0,"normal",3.75,10,,,
"Upper B","Jul 21, 2025, 9:03 AM","Jul 21, 2025, 10:27 AM","","Single Arm Lateral Raise (Cable)",,"",1,"normal",5,10,,,
"Upper B","Jul 21, 2025, 9:03 AM","Jul 21, 2025, 10:27 AM","","Single Arm Lateral Raise (Cable)",,"",2,"normal",6.25,8,,,
"Forearms/Core","Jul 20, 2025, 11:09 AM","Jul 20, 2025, 12:02 PM","","Behind Back Forearm Curls",,"",0,"normal",21.25,10,,,
"Forearms/Core","Jul 20, 2025, 11:09 AM","Jul 20, 2025, 12:02 PM","","Behind Back Forearm Curls",,"",1,"normal",28.75,15,,,
"Forearms/Core","Jul 20, 2025, 11:09 AM","Jul 20, 2025, 12:02 PM","","Behind Back Forearm Curls",,"",2,"normal",33.75,12,,,
"Forearms/Core","Jul 20, 2025, 11:09 AM","Jul 20, 2025, 12:02 PM","","Decline Sit Ups",,"",0,"normal",5,12,,,
"Forearms/Core","Jul 20, 2025, 11:09 AM","Jul 20, 2025, 12:02 PM","","Decline Sit Ups",,"",1,"normal",10,12,,,
"Forearms/Core","Jul 20, 2025, 11:09 AM","Jul 20, 2025, 12:02 PM","","Behind Back Forearm Curls",,"",0,"normal",36.25,10,,,
"Forearms/Core","Jul 20, 2025, 11:09 AM","Jul 20, 2025, 12:02 PM","","Behind Back Forearm Curls",,"",1,"normal",38.75,8,,,
"Forearms/Core","Jul 20, 2025, 11:09 AM","Jul 20, 2025, 12:02 PM","","Behind Back Forearm Curls",,"",2,"normal",48.75,6,,,
"Forearms/Core","Jul 20, 2025, 11:09 AM","Jul 20, 2025, 12:02 PM","","Crunch (Machine)",,"",0,"normal",60,10,,,
"Forearms/Core","Jul 20, 2025, 11:09 AM","Jul 20, 2025, 12:02 PM","","Crunch (Machine)",,"",1,"normal",80,10,,,
"Upper A","Jul 19, 2025, 9:03 AM","Jul 19, 2025, 10:24 AM","","Incline Bench Press (Dumbbell)",,"Fall off is crazy",0,"normal",20,8,,,
"Upper A","Jul 19, 2025, 9:03 AM","Jul 19, 2025, 10:24 AM","","Incline Bench Press (Dumbbell)",,"Fall off is crazy",1,"normal",34,6,,,
"Upper A","Jul 19, 2025, 9:03 AM","Jul 19, 2025, 10:24 AM","","Incline Bench Press (Dumbbell)",,"Fall off is crazy",2,"failure",36,3,,,
"Upper A","Jul 19, 2025, 9:03 AM","Jul 19, 2025, 10:24 AM","","Lat Pulldown (Cable)",,"",0,"normal",70,8,,,
"Upper A","Jul 19, 2025, 9:03 AM","Jul 19, 2025, 10:24 AM","","Lat Pulldown (Cable)",,"",1,"normal",90,6,,,
"Upper A","Jul 19, 2025, 9:03 AM","Jul 19, 2025, 10:24 AM","","Lat Pulldown (Cable)",,"",2,"failure",100,4,,,
"Upper A","Jul 19, 2025, 9:03 AM","Jul 19, 2025, 10:24 AM","","Hammer Curl (Dumbbell)",,"",0,"normal",20,10,,,
"Upper A","Jul 19, 2025, 9:03 AM","Jul 19, 2025, 10:24 AM","","Hammer Curl (Dumbbell)",,"",1,"normal",24,6,,,
"Upper A","Jul 19, 2025, 9:03 AM","Jul 19, 2025, 10:24 AM","","Hammer Curl (Dumbbell)",,"",2,"normal",26,5,,,
"Upper A","Jul 19, 2025, 9:03 AM","Jul 19, 2025, 10:24 AM","","Chest Fly (Machine)",,"",0,"normal",115,6,,,
"Upper A","Jul 19, 2025, 9:03 AM","Jul 19, 2025, 10:24 AM","","Chest Fly (Machine)",,"",1,"normal",135,4,,,
"Upper A","Jul 19, 2025, 9:03 AM","Jul 19, 2025, 10:24 AM","","Single Arm Preacher Curl (Machine)",,"",0,"normal",25,8,,,
"Upper A","Jul 19, 2025, 9:03 AM","Jul 19, 2025, 10:24 AM","","Single Arm Preacher Curl (Machine)",,"",1,"failure",40,5,,,
"Upper A","Jul 19, 2025, 9:03 AM","Jul 19, 2025, 10:24 AM","","Single Arm Preacher Curl (Machine)",,"",2,"failure",42.5,3,,,
"Lower B","Jul 18, 2025, 9:03 AM","Jul 18, 2025, 10:29 AM","","Leg Press (Machine)",,"",0,"normal",147,8,,,
"Lower B","Jul 18, 2025, 9:03 AM","Jul 18, 2025, 10:29 AM","","Leg Press (Machine)",,"",1,"normal",247,8,,,
"Lower B","Jul 18, 2025, 9:03 AM","Jul 18, 2025, 10:29 AM","","Leg Press (Machine)",,"",2,"failure",297,8,,,
"Lower B","Jul 18, 2025, 9:03 AM","Jul 18, 2025, 10:29 AM","","Seated Calf Raise",,"Fallen off",0,"normal",93,12,,,
"Lower B","Jul 18, 2025, 9:03 AM","Jul 18, 2025, 10:29 AM","","Seated Calf Raise",,"Fallen off",1,"normal",123,10,,,
"Lower B","Jul 18, 2025, 9:03 AM","Jul 18, 2025, 10:29 AM","","Seated Calf Raise",,"Fallen off",2,"normal",143,6,,,
"Lower B","Jul 18, 2025, 9:03 AM","Jul 18, 2025, 10:29 AM","","Romanian Deadlift (Barbell)",,"",0,"normal",60,6,,,
"Lower B","Jul 18, 2025, 9:03 AM","Jul 18, 2025, 10:29 AM","","Romanian Deadlift (Barbell)",,"",1,"normal",110,6,,,
"Lower B","Jul 18, 2025, 9:03 AM","Jul 18, 2025, 10:29 AM","","Romanian Deadlift (Barbell)",,"",2,"failure",120,5,,,
"Lower B","Jul 18, 2025, 9:03 AM","Jul 18, 2025, 10:29 AM","","Hip Adduction (Machine)",,"",0,"normal",100,8,,,
"Lower B","Jul 18, 2025, 9:03 AM","Jul 18, 2025, 10:29 AM","","Hip Adduction (Machine)",,"",1,"failure",130,8,,,
"Lower B","Jul 18, 2025, 9:03 AM","Jul 18, 2025, 10:29 AM","","Hip Adduction (Machine)",,"",2,"failure",135,7,,,
"Lower B","Jul 18, 2025, 9:03 AM","Jul 18, 2025, 10:29 AM","","Leg Extension (Machine)",,"Better ROM",0,"normal",60,8,,,
"Lower B","Jul 18, 2025, 9:03 AM","Jul 18, 2025, 10:29 AM","","Leg Extension (Machine)",,"Better ROM",1,"failure",80,8,,,
"Lower B","Jul 18, 2025, 9:03 AM","Jul 18, 2025, 10:29 AM","","Leg Extension (Machine)",,"Better ROM",2,"failure",90,5,,,
"Lower B","Jul 18, 2025, 9:03 AM","Jul 18, 2025, 10:29 AM","","Decline Sit Ups",,"",0,"normal",,12,,,
"Lower B","Jul 18, 2025, 9:03 AM","Jul 18, 2025, 10:29 AM","","Decline Sit Ups",,"",1,"normal",10,12,,,
"Upper B","Jul 17, 2025, 9:00 AM","Jul 17, 2025, 10:12 AM","","Shoulder Press (Dumbbell)",,"Per arm",0,"normal",24,8,,,
"Upper B","Jul 17, 2025, 9:00 AM","Jul 17, 2025, 10:12 AM","","Shoulder Press (Dumbbell)",,"Per arm",1,"failure",26,4,,,
"Upper B","Jul 17, 2025, 9:00 AM","Jul 17, 2025, 10:12 AM","","Shoulder Press (Dumbbell)",,"Per arm",2,"failure",26,6,,,
"Upper B","Jul 17, 2025, 9:00 AM","Jul 17, 2025, 10:12 AM","","Rear Delt Reverse Fly (Cable)",,"Maybe stay light cuz lost feeling on top set",0,"normal",3.75,10,,,
"Upper B","Jul 17, 2025, 9:00 AM","Jul 17, 2025, 10:12 AM","","Rear Delt Reverse Fly (Cable)",,"Maybe stay light cuz lost feeling on top set",1,"normal",5,8,,,
"Upper B","Jul 17, 2025, 9:00 AM","Jul 17, 2025, 10:12 AM","","Rear Delt Reverse Fly (Cable)",,"Maybe stay light cuz lost feeling on top set",2,"normal",6.25,8,,,
"Upper B","Jul 17, 2025, 9:00 AM","Jul 17, 2025, 10:12 AM","","Chest Supported Row",,"Better ROM",0,"normal",161,8,,,
"Upper B","Jul 17, 2025, 9:00 AM","Jul 17, 2025, 10:12 AM","","Chest Supported Row",,"Better ROM",1,"normal",171,6,,,
"Upper B","Jul 17, 2025, 9:00 AM","Jul 17, 2025, 10:12 AM","","Triceps Pushdown",,"",0,"normal",28.75,10,,,
"Upper B","Jul 17, 2025, 9:00 AM","Jul 17, 2025, 10:12 AM","","Triceps Pushdown",,"",1,"failure",38.75,8,,,
"Upper B","Jul 17, 2025, 9:00 AM","Jul 17, 2025, 10:12 AM","","Triceps Pushdown",,"",2,"failure",41.25,6,,,
"Upper B","Jul 17, 2025, 9:00 AM","Jul 17, 2025, 10:12 AM","","Single Arm Lateral Raise (Cable)",,"Too heavy and it goes straight to traps",0,"normal",3.75,10,,,
"Upper B","Jul 17, 2025, 9:00 AM","Jul 17, 2025, 10:12 AM","","Single Arm Lateral Raise (Cable)",,"Too heavy and it goes straight to traps",1,"normal",5,8,,,
"Upper B","Jul 17, 2025, 9:00 AM","Jul 17, 2025, 10:12 AM","","Single Arm Lateral Raise (Cable)",,"Too heavy and it goes straight to traps",2,"normal",6.25,8,,,
"Push A","Jul 15, 2025, 9:01 AM","Jul 15, 2025, 10:28 AM","","Incline Bench Press (Dumbbell)",,"",0,"warmup",24,8,,,
"Push A","Jul 15, 2025, 9:01 AM","Jul 15, 2025, 10:28 AM","","Incline Bench Press (Dumbbell)",,"",1,"normal",34,6,,,
"Push A","Jul 15, 2025, 9:01 AM","Jul 15, 2025, 10:28 AM","","Incline Bench Press (Dumbbell)",,"",2,"failure",36,4,,,
"Push A","Jul 15, 2025, 9:01 AM","Jul 15, 2025, 10:28 AM","","Lateral Raise (Cable)",,"",0,"warmup",3.75,10,,,
"Push A","Jul 15, 2025, 9:01 AM","Jul 15, 2025, 10:28 AM","","Lateral Raise (Cable)",,"",1,"normal",5,8,,,
"Push A","Jul 15, 2025, 9:01 AM","Jul 15, 2025, 10:28 AM","","Lateral Raise (Cable)",,"",2,"normal",6.25,8,,,
"Push A","Jul 15, 2025, 9:01 AM","Jul 15, 2025, 10:28 AM","","Crunch (Machine)",,"",0,"normal",65,8,,,
"Push A","Jul 15, 2025, 9:01 AM","Jul 15, 2025, 10:28 AM","","Crunch (Machine)",,"",1,"normal",75,6,,,
"Push A","Jul 15, 2025, 9:01 AM","Jul 15, 2025, 10:28 AM","","Bench Press (Dumbbell)",,"",0,"normal",34,6,,,
"Push A","Jul 15, 2025, 9:01 AM","Jul 15, 2025, 10:28 AM","","Bench Press (Dumbbell)",,"",1,"failure",38,4,,,
"Push A","Jul 15, 2025, 9:01 AM","Jul 15, 2025, 10:28 AM","","Rear Delt Reverse Fly (Cable)",,"",0,"normal",3.75,8,,,
"Push A","Jul 15, 2025, 9:01 AM","Jul 15, 2025, 10:28 AM","","Rear Delt Reverse Fly (Cable)",,"",1,"normal",6.25,10,,,
"Push A","Jul 15, 2025, 9:01 AM","Jul 15, 2025, 10:28 AM","","Triceps Pushdown",,"",0,"normal",38.75,8,,,
"Push A","Jul 15, 2025, 9:01 AM","Jul 15, 2025, 10:28 AM","","Triceps Pushdown",,"",1,"failure",43.75,4,,,
"Push A","Jul 15, 2025, 9:01 AM","Jul 15, 2025, 10:28 AM","","Chest Fly (Machine)",,"",0,"normal",115,6,,,
"Push A","Jul 15, 2025, 9:01 AM","Jul 15, 2025, 10:28 AM","","Chest Fly (Machine)",,"",1,"failure",135,4,,,
"Legs","Jul 13, 2025, 3:10 PM","Jul 13, 2025, 3:59 PM","","Seated Calf Raise",,"",0,"warmup",93,15,,,
"Legs","Jul 13, 2025, 3:10 PM","Jul 13, 2025, 3:59 PM","","Seated Calf Raise",,"",1,"normal",123,12,,,
"Legs","Jul 13, 2025, 3:10 PM","Jul 13, 2025, 3:59 PM","","Seated Calf Raise",,"",2,"failure",143,9,,,
"Legs","Jul 13, 2025, 3:10 PM","Jul 13, 2025, 3:59 PM","","Squat (Barbell)",,"Focus on ROM",0,"warmup",60,8,,,
"Legs","Jul 13, 2025, 3:10 PM","Jul 13, 2025, 3:59 PM","","Squat (Barbell)",,"Focus on ROM",1,"normal",80,8,,,
"Legs","Jul 13, 2025, 3:10 PM","Jul 13, 2025, 3:59 PM","","Squat (Barbell)",,"Focus on ROM",2,"failure",90,5,,,
"Legs","Jul 13, 2025, 3:10 PM","Jul 13, 2025, 3:59 PM","","Romanian Deadlift (Barbell)",,"",0,"warmup",60,8,,,
"Legs","Jul 13, 2025, 3:10 PM","Jul 13, 2025, 3:59 PM","","Romanian Deadlift (Barbell)",,"",1,"normal",110,6,,,
"Legs","Jul 13, 2025, 3:10 PM","Jul 13, 2025, 3:59 PM","","Romanian Deadlift (Barbell)",,"",2,"failure",120,4,,,
"Legs","Jul 13, 2025, 3:10 PM","Jul 13, 2025, 3:59 PM","","Leg Extension (Machine)",,"",0,"normal",60,8,,,
"Legs","Jul 13, 2025, 3:10 PM","Jul 13, 2025, 3:59 PM","","Leg Extension (Machine)",,"",1,"normal",80,8,,,
"Legs","Jul 13, 2025, 3:10 PM","Jul 13, 2025, 3:59 PM","","Leg Extension (Machine)",,"",2,"failure",90,6,,,
"Pull","Jul 12, 2025, 9:34 AM","Jul 12, 2025, 10:24 AM","","Hammer Curl (Dumbbell)",,"",0,"warmup",20,8,,,
"Pull","Jul 12, 2025, 9:34 AM","Jul 12, 2025, 10:24 AM","","Hammer Curl (Dumbbell)",,"",1,"normal",24,6,,,
"Pull","Jul 12, 2025, 9:34 AM","Jul 12, 2025, 10:24 AM","","Hammer Curl (Dumbbell)",,"",2,"failure",26,5,,,
"Pull","Jul 12, 2025, 9:34 AM","Jul 12, 2025, 10:24 AM","","Back Extension (Weighted Hyperextension)",,"Circle weights",0,"normal",20,8,,,
"Pull","Jul 12, 2025, 9:34 AM","Jul 12, 2025, 10:24 AM","","Back Extension (Weighted Hyperextension)",,"Circle weights",1,"failure",40,7,,,
"Pull","Jul 12, 2025, 9:34 AM","Jul 12, 2025, 10:24 AM","","Chest Supported Row",,"",0,"warmup",111,10,,,
"Pull","Jul 12, 2025, 9:34 AM","Jul 12, 2025, 10:24 AM","","Chest Supported Row",,"",1,"normal",161,8,,,
"Pull","Jul 12, 2025, 9:34 AM","Jul 12, 2025, 10:24 AM","","Chest Supported Row",,"",2,"failure",171,6,,,
"Pull","Jul 12, 2025, 9:34 AM","Jul 12, 2025, 10:24 AM","","Single Arm Preacher Curl (Machine)",,"",0,"warmup",20,8,,,
"Pull","Jul 12, 2025, 9:34 AM","Jul 12, 2025, 10:24 AM","","Single Arm Preacher Curl (Machine)",,"",1,"failure",40,5,,,
"Pull","Jul 12, 2025, 9:34 AM","Jul 12, 2025, 10:24 AM","","Single Arm Preacher Curl (Machine)",,"",2,"failure",42.5,5,,,
"Push  B","Jul 10, 2025, 4:06 PM","Jul 10, 2025, 5:31 PM","","Bench Press (Barbell)",,"Failed 95 :(",0,"warmup",20,10,,,
"Push  B","Jul 10, 2025, 4:06 PM","Jul 10, 2025, 5:31 PM","","Bench Press (Barbell)",,"Failed 95 :(",1,"normal",60,8,,,
"Push  B","Jul 10, 2025, 4:06 PM","Jul 10, 2025, 5:31 PM","","Bench Press (Barbell)",,"Failed 95 :(",2,"normal",90,1,,,
"Push  B","Jul 10, 2025, 4:06 PM","Jul 10, 2025, 5:31 PM","","Shoulder Press (Dumbbell)",,"",0,"normal",24,8,,,
"Push  B","Jul 10, 2025, 4:06 PM","Jul 10, 2025, 5:31 PM","","Shoulder Press (Dumbbell)",,"",1,"failure",26,6,,,
"Push  B","Jul 10, 2025, 4:06 PM","Jul 10, 2025, 5:31 PM","","Shoulder Press (Dumbbell)",,"",2,"failure",28,2,,,
"Push  B","Jul 10, 2025, 4:06 PM","Jul 10, 2025, 5:31 PM","","Lateral Raise (Cable)",,"",0,"normal",5,10,,,
"Push  B","Jul 10, 2025, 4:06 PM","Jul 10, 2025, 5:31 PM","","Lateral Raise (Cable)",,"",1,"failure",7.5,8,,,
"Push  B","Jul 10, 2025, 4:06 PM","Jul 10, 2025, 5:31 PM","","Lateral Raise (Cable)",,"",2,"failure",7.5,5,,,
"Push  B","Jul 10, 2025, 4:06 PM","Jul 10, 2025, 5:31 PM","","Triceps Pushdown",,"",0,"normal",40,8,,,
"Push  B","Jul 10, 2025, 4:06 PM","Jul 10, 2025, 5:31 PM","","Triceps Pushdown",,"",1,"failure",43.75,4,,,
"Push  B","Jul 10, 2025, 4:06 PM","Jul 10, 2025, 5:31 PM","","Chest Fly (Machine)",,"",0,"warmup",100,6,,,
"Push  B","Jul 10, 2025, 4:06 PM","Jul 10, 2025, 5:31 PM","","Chest Fly (Machine)",,"",1,"failure",137.5,3,,,
"Legs","Jul 4, 2025, 10:01 AM","Jul 4, 2025, 11:06 AM","","Stair Machine (Steps)",,"Bomb every cardio machine",0,"normal",,,,300,
"Legs","Jul 4, 2025, 10:01 AM","Jul 4, 2025, 11:06 AM","","Leg Press (Machine)",,"",0,"warmup",147,10,,,
"Legs","Jul 4, 2025, 10:01 AM","Jul 4, 2025, 11:06 AM","","Leg Press (Machine)",,"",1,"normal",247,10,,,
"Legs","Jul 4, 2025, 10:01 AM","Jul 4, 2025, 11:06 AM","","Leg Press (Machine)",,"",2,"failure",297,8,,,
"Legs","Jul 4, 2025, 10:01 AM","Jul 4, 2025, 11:06 AM","","Lying Leg Curl (Machine)",,"",0,"warmup",50,10,,,
"Legs","Jul 4, 2025, 10:01 AM","Jul 4, 2025, 11:06 AM","","Lying Leg Curl (Machine)",,"",1,"normal",80,9,,,
"Legs","Jul 4, 2025, 10:01 AM","Jul 4, 2025, 11:06 AM","","Lying Leg Curl (Machine)",,"",2,"failure",85,6,,,
"Legs","Jul 4, 2025, 10:01 AM","Jul 4, 2025, 11:06 AM","","Hip Adduction (Machine)",,"Filler",0,"warmup",100,10,,,
"Legs","Jul 4, 2025, 10:01 AM","Jul 4, 2025, 11:06 AM","","Leg Extension (Machine)",,"",0,"normal",60,8,,,
"Legs","Jul 4, 2025, 10:01 AM","Jul 4, 2025, 11:06 AM","","Leg Extension (Machine)",,"",1,"normal",80,8,,,
"Legs","Jul 4, 2025, 10:01 AM","Jul 4, 2025, 11:06 AM","","Leg Extension (Machine)",,"",2,"failure",90,5,,,
"Legs","Jul 4, 2025, 10:01 AM","Jul 4, 2025, 11:06 AM","","Seated Calf Raise",,"",0,"warmup",93,15,,,
"Legs","Jul 4, 2025, 10:01 AM","Jul 4, 2025, 11:06 AM","","Seated Calf Raise",,"",1,"normal",123,12,,,
"Legs","Jul 4, 2025, 10:01 AM","Jul 4, 2025, 11:06 AM","","Seated Calf Raise",,"",2,"failure",143,9,,,
"Push A","Jul 2, 2025, 10:07 AM","Jul 2, 2025, 11:52 AM","","Incline Bench Press (Dumbbell)",,"Per arm",0,"warmup",24,8,,,
"Push A","Jul 2, 2025, 10:07 AM","Jul 2, 2025, 11:52 AM","","Incline Bench Press (Dumbbell)",,"Per arm",1,"failure",34,7,,,
"Push A","Jul 2, 2025, 10:07 AM","Jul 2, 2025, 11:52 AM","","Incline Bench Press (Dumbbell)",,"Per arm",2,"failure",36,5,,,
"Push A","Jul 2, 2025, 10:07 AM","Jul 2, 2025, 11:52 AM","","Lateral Raise (Cable)",,"",0,"warmup",2.5,10,,,
"Push A","Jul 2, 2025, 10:07 AM","Jul 2, 2025, 11:52 AM","","Lateral Raise (Cable)",,"",1,"normal",5,10,,,
"Push A","Jul 2, 2025, 10:07 AM","Jul 2, 2025, 11:52 AM","","Lateral Raise (Cable)",,"",2,"failure",7.5,7,,,
"Push A","Jul 2, 2025, 10:07 AM","Jul 2, 2025, 11:52 AM","","Bench Press (Dumbbell)",,"Per arm",0,"normal",34,5,,,
"Push A","Jul 2, 2025, 10:07 AM","Jul 2, 2025, 11:52 AM","","Bench Press (Dumbbell)",,"Per arm",1,"failure",38,4,,,
"Push A","Jul 2, 2025, 10:07 AM","Jul 2, 2025, 11:52 AM","","Triceps Pushdown",,"",0,"normal",38.75,8,,,
"Push A","Jul 2, 2025, 10:07 AM","Jul 2, 2025, 11:52 AM","","Triceps Pushdown",,"",1,"failure",41.25,5,,,
"Push A","Jul 2, 2025, 10:07 AM","Jul 2, 2025, 11:52 AM","","Decline Sit Ups",,"",0,"normal",,12,,,
"Push A","Jul 2, 2025, 10:07 AM","Jul 2, 2025, 11:52 AM","","Decline Sit Ups",,"",1,"normal",10,8,,,
"Push A","Jul 2, 2025, 10:07 AM","Jul 2, 2025, 11:52 AM","","Chest Fly (Machine)",,"",0,"warmup",100,8,,,
"Push A","Jul 2, 2025, 10:07 AM","Jul 2, 2025, 11:52 AM","","Chest Fly (Machine)",,"",1,"failure",130,4,,,
"Push A","Jul 2, 2025, 10:07 AM","Jul 2, 2025, 11:52 AM","","Rear Delt Reverse Fly (Cable)",,"",0,"normal",3.75,8,,,
"Push A","Jul 2, 2025, 10:07 AM","Jul 2, 2025, 11:52 AM","","Rear Delt Reverse Fly (Cable)",,"",1,"normal",6.25,10,,,
"Back/ Biceps","Jun 25, 2025, 9:02 AM","Jun 25, 2025, 10:40 AM","","Pull Up (Assisted)",,"",0,"normal",31.25,10,,,
"Back/ Biceps","Jun 25, 2025, 9:02 AM","Jun 25, 2025, 10:40 AM","","Crunch (Machine)",,"Filler",0,"normal",50,10,,,
"Back/ Biceps","Jun 25, 2025, 9:02 AM","Jun 25, 2025, 10:40 AM","","Lat Pulldown (Cable)",,"",0,"normal",89,6,,,
"Back/ Biceps","Jun 25, 2025, 9:02 AM","Jun 25, 2025, 10:40 AM","","Lat Pulldown (Cable)",,"",1,"failure",96,4,,,
"Back/ Biceps","Jun 25, 2025, 9:02 AM","Jun 25, 2025, 10:40 AM","","Hammer Curl (Dumbbell)",,"",0,"warmup",20,8,,,
"Back/ Biceps","Jun 25, 2025, 9:02 AM","Jun 25, 2025, 10:40 AM","","Hammer Curl (Dumbbell)",,"",1,"normal",24,6,,,
"Back/ Biceps","Jun 25, 2025, 9:02 AM","Jun 25, 2025, 10:40 AM","","Hammer Curl (Dumbbell)",,"",2,"failure",26,6,,,
"Back/ Biceps","Jun 25, 2025, 9:02 AM","Jun 25, 2025, 10:40 AM","","Chest Supported Row",,"",0,"warmup",111,10,,,
"Back/ Biceps","Jun 25, 2025, 9:02 AM","Jun 25, 2025, 10:40 AM","","Chest Supported Row",,"",1,"normal",171,8,,,
"Back/ Biceps","Jun 25, 2025, 9:02 AM","Jun 25, 2025, 10:40 AM","","Chest Supported Row",,"",2,"failure",191,6,,,
"Back/ Biceps","Jun 25, 2025, 9:02 AM","Jun 25, 2025, 10:40 AM","","Single Arm Preacher Curl (Machine)",,"Single arm",0,"warmup",20,8,,,
"Back/ Biceps","Jun 25, 2025, 9:02 AM","Jun 25, 2025, 10:40 AM","","Single Arm Preacher Curl (Machine)",,"Single arm",1,"failure",37.5,8,,,
"Back/ Biceps","Jun 25, 2025, 9:02 AM","Jun 25, 2025, 10:40 AM","","Single Arm Preacher Curl (Machine)",,"Single arm",2,"failure",42.5,4,,,
"Back/ Biceps","Jun 25, 2025, 9:02 AM","Jun 25, 2025, 10:40 AM","","Rear Delt Reverse Fly (Machine)",,"",0,"normal",50,10,,,
"Back/ Biceps","Jun 25, 2025, 9:02 AM","Jun 25, 2025, 10:40 AM","","Rear Delt Reverse Fly (Machine)",,"",1,"normal",75,6,,,
"Back/ Biceps","Jun 25, 2025, 9:02 AM","Jun 25, 2025, 10:40 AM","","Rear Delt Reverse Fly (Machine)",,"",2,"failure",80,6,,,
"Legs","Jun 24, 2025, 9:10 AM","Jun 24, 2025, 10:39 AM","","Squat (Barbell)",,"",0,"warmup",20,6,,,
"Legs","Jun 24, 2025, 9:10 AM","Jun 24, 2025, 10:39 AM","","Squat (Barbell)",,"",1,"normal",80,8,,,
"Legs","Jun 24, 2025, 9:10 AM","Jun 24, 2025, 10:39 AM","","Squat (Barbell)",,"",2,"failure",100,4,,,
"Legs","Jun 24, 2025, 9:10 AM","Jun 24, 2025, 10:39 AM","","Romanian Deadlift (Barbell)",,"",0,"warmup",70,8,,,
"Legs","Jun 24, 2025, 9:10 AM","Jun 24, 2025, 10:39 AM","","Romanian Deadlift (Barbell)",,"",1,"normal",110,6,,,
"Legs","Jun 24, 2025, 9:10 AM","Jun 24, 2025, 10:39 AM","","Romanian Deadlift (Barbell)",,"",2,"failure",120,5,,,
"Legs","Jun 24, 2025, 9:10 AM","Jun 24, 2025, 10:39 AM","","Seated Calf Raise",,"",0,"warmup",93,15,,,
"Legs","Jun 24, 2025, 9:10 AM","Jun 24, 2025, 10:39 AM","","Seated Calf Raise",,"",1,"normal",123,12,,,
"Legs","Jun 24, 2025, 9:10 AM","Jun 24, 2025, 10:39 AM","","Seated Calf Raise",,"",2,"failure",143,8,,,
"Legs","Jun 24, 2025, 9:10 AM","Jun 24, 2025, 10:39 AM","","Hip Adduction (Machine)",,"",0,"warmup",100,10,,,
"Legs","Jun 24, 2025, 9:10 AM","Jun 24, 2025, 10:39 AM","","Hip Adduction (Machine)",,"",1,"normal",120,10,,,
"Legs","Jun 24, 2025, 9:10 AM","Jun 24, 2025, 10:39 AM","","Hip Adduction (Machine)",,"",2,"failure",135,7,,,
"Legs","Jun 24, 2025, 9:10 AM","Jun 24, 2025, 10:39 AM","","Leg Extension (Machine)",,"",0,"normal",60,8,,,
"Legs","Jun 24, 2025, 9:10 AM","Jun 24, 2025, 10:39 AM","","Leg Extension (Machine)",,"",1,"normal",80,8,,,
"Legs","Jun 24, 2025, 9:10 AM","Jun 24, 2025, 10:39 AM","","Leg Extension (Machine)",,"",2,"failure",85,8,,,
"Chest/Shoulder/Tricep","Jun 22, 2025, 11:12 AM","Jun 22, 2025, 12:57 PM","","Bench Press (Barbell)",,"",0,"warmup",20,10,,,
"Chest/Shoulder/Tricep","Jun 22, 2025, 11:12 AM","Jun 22, 2025, 12:57 PM","","Bench Press (Barbell)",,"",1,"failure",60,10,,,
"Chest/Shoulder/Tricep","Jun 22, 2025, 11:12 AM","Jun 22, 2025, 12:57 PM","","Bench Press (Barbell)",,"",2,"normal",70,8,,,
"Chest/Shoulder/Tricep","Jun 22, 2025, 11:12 AM","Jun 22, 2025, 12:57 PM","","Bench Press (Barbell)",,"",3,"failure",80,7,,,
"Chest/Shoulder/Tricep","Jun 22, 2025, 11:12 AM","Jun 22, 2025, 12:57 PM","","Shoulder Press (Dumbbell)",,"",0,"warmup",16,10,,,
"Chest/Shoulder/Tricep","Jun 22, 2025, 11:12 AM","Jun 22, 2025, 12:57 PM","","Shoulder Press (Dumbbell)",,"",1,"failure",22,10,,,
"Chest/Shoulder/Tricep","Jun 22, 2025, 11:12 AM","Jun 22, 2025, 12:57 PM","","Shoulder Press (Dumbbell)",,"",2,"failure",26,4,,,
"Chest/Shoulder/Tricep","Jun 22, 2025, 11:12 AM","Jun 22, 2025, 12:57 PM","","Lateral Raise (Cable)",,"",0,"warmup",3.75,10,,,
"Chest/Shoulder/Tricep","Jun 22, 2025, 11:12 AM","Jun 22, 2025, 12:57 PM","","Lateral Raise (Cable)",,"",1,"normal",6.25,9,,,
"Chest/Shoulder/Tricep","Jun 22, 2025, 11:12 AM","Jun 22, 2025, 12:57 PM","","Lateral Raise (Cable)",,"",2,"failure",6.88,8,,,
"Chest/Shoulder/Tricep","Jun 22, 2025, 11:12 AM","Jun 22, 2025, 12:57 PM","","Incline Bench Press (Barbell)",,"",0,"warmup",20,12,,,
"Chest/Shoulder/Tricep","Jun 22, 2025, 11:12 AM","Jun 22, 2025, 12:57 PM","","Incline Bench Press (Barbell)",,"",1,"normal",60,8,,,
"Chest/Shoulder/Tricep","Jun 22, 2025, 11:12 AM","Jun 22, 2025, 12:57 PM","","Incline Bench Press (Barbell)",,"",2,"failure",70,4,,,
"Chest/Shoulder/Tricep","Jun 22, 2025, 11:12 AM","Jun 22, 2025, 12:57 PM","","Triceps Pushdown",,"",0,"normal",38.75,8,,,
"Chest/Shoulder/Tricep","Jun 22, 2025, 11:12 AM","Jun 22, 2025, 12:57 PM","","Triceps Pushdown",,"",1,"failure",43.75,3,,,
"Chest/Shoulder/Tricep","Jun 22, 2025, 11:12 AM","Jun 22, 2025, 12:57 PM","","Chest Fly (Machine)",,"",0,"warmup",100,8,,,
"Chest/Shoulder/Tricep","Jun 22, 2025, 11:12 AM","Jun 22, 2025, 12:57 PM","","Chest Fly (Machine)",,"",1,"failure",130,5,,,
"Back/ Biceps","Jun 21, 2025, 10:09 AM","Jun 21, 2025, 11:29 AM","","Lat Pulldown (Cable)",,"",0,"normal",68,8,,,
"Back/ Biceps","Jun 21, 2025, 10:09 AM","Jun 21, 2025, 11:29 AM","","Lat Pulldown (Cable)",,"",1,"normal",89,6,,,
"Back/ Biceps","Jun 21, 2025, 10:09 AM","Jun 21, 2025, 11:29 AM","","Lat Pulldown (Cable)",,"",2,"failure",96,5,,,
"Back/ Biceps","Jun 21, 2025, 10:09 AM","Jun 21, 2025, 11:29 AM","","Hammer Curl (Dumbbell)",,"Per arm",0,"warmup",20,8,,,
"Back/ Biceps","Jun 21, 2025, 10:09 AM","Jun 21, 2025, 11:29 AM","","Hammer Curl (Dumbbell)",,"Per arm",1,"normal",24,6,,,
"Back/ Biceps","Jun 21, 2025, 10:09 AM","Jun 21, 2025, 11:29 AM","","Hammer Curl (Dumbbell)",,"Per arm",2,"failure",26,5,,,
"Back/ Biceps","Jun 21, 2025, 10:09 AM","Jun 21, 2025, 11:29 AM","","Chest Supported Row",,"",0,"warmup",91,10,,,
"Back/ Biceps","Jun 21, 2025, 10:09 AM","Jun 21, 2025, 11:29 AM","","Chest Supported Row",,"",1,"normal",161,10,,,
"Back/ Biceps","Jun 21, 2025, 10:09 AM","Jun 21, 2025, 11:29 AM","","Chest Supported Row",,"",2,"failure",191,6,,,
"Back/ Biceps","Jun 21, 2025, 10:09 AM","Jun 21, 2025, 11:29 AM","","Rear Delt Reverse Fly (Cable)",,"Filler",0,"normal",3.75,8,,,
"Back/ Biceps","Jun 21, 2025, 10:09 AM","Jun 21, 2025, 11:29 AM","","Rear Delt Reverse Fly (Cable)",,"Filler",1,"normal",6.25,10,,,
"Back/ Biceps","Jun 21, 2025, 10:09 AM","Jun 21, 2025, 11:29 AM","","Single Arm Preacher Curl (Machine)",,"",0,"warmup",20,8,,,
"Back/ Biceps","Jun 21, 2025, 10:09 AM","Jun 21, 2025, 11:29 AM","","Single Arm Preacher Curl (Machine)",,"",1,"failure",37.5,7,,,
"Back/ Biceps","Jun 21, 2025, 10:09 AM","Jun 21, 2025, 11:29 AM","","Single Arm Preacher Curl (Machine)",,"",2,"failure",40,5,,,
"Chest/Shoulder/Tricep","Jun 17, 2025, 8:02 AM","Jun 17, 2025, 9:26 AM","","Incline Bench Press (Dumbbell)",,"",0,"warmup",20,10,,,
"Chest/Shoulder/Tricep","Jun 17, 2025, 8:02 AM","Jun 17, 2025, 9:26 AM","","Incline Bench Press (Dumbbell)",,"",1,"failure",34,8,,,
"Chest/Shoulder/Tricep","Jun 17, 2025, 8:02 AM","Jun 17, 2025, 9:26 AM","","Incline Bench Press (Dumbbell)",,"",2,"failure",36,5,,,
"Chest/Shoulder/Tricep","Jun 17, 2025, 8:02 AM","Jun 17, 2025, 9:26 AM","","Lateral Raise (Cable)",,"",0,"warmup",3.75,10,,,
"Chest/Shoulder/Tricep","Jun 17, 2025, 8:02 AM","Jun 17, 2025, 9:26 AM","","Lateral Raise (Cable)",,"",1,"normal",6.25,8,,,
"Chest/Shoulder/Tricep","Jun 17, 2025, 8:02 AM","Jun 17, 2025, 9:26 AM","","Lateral Raise (Cable)",,"",2,"failure",6.88,7,,,
"Chest/Shoulder/Tricep","Jun 17, 2025, 8:02 AM","Jun 17, 2025, 9:26 AM","","Bench Press (Dumbbell)",,"",0,"normal",34,6,,,
"Chest/Shoulder/Tricep","Jun 17, 2025, 8:02 AM","Jun 17, 2025, 9:26 AM","","Bench Press (Dumbbell)",,"",1,"failure",38,5,,,
"Chest/Shoulder/Tricep","Jun 17, 2025, 8:02 AM","Jun 17, 2025, 9:26 AM","","Triceps Pushdown",,"",0,"normal",38.75,8,,,
"Chest/Shoulder/Tricep","Jun 17, 2025, 8:02 AM","Jun 17, 2025, 9:26 AM","","Triceps Pushdown",,"",1,"failure",41.25,5,,,
"Chest/Shoulder/Tricep","Jun 17, 2025, 8:02 AM","Jun 17, 2025, 9:26 AM","","Chest Fly (Machine)",,"",0,"warmup",100,8,,,
"Chest/Shoulder/Tricep","Jun 17, 2025, 8:02 AM","Jun 17, 2025, 9:26 AM","","Chest Fly (Machine)",,"",1,"failure",125,6,,,
"Back/ Biceps","Jun 15, 2025, 8:05 AM","Jun 15, 2025, 9:40 AM","","Pull Up (Assisted)",,"",0,"normal",31.25,8,,,
"Back/ Biceps","Jun 15, 2025, 8:05 AM","Jun 15, 2025, 9:40 AM","","Pull Up (Assisted)",,"",1,"normal",28.13,8,,,
"Back/ Biceps","Jun 15, 2025, 8:05 AM","Jun 15, 2025, 9:40 AM","","Pull Up (Assisted)",,"",2,"failure",25,6,,,
"Back/ Biceps","Jun 15, 2025, 8:05 AM","Jun 15, 2025, 9:40 AM","","Hammer Curl (Dumbbell)",,"",0,"warmup",20,8,,,
"Back/ Biceps","Jun 15, 2025, 8:05 AM","Jun 15, 2025, 9:40 AM","","Hammer Curl (Dumbbell)",,"",1,"normal",24,6,,,
"Back/ Biceps","Jun 15, 2025, 8:05 AM","Jun 15, 2025, 9:40 AM","","Hammer Curl (Dumbbell)",,"",2,"failure",26,5,,,
"Back/ Biceps","Jun 15, 2025, 8:05 AM","Jun 15, 2025, 9:40 AM","","Rear Delt Reverse Fly (Machine)",,"Fallen off cuz been ages since done ts",0,"normal",50,10,,,
"Back/ Biceps","Jun 15, 2025, 8:05 AM","Jun 15, 2025, 9:40 AM","","Rear Delt Reverse Fly (Machine)",,"Fallen off cuz been ages since done ts",1,"normal",75,6,,,
"Back/ Biceps","Jun 15, 2025, 8:05 AM","Jun 15, 2025, 9:40 AM","","Rear Delt Reverse Fly (Machine)",,"Fallen off cuz been ages since done ts",2,"failure",80,4,,,
"Back/ Biceps","Jun 15, 2025, 8:05 AM","Jun 15, 2025, 9:40 AM","","Chest Supported Row",,"",0,"warmup",91,10,,,
"Back/ Biceps","Jun 15, 2025, 8:05 AM","Jun 15, 2025, 9:40 AM","","Chest Supported Row",,"",1,"normal",161,10,,,
"Back/ Biceps","Jun 15, 2025, 8:05 AM","Jun 15, 2025, 9:40 AM","","Chest Supported Row",,"",2,"failure",191,6,,,
"Back/ Biceps","Jun 15, 2025, 8:05 AM","Jun 15, 2025, 9:40 AM","","Single Arm Preacher Curl (Machine)",,"",0,"warmup",20,8,,,
"Back/ Biceps","Jun 15, 2025, 8:05 AM","Jun 15, 2025, 9:40 AM","","Single Arm Preacher Curl (Machine)",,"",1,"failure",37.5,6,,,
"Back/ Biceps","Jun 15, 2025, 8:05 AM","Jun 15, 2025, 9:40 AM","","Single Arm Preacher Curl (Machine)",,"",2,"failure",40,4,,,
"Legs","Jun 14, 2025, 8:02 AM","Jun 14, 2025, 9:34 AM","","Squat (Barbell)",,"",0,"warmup",20,6,,,
"Legs","Jun 14, 2025, 8:02 AM","Jun 14, 2025, 9:34 AM","","Squat (Barbell)",,"",1,"normal",80,8,,,
"Legs","Jun 14, 2025, 8:02 AM","Jun 14, 2025, 9:34 AM","","Squat (Barbell)",,"",2,"failure",95,8,,,
"Legs","Jun 14, 2025, 8:02 AM","Jun 14, 2025, 9:34 AM","","Seated Calf Raise",,"",0,"warmup",93,20,,,
"Legs","Jun 14, 2025, 8:02 AM","Jun 14, 2025, 9:34 AM","","Seated Calf Raise",,"",1,"normal",123,15,,,
"Legs","Jun 14, 2025, 8:02 AM","Jun 14, 2025, 9:34 AM","","Seated Calf Raise",,"",2,"failure",133,12,,,
"Legs","Jun 14, 2025, 8:02 AM","Jun 14, 2025, 9:34 AM","","Lying Leg Curl (Machine)",,"All the racks taken (bruh moment)",0,"warmup",50,10,,,
"Legs","Jun 14, 2025, 8:02 AM","Jun 14, 2025, 9:34 AM","","Lying Leg Curl (Machine)",,"All the racks taken (bruh moment)",1,"normal",70,12,,,
"Legs","Jun 14, 2025, 8:02 AM","Jun 14, 2025, 9:34 AM","","Lying Leg Curl (Machine)",,"All the racks taken (bruh moment)",2,"failure",80,8,,,
"Legs","Jun 14, 2025, 8:02 AM","Jun 14, 2025, 9:34 AM","","Leg Extension (Machine)",,"",0,"normal",60,8,,,
"Legs","Jun 14, 2025, 8:02 AM","Jun 14, 2025, 9:34 AM","","Leg Extension (Machine)",,"",1,"failure",80,10,,,
"Legs","Jun 14, 2025, 8:02 AM","Jun 14, 2025, 9:34 AM","","Leg Extension (Machine)",,"",2,"failure",85,8,,,
"Legs","Jun 14, 2025, 8:02 AM","Jun 14, 2025, 9:34 AM","","Hip Adduction (Machine)",,"",0,"warmup",90,10,,,
"Legs","Jun 14, 2025, 8:02 AM","Jun 14, 2025, 9:34 AM","","Hip Adduction (Machine)",,"",1,"normal",120,12,,,
"Legs","Jun 14, 2025, 8:02 AM","Jun 14, 2025, 9:34 AM","","Hip Adduction (Machine)",,"",2,"failure",130,7,,,
"Chest/Shoulder/Tricep","Jun 13, 2025, 7:32 AM","Jun 13, 2025, 8:50 AM","","Incline Bench Press (Dumbbell)",,"",0,"warmup",20,10,,,
"Chest/Shoulder/Tricep","Jun 13, 2025, 7:32 AM","Jun 13, 2025, 8:50 AM","","Incline Bench Press (Dumbbell)",,"",1,"failure",34,7,,,
"Chest/Shoulder/Tricep","Jun 13, 2025, 7:32 AM","Jun 13, 2025, 8:50 AM","","Incline Bench Press (Dumbbell)",,"",2,"failure",36,5,,,
"Chest/Shoulder/Tricep","Jun 13, 2025, 7:32 AM","Jun 13, 2025, 8:50 AM","","Lateral Raise (Cable)",,"",0,"warmup",5,10,,,
"Chest/Shoulder/Tricep","Jun 13, 2025, 7:32 AM","Jun 13, 2025, 8:50 AM","","Lateral Raise (Cable)",,"",1,"failure",6.25,10,,,
"Chest/Shoulder/Tricep","Jun 13, 2025, 7:32 AM","Jun 13, 2025, 8:50 AM","","Lateral Raise (Cable)",,"",2,"failure",6.88,6,,,
"Chest/Shoulder/Tricep","Jun 13, 2025, 7:32 AM","Jun 13, 2025, 8:50 AM","","Bench Press (Dumbbell)",,"",0,"normal",34,6,,,
"Chest/Shoulder/Tricep","Jun 13, 2025, 7:32 AM","Jun 13, 2025, 8:50 AM","","Bench Press (Dumbbell)",,"",1,"failure",38,5,,,
"Chest/Shoulder/Tricep","Jun 13, 2025, 7:32 AM","Jun 13, 2025, 8:50 AM","","Tricep Extension (Cable)",,"",0,"normal",36.25,10,,,
"Chest/Shoulder/Tricep","Jun 13, 2025, 7:32 AM","Jun 13, 2025, 8:50 AM","","Tricep Extension (Cable)",,"",1,"failure",41.25,7,,,
"Chest/Shoulder/Tricep","Jun 13, 2025, 7:32 AM","Jun 13, 2025, 8:50 AM","","Chest Fly (Machine)",,"",0,"warmup",90,6,,,
"Chest/Shoulder/Tricep","Jun 13, 2025, 7:32 AM","Jun 13, 2025, 8:50 AM","","Chest Fly (Machine)",,"",1,"failure",125,5,,,
"Chest/Shoulder/Tricep","Jun 8, 2025, 3:16 PM","Jun 8, 2025, 4:34 PM","","Incline Bench Press (Dumbbell)",,"Per arm",0,"warmup",20,10,,,
"Chest/Shoulder/Tricep","Jun 8, 2025, 3:16 PM","Jun 8, 2025, 4:34 PM","","Incline Bench Press (Dumbbell)",,"Per arm",1,"normal",34,6,,,
"Chest/Shoulder/Tricep","Jun 8, 2025, 3:16 PM","Jun 8, 2025, 4:34 PM","","Incline Bench Press (Dumbbell)",,"Per arm",2,"failure",36,5,,,
"Chest/Shoulder/Tricep","Jun 8, 2025, 3:16 PM","Jun 8, 2025, 4:34 PM","","Lateral Raise (Cable)",,"",0,"warmup",3.75,12,,,
"Chest/Shoulder/Tricep","Jun 8, 2025, 3:16 PM","Jun 8, 2025, 4:34 PM","","Lateral Raise (Cable)",,"",1,"normal",5,10,,,
"Chest/Shoulder/Tricep","Jun 8, 2025, 3:16 PM","Jun 8, 2025, 4:34 PM","","Lateral Raise (Cable)",,"",2,"failure",6.25,9,,,
"Chest/Shoulder/Tricep","Jun 8, 2025, 3:16 PM","Jun 8, 2025, 4:34 PM","","Bench Press (Dumbbell)",,"New method?",0,"warmup",20,10,,,
"Chest/Shoulder/Tricep","Jun 8, 2025, 3:16 PM","Jun 8, 2025, 4:34 PM","","Bench Press (Dumbbell)",,"New method?",1,"failure",38,5,,,
"Chest/Shoulder/Tricep","Jun 8, 2025, 3:16 PM","Jun 8, 2025, 4:34 PM","","Triceps Pushdown",,"",0,"failure",38.75,8,,,
"Chest/Shoulder/Tricep","Jun 8, 2025, 3:16 PM","Jun 8, 2025, 4:34 PM","","Triceps Pushdown",,"",1,"failure",41.25,6,,,
"Chest/Shoulder/Tricep","Jun 8, 2025, 3:16 PM","Jun 8, 2025, 4:34 PM","","Chest Fly (Machine)",,"",0,"warmup",90,8,,,
"Chest/Shoulder/Tricep","Jun 8, 2025, 3:16 PM","Jun 8, 2025, 4:34 PM","","Chest Fly (Machine)",,"",1,"failure",120,5,,,
"Legs","Jun 7, 2025, 6:47 PM","Jun 7, 2025, 8:05 PM","Gym closed le bruh","Squat (Barbell)",,"",0,"warmup",20,8,,,
"Legs","Jun 7, 2025, 6:47 PM","Jun 7, 2025, 8:05 PM","Gym closed le bruh","Squat (Barbell)",,"",1,"warmup",50,8,,,
"Legs","Jun 7, 2025, 6:47 PM","Jun 7, 2025, 8:05 PM","Gym closed le bruh","Squat (Barbell)",,"",2,"normal",80,8,,,
"Legs","Jun 7, 2025, 6:47 PM","Jun 7, 2025, 8:05 PM","Gym closed le bruh","Squat (Barbell)",,"",3,"failure",95,6,,,
"Legs","Jun 7, 2025, 6:47 PM","Jun 7, 2025, 8:05 PM","Gym closed le bruh","Seated Calf Raise",,"",0,"warmup",93,20,,,
"Legs","Jun 7, 2025, 6:47 PM","Jun 7, 2025, 8:05 PM","Gym closed le bruh","Seated Calf Raise",,"",1,"normal",113,15,,,
"Legs","Jun 7, 2025, 6:47 PM","Jun 7, 2025, 8:05 PM","Gym closed le bruh","Seated Calf Raise",,"",2,"failure",133,14,,,
"Legs","Jun 7, 2025, 6:47 PM","Jun 7, 2025, 8:05 PM","Gym closed le bruh","Romanian Deadlift (Barbell)",,"Bit more emphasis on form",0,"warmup",70,10,,,
"Legs","Jun 7, 2025, 6:47 PM","Jun 7, 2025, 8:05 PM","Gym closed le bruh","Romanian Deadlift (Barbell)",,"Bit more emphasis on form",1,"normal",110,6,,,
"Legs","Jun 7, 2025, 6:47 PM","Jun 7, 2025, 8:05 PM","Gym closed le bruh","Romanian Deadlift (Barbell)",,"Bit more emphasis on form",2,"failure",120,4,,,
"Legs","Jun 7, 2025, 6:47 PM","Jun 7, 2025, 8:05 PM","Gym closed le bruh","Hip Adduction (Machine)",,"",0,"warmup",90,10,,,
"Legs","Jun 7, 2025, 6:47 PM","Jun 7, 2025, 8:05 PM","Gym closed le bruh","Hip Adduction (Machine)",,"",1,"normal",120,10,,,
"Legs","Jun 7, 2025, 6:47 PM","Jun 7, 2025, 8:05 PM","Gym closed le bruh","Hip Adduction (Machine)",,"",2,"failure",130,6,,,
"Legs","Jun 7, 2025, 6:47 PM","Jun 7, 2025, 8:05 PM","Gym closed le bruh","Leg Extension (Machine)",,"",0,"normal",60,8,,,
"Back/ Biceps","Jun 5, 2025, 1:12 PM","Jun 5, 2025, 2:45 PM","","Lat Pulldown (Cable)",,"",0,"normal",70,8,,,
"Back/ Biceps","Jun 5, 2025, 1:12 PM","Jun 5, 2025, 2:45 PM","","Lat Pulldown (Cable)",,"",1,"failure",90,8,,,
"Back/ Biceps","Jun 5, 2025, 1:12 PM","Jun 5, 2025, 2:45 PM","","Lat Pulldown (Cable)",,"",2,"failure",100,5,,,
"Back/ Biceps","Jun 5, 2025, 1:12 PM","Jun 5, 2025, 2:45 PM","","Hammer Curl (Dumbbell)",,"",0,"warmup",16,8,,,
"Back/ Biceps","Jun 5, 2025, 1:12 PM","Jun 5, 2025, 2:45 PM","","Hammer Curl (Dumbbell)",,"",1,"failure",24,8,,,
"Back/ Biceps","Jun 5, 2025, 1:12 PM","Jun 5, 2025, 2:45 PM","","Hammer Curl (Dumbbell)",,"",2,"failure",26,5,,,
"Back/ Biceps","Jun 5, 2025, 1:12 PM","Jun 5, 2025, 2:45 PM","","Back Extension (Weighted Hyperextension)",,"Holding barbell with arms fully extended cuz holding circle weights is a pain",0,"normal",20,8,,,
"Back/ Biceps","Jun 5, 2025, 1:12 PM","Jun 5, 2025, 2:45 PM","","Back Extension (Weighted Hyperextension)",,"Holding barbell with arms fully extended cuz holding circle weights is a pain",1,"normal",35,8,,,
"Back/ Biceps","Jun 5, 2025, 1:12 PM","Jun 5, 2025, 2:45 PM","","Back Extension (Weighted Hyperextension)",,"Holding barbell with arms fully extended cuz holding circle weights is a pain",2,"failure",45,8,,,
"Back/ Biceps","Jun 5, 2025, 1:12 PM","Jun 5, 2025, 2:45 PM","","Chest Supported Row",,"",0,"warmup",91,10,,,
"Back/ Biceps","Jun 5, 2025, 1:12 PM","Jun 5, 2025, 2:45 PM","","Chest Supported Row",,"",1,"normal",171,10,,,
"Back/ Biceps","Jun 5, 2025, 1:12 PM","Jun 5, 2025, 2:45 PM","","Chest Supported Row",,"",2,"failure",191,6,,,
"Back/ Biceps","Jun 5, 2025, 1:12 PM","Jun 5, 2025, 2:45 PM","","Single Arm Preacher Curl (Machine)",,"",0,"warmup",20,6,,,
"Back/ Biceps","Jun 5, 2025, 1:12 PM","Jun 5, 2025, 2:45 PM","","Single Arm Preacher Curl (Machine)",,"",1,"failure",35,7,,,
"Back/ Biceps","Jun 5, 2025, 1:12 PM","Jun 5, 2025, 2:45 PM","","Single Arm Preacher Curl (Machine)",,"",2,"failure",40,4,,,
"Chest/Shoulder/Tricep","Jun 3, 2025, 8:09 AM","Jun 3, 2025, 9:28 AM","","Incline Bench Press (Dumbbell)",,"Kg is per arm",0,"warmup",20,10,,,
"Chest/Shoulder/Tricep","Jun 3, 2025, 8:09 AM","Jun 3, 2025, 9:28 AM","","Incline Bench Press (Dumbbell)",,"Kg is per arm",1,"normal",34,6,,,
"Chest/Shoulder/Tricep","Jun 3, 2025, 8:09 AM","Jun 3, 2025, 9:28 AM","","Incline Bench Press (Dumbbell)",,"Kg is per arm",2,"failure",36,5,,,
"Chest/Shoulder/Tricep","Jun 3, 2025, 8:09 AM","Jun 3, 2025, 9:28 AM","","Lateral Raise (Cable)",,"",0,"warmup",3.75,12,,,
"Chest/Shoulder/Tricep","Jun 3, 2025, 8:09 AM","Jun 3, 2025, 9:28 AM","","Lateral Raise (Cable)",,"",1,"normal",5,10,,,
"Chest/Shoulder/Tricep","Jun 3, 2025, 8:09 AM","Jun 3, 2025, 9:28 AM","","Lateral Raise (Cable)",,"",2,"failure",6.25,9,,,
"Chest/Shoulder/Tricep","Jun 3, 2025, 8:09 AM","Jun 3, 2025, 9:28 AM","","Bench Press (Dumbbell)",,"",0,"failure",34,7,,,
"Chest/Shoulder/Tricep","Jun 3, 2025, 8:09 AM","Jun 3, 2025, 9:28 AM","","Bench Press (Dumbbell)",,"",1,"failure",38,4,,,
"Chest/Shoulder/Tricep","Jun 3, 2025, 8:09 AM","Jun 3, 2025, 9:28 AM","","Triceps Pushdown",,"",0,"failure",38.75,8,,,
"Chest/Shoulder/Tricep","Jun 3, 2025, 8:09 AM","Jun 3, 2025, 9:28 AM","","Triceps Pushdown",,"",1,"failure",41.88,5,,,
"Chest/Shoulder/Tricep","Jun 3, 2025, 8:09 AM","Jun 3, 2025, 9:28 AM","","Chest Fly (Machine)",,"",0,"warmup",90,8,,,
"Chest/Shoulder/Tricep","Jun 3, 2025, 8:09 AM","Jun 3, 2025, 9:28 AM","","Chest Fly (Machine)",,"",1,"failure",120,5,,,
"Legs","Jun 1, 2025, 11:12 AM","Jun 1, 2025, 12:19 PM","","Seated Calf Raise",,"",0,"warmup",73,20,,,
"Legs","Jun 1, 2025, 11:12 AM","Jun 1, 2025, 12:19 PM","","Seated Calf Raise",,"",1,"normal",113,15,,,
"Legs","Jun 1, 2025, 11:12 AM","Jun 1, 2025, 12:19 PM","","Seated Calf Raise",,"",2,"failure",133,12,,,
"Legs","Jun 1, 2025, 11:12 AM","Jun 1, 2025, 12:19 PM","","Squat (Barbell)",,"Could probs do more top set",0,"warmup",50,6,,,
"Legs","Jun 1, 2025, 11:12 AM","Jun 1, 2025, 12:19 PM","","Squat (Barbell)",,"Could probs do more top set",1,"normal",80,6,,,
"Legs","Jun 1, 2025, 11:12 AM","Jun 1, 2025, 12:19 PM","","Squat (Barbell)",,"Could probs do more top set",2,"failure",95,4,,,
"Legs","Jun 1, 2025, 11:12 AM","Jun 1, 2025, 12:19 PM","","Romanian Deadlift (Barbell)",,"",0,"warmup",60,10,,,
"Legs","Jun 1, 2025, 11:12 AM","Jun 1, 2025, 12:19 PM","","Romanian Deadlift (Barbell)",,"",1,"normal",110,6,,,
"Legs","Jun 1, 2025, 11:12 AM","Jun 1, 2025, 12:19 PM","","Romanian Deadlift (Barbell)",,"",2,"normal",115,6,,,
"Legs","Jun 1, 2025, 11:12 AM","Jun 1, 2025, 12:19 PM","","Hip Adduction (Machine)",,"",0,"normal",90,10,,,
"Legs","Jun 1, 2025, 11:12 AM","Jun 1, 2025, 12:19 PM","","Hip Adduction (Machine)",,"",1,"failure",120,12,,,
"Legs","Jun 1, 2025, 11:12 AM","Jun 1, 2025, 12:19 PM","","Hip Adduction (Machine)",,"",2,"failure",130,3,,,
"Legs","Jun 1, 2025, 11:12 AM","Jun 1, 2025, 12:19 PM","","Leg Extension (Machine)",,"",0,"normal",60,8,,,
"Legs","Jun 1, 2025, 11:12 AM","Jun 1, 2025, 12:19 PM","","Leg Extension (Machine)",,"",1,"failure",80,10,,,
"Legs","Jun 1, 2025, 11:12 AM","Jun 1, 2025, 12:19 PM","","Leg Extension (Machine)",,"",2,"failure",85,6,,,
"Back/ Biceps","May 31, 2025, 8:02 AM","May 31, 2025, 9:29 AM","","Lat Pulldown (Cable)",,"",0,"warmup",68,8,,,
"Back/ Biceps","May 31, 2025, 8:02 AM","May 31, 2025, 9:29 AM","","Lat Pulldown (Cable)",,"",1,"normal",89,6,,,
"Back/ Biceps","May 31, 2025, 8:02 AM","May 31, 2025, 9:29 AM","","Lat Pulldown (Cable)",,"",2,"failure",96,4,,,
"Back/ Biceps","May 31, 2025, 8:02 AM","May 31, 2025, 9:29 AM","","Hammer Curl (Dumbbell)",,"",0,"warmup",16,8,,,
"Back/ Biceps","May 31, 2025, 8:02 AM","May 31, 2025, 9:29 AM","","Hammer Curl (Dumbbell)",,"",1,"failure",24,7,,,
"Back/ Biceps","May 31, 2025, 8:02 AM","May 31, 2025, 9:29 AM","","Hammer Curl (Dumbbell)",,"",2,"failure",26,5,,,
"Back/ Biceps","May 31, 2025, 8:02 AM","May 31, 2025, 9:29 AM","","Back Extension (Weighted Hyperextension)",,"",0,"normal",20,8,,,
"Back/ Biceps","May 31, 2025, 8:02 AM","May 31, 2025, 9:29 AM","","Back Extension (Weighted Hyperextension)",,"",1,"normal",30,8,,,
"Back/ Biceps","May 31, 2025, 8:02 AM","May 31, 2025, 9:29 AM","","Back Extension (Weighted Hyperextension)",,"",2,"failure",40,6,,,
"Back/ Biceps","May 31, 2025, 8:02 AM","May 31, 2025, 9:29 AM","","Chest Supported Row",,"",0,"warmup",91,10,,,
"Back/ Biceps","May 31, 2025, 8:02 AM","May 31, 2025, 9:29 AM","","Chest Supported Row",,"",1,"failure",171,11,,,
"Back/ Biceps","May 31, 2025, 8:02 AM","May 31, 2025, 9:29 AM","","Chest Supported Row",,"",2,"failure",181,9,,,
"Back/ Biceps","May 31, 2025, 8:02 AM","May 31, 2025, 9:29 AM","","Single Arm Preacher Curl (Machine)",,"",0,"warmup",20,6,,,
"Back/ Biceps","May 31, 2025, 8:02 AM","May 31, 2025, 9:29 AM","","Single Arm Preacher Curl (Machine)",,"",1,"failure",35,7,,,
"Back/ Biceps","May 31, 2025, 8:02 AM","May 31, 2025, 9:29 AM","","Preacher Curl (Machine)",,"",0,"normal",80,1,,,
"Back/ Biceps","May 31, 2025, 8:02 AM","May 31, 2025, 9:29 AM","","Preacher Curl (Machine)",,"",1,"normal",90,1,,,
"Back/ Biceps","May 31, 2025, 8:02 AM","May 31, 2025, 9:29 AM","","Preacher Curl (Machine)",,"",2,"normal",100,1,,,
"Chest/Shoulder/Tricep","May 30, 2025, 7:58 AM","May 30, 2025, 9:19 AM","","Incline Bench Press (Dumbbell)",,"Kg is per arm",0,"warmup",20,10,,,
"Chest/Shoulder/Tricep","May 30, 2025, 7:58 AM","May 30, 2025, 9:19 AM","","Incline Bench Press (Dumbbell)",,"Kg is per arm",1,"failure",34,8,,,
"Chest/Shoulder/Tricep","May 30, 2025, 7:58 AM","May 30, 2025, 9:19 AM","","Incline Bench Press (Dumbbell)",,"Kg is per arm",2,"failure",36,5,,,
"Chest/Shoulder/Tricep","May 30, 2025, 7:58 AM","May 30, 2025, 9:19 AM","","Lateral Raise (Cable)",,"",0,"warmup",3.75,10,,,
"Chest/Shoulder/Tricep","May 30, 2025, 7:58 AM","May 30, 2025, 9:19 AM","","Lateral Raise (Cable)",,"",1,"normal",5,12,,,
"Chest/Shoulder/Tricep","May 30, 2025, 7:58 AM","May 30, 2025, 9:19 AM","","Lateral Raise (Cable)",,"",2,"failure",6.25,8,,,
"Chest/Shoulder/Tricep","May 30, 2025, 7:58 AM","May 30, 2025, 9:19 AM","","Bench Press (Dumbbell)",,"Kg is per arm",0,"normal",34,6,,,
"Chest/Shoulder/Tricep","May 30, 2025, 7:58 AM","May 30, 2025, 9:19 AM","","Bench Press (Dumbbell)",,"Kg is per arm",1,"failure",38,4,,,
"Chest/Shoulder/Tricep","May 30, 2025, 7:58 AM","May 30, 2025, 9:19 AM","","Triceps Pushdown",,"Hardstuck",0,"normal",38.75,6,,,
"Chest/Shoulder/Tricep","May 30, 2025, 7:58 AM","May 30, 2025, 9:19 AM","","Triceps Pushdown",,"Hardstuck",1,"failure",41.25,5,,,
"Chest/Shoulder/Tricep","May 30, 2025, 7:58 AM","May 30, 2025, 9:19 AM","","Chest Fly (Machine)",,"",0,"warmup",80,8,,,
"Chest/Shoulder/Tricep","May 30, 2025, 7:58 AM","May 30, 2025, 9:19 AM","","Chest Fly (Machine)",,"",1,"normal",115,6,,,
"Legs","May 29, 2025, 8:02 AM","May 29, 2025, 9:22 AM","","Squat (Barbell)",,"Actually trying works wonders",0,"warmup",50,6,,,
"Legs","May 29, 2025, 8:02 AM","May 29, 2025, 9:22 AM","","Squat (Barbell)",,"Actually trying works wonders",1,"normal",80,6,,,
"Legs","May 29, 2025, 8:02 AM","May 29, 2025, 9:22 AM","","Squat (Barbell)",,"Actually trying works wonders",2,"failure",90,6,,,
"Legs","May 29, 2025, 8:02 AM","May 29, 2025, 9:22 AM","","Romanian Deadlift (Barbell)",,"",0,"warmup",50,10,,,
"Legs","May 29, 2025, 8:02 AM","May 29, 2025, 9:22 AM","","Romanian Deadlift (Barbell)",,"",1,"normal",110,6,,,
"Legs","May 29, 2025, 8:02 AM","May 29, 2025, 9:22 AM","","Romanian Deadlift (Barbell)",,"",2,"failure",115,5,,,
"Legs","May 29, 2025, 8:02 AM","May 29, 2025, 9:22 AM","","Seated Calf Raise",,"",0,"warmup",93,20,,,
"Legs","May 29, 2025, 8:02 AM","May 29, 2025, 9:22 AM","","Seated Calf Raise",,"",1,"normal",123,15,,,
"Legs","May 29, 2025, 8:02 AM","May 29, 2025, 9:22 AM","","Seated Calf Raise",,"",2,"failure",133,10,,,
"Legs","May 29, 2025, 8:02 AM","May 29, 2025, 9:22 AM","","Hip Adduction (Machine)",,"",0,"normal",80,10,,,
"Legs","May 29, 2025, 8:02 AM","May 29, 2025, 9:22 AM","","Hip Adduction (Machine)",,"",1,"failure",120,10,,,
"Legs","May 29, 2025, 8:02 AM","May 29, 2025, 9:22 AM","","Hip Adduction (Machine)",,"",2,"failure",130,7,,,
"Legs","May 29, 2025, 8:02 AM","May 29, 2025, 9:22 AM","","Leg Extension (Machine)",,"",0,"normal",60,8,,,
"Legs","May 29, 2025, 8:02 AM","May 29, 2025, 9:22 AM","","Leg Extension (Machine)",,"",1,"failure",75,10,,,
"Legs","May 29, 2025, 8:02 AM","May 29, 2025, 9:22 AM","","Leg Extension (Machine)",,"",2,"failure",80,9,,,
"Back/ Biceps","May 28, 2025, 8:00 AM","May 28, 2025, 9:19 AM","","Lat Pulldown (Cable)",,"",0,"warmup",70,10,,,
"Back/ Biceps","May 28, 2025, 8:00 AM","May 28, 2025, 9:19 AM","","Lat Pulldown (Cable)",,"",1,"failure",90,7,,,
"Back/ Biceps","May 28, 2025, 8:00 AM","May 28, 2025, 9:19 AM","","Lat Pulldown (Cable)",,"",2,"failure",100,4,,,
"Back/ Biceps","May 28, 2025, 8:00 AM","May 28, 2025, 9:19 AM","","Hammer Curl (Dumbbell)",,"Per arm",0,"warmup",16,8,,,
"Back/ Biceps","May 28, 2025, 8:00 AM","May 28, 2025, 9:19 AM","","Hammer Curl (Dumbbell)",,"Per arm",1,"failure",24,7,,,
"Back/ Biceps","May 28, 2025, 8:00 AM","May 28, 2025, 9:19 AM","","Hammer Curl (Dumbbell)",,"Per arm",2,"failure",24,5,,,
"Back/ Biceps","May 28, 2025, 8:00 AM","May 28, 2025, 9:19 AM","","Back Extension (Weighted Hyperextension)",,"Incredibly annoying to progress",0,"warmup",20,8,,,
"Back/ Biceps","May 28, 2025, 8:00 AM","May 28, 2025, 9:19 AM","","Back Extension (Weighted Hyperextension)",,"Incredibly annoying to progress",1,"normal",30,8,,,
"Back/ Biceps","May 28, 2025, 8:00 AM","May 28, 2025, 9:19 AM","","Back Extension (Weighted Hyperextension)",,"Incredibly annoying to progress",2,"failure",40,5,,,
"Back/ Biceps","May 28, 2025, 8:00 AM","May 28, 2025, 9:19 AM","","Seated Cable Row - Bar Grip",,"Mag grip",0,"warmup",60,8,,,
"Back/ Biceps","May 28, 2025, 8:00 AM","May 28, 2025, 9:19 AM","","Seated Cable Row - Bar Grip",,"Mag grip",1,"normal",70,8,,,
"Back/ Biceps","May 28, 2025, 8:00 AM","May 28, 2025, 9:19 AM","","Seated Cable Row - Bar Grip",,"Mag grip",2,"failure",90,6,,,
"Back/ Biceps","May 28, 2025, 8:00 AM","May 28, 2025, 9:19 AM","","Single Arm Preacher Curl (Machine)",,"",0,"warmup",20,8,,,
"Back/ Biceps","May 28, 2025, 8:00 AM","May 28, 2025, 9:19 AM","","Single Arm Preacher Curl (Machine)",,"",1,"failure",35,7,,,
"Back/ Biceps","May 28, 2025, 8:00 AM","May 28, 2025, 9:19 AM","","Single Arm Preacher Curl (Machine)",,"",2,"failure",37.5,5,,,
"Chest/Shoulder/Tricep","May 26, 2025, 9:02 AM","May 26, 2025, 10:17 AM","","Incline Bench Press (Dumbbell)",,"Per arm",0,"warmup",20,8,,,
"Chest/Shoulder/Tricep","May 26, 2025, 9:02 AM","May 26, 2025, 10:17 AM","","Incline Bench Press (Dumbbell)",,"Per arm",1,"failure",34,9,,,
"Chest/Shoulder/Tricep","May 26, 2025, 9:02 AM","May 26, 2025, 10:17 AM","","Incline Bench Press (Dumbbell)",,"Per arm",2,"failure",36,5,,,
"Chest/Shoulder/Tricep","May 26, 2025, 9:02 AM","May 26, 2025, 10:17 AM","","Lateral Raise (Cable)",,"",0,"warmup",3.75,10,,,
"Chest/Shoulder/Tricep","May 26, 2025, 9:02 AM","May 26, 2025, 10:17 AM","","Lateral Raise (Cable)",,"",1,"normal",5,10,,,
"Chest/Shoulder/Tricep","May 26, 2025, 9:02 AM","May 26, 2025, 10:17 AM","","Lateral Raise (Cable)",,"",2,"failure",6.25,8,,,
"Chest/Shoulder/Tricep","May 26, 2025, 9:02 AM","May 26, 2025, 10:17 AM","","Bench Press (Dumbbell)",,"Per arm - nearly dropped the w on my chest 2nd set, had to abandon ship",0,"failure",34,8,,,
"Chest/Shoulder/Tricep","May 26, 2025, 9:02 AM","May 26, 2025, 10:17 AM","","Bench Press (Dumbbell)",,"Per arm - nearly dropped the w on my chest 2nd set, had to abandon ship",1,"normal",38,1,,,
"Chest/Shoulder/Tricep","May 26, 2025, 9:02 AM","May 26, 2025, 10:17 AM","","Triceps Pushdown",,"",0,"normal",36.25,10,,,
"Chest/Shoulder/Tricep","May 26, 2025, 9:02 AM","May 26, 2025, 10:17 AM","","Triceps Pushdown",,"",1,"failure",41.25,7,,,
"Chest/Shoulder/Tricep","May 26, 2025, 9:02 AM","May 26, 2025, 10:17 AM","","Chest Fly (Machine)",,"Coming back from shoulder pain",0,"warmup",80,10,,,
"Chest/Shoulder/Tricep","May 26, 2025, 9:02 AM","May 26, 2025, 10:17 AM","","Chest Fly (Machine)",,"Coming back from shoulder pain",1,"failure",100,8,,,
"Legs","May 25, 2025, 11:10 AM","May 25, 2025, 12:38 PM","Gonna convert app","Seated Calf Raise",,"",0,"warmup",93,20,,,
"Legs","May 25, 2025, 11:10 AM","May 25, 2025, 12:38 PM","Gonna convert app","Seated Calf Raise",,"",1,"normal",113,15,,,
"Legs","May 25, 2025, 11:10 AM","May 25, 2025, 12:38 PM","Gonna convert app","Seated Calf Raise",,"",2,"failure",133,10,,,
"Legs","May 25, 2025, 11:10 AM","May 25, 2025, 12:38 PM","Gonna convert app","Leg Press (Machine)",,"",0,"warmup",147,10,,,
"Legs","May 25, 2025, 11:10 AM","May 25, 2025, 12:38 PM","Gonna convert app","Leg Press (Machine)",,"",1,"normal",247,8,,,
"Legs","May 25, 2025, 11:10 AM","May 25, 2025, 12:38 PM","Gonna convert app","Leg Press (Machine)",,"",2,"failure",297,9,,,
"Legs","May 25, 2025, 11:10 AM","May 25, 2025, 12:38 PM","Gonna convert app","Romanian Deadlift (Barbell)",,"",0,"warmup",50,10,,,
"Legs","May 25, 2025, 11:10 AM","May 25, 2025, 12:38 PM","Gonna convert app","Romanian Deadlift (Barbell)",,"",1,"normal",110,6,,,
"Legs","May 25, 2025, 11:10 AM","May 25, 2025, 12:38 PM","Gonna convert app","Romanian Deadlift (Barbell)",,"",2,"failure",115,5,,,
"Legs","May 25, 2025, 11:10 AM","May 25, 2025, 12:38 PM","Gonna convert app","Hip Adduction (Machine)",,"",0,"failure",115,9,,,
"Legs","May 25, 2025, 11:10 AM","May 25, 2025, 12:38 PM","Gonna convert app","Leg Extension (Machine)",,"Single leg",0,"normal",60,8,,,
"Legs","May 25, 2025, 11:10 AM","May 25, 2025, 12:38 PM","Gonna convert app","Leg Extension (Machine)",,"Single leg",1,"failure",75,9,,,
"Legs","May 25, 2025, 11:10 AM","May 25, 2025, 12:38 PM","Gonna convert app","Leg Extension (Machine)",,"Single leg",2,"failure",80,7,,,
"Back/ Biceps","May 24, 2025, 9:07 AM","May 24, 2025, 10:19 AM","","Lat Pulldown (Cable)",,"Grip a lil wider",0,"normal",70,12,,,
"Back/ Biceps","May 24, 2025, 9:07 AM","May 24, 2025, 10:19 AM","","Lat Pulldown (Cable)",,"Grip a lil wider",1,"failure",90,7,,,
"Back/ Biceps","May 24, 2025, 9:07 AM","May 24, 2025, 10:19 AM","","Lat Pulldown (Cable)",,"Grip a lil wider",2,"failure",100,4,,,
"Back/ Biceps","May 24, 2025, 9:07 AM","May 24, 2025, 10:19 AM","","Hammer Curl (Dumbbell)",,"Per arm",0,"warmup",16,6,,,
"Back/ Biceps","May 24, 2025, 9:07 AM","May 24, 2025, 10:19 AM","","Hammer Curl (Dumbbell)",,"Per arm",1,"failure",24,8,,,
"Back/ Biceps","May 24, 2025, 9:07 AM","May 24, 2025, 10:19 AM","","Hammer Curl (Dumbbell)",,"Per arm",2,"failure",26,5,,,
"Back/ Biceps","May 24, 2025, 9:07 AM","May 24, 2025, 10:19 AM","","Back Extension (Weighted Hyperextension)",,"",0,"normal",15,10,,,
"Back/ Biceps","May 24, 2025, 9:07 AM","May 24, 2025, 10:19 AM","","Back Extension (Weighted Hyperextension)",,"",1,"normal",25,8,,,
"Back/ Biceps","May 24, 2025, 9:07 AM","May 24, 2025, 10:19 AM","","Back Extension (Weighted Hyperextension)",,"",2,"failure",30,10,,,
"Back/ Biceps","May 24, 2025, 9:07 AM","May 24, 2025, 10:19 AM","","Chest Supported Row",,"Ensuring form is good for optimal gains",0,"warmup",91,10,,,
"Back/ Biceps","May 24, 2025, 9:07 AM","May 24, 2025, 10:19 AM","","Chest Supported Row",,"Ensuring form is good for optimal gains",1,"normal",161,12,,,
"Back/ Biceps","May 24, 2025, 9:07 AM","May 24, 2025, 10:19 AM","","Chest Supported Row",,"Ensuring form is good for optimal gains",2,"failure",181,10,,,
"Back/ Biceps","May 24, 2025, 9:07 AM","May 24, 2025, 10:19 AM","","Rear Delt Reverse Fly (Machine)",,"",0,"normal",70,10,,,
"Back/ Biceps","May 24, 2025, 9:07 AM","May 24, 2025, 10:19 AM","","Single Arm Preacher Curl (Machine)",,"",0,"warmup",20,8,,,
"Back/ Biceps","May 24, 2025, 9:07 AM","May 24, 2025, 10:19 AM","","Single Arm Preacher Curl (Machine)",,"",1,"failure",35,7,,,
"Back/ Biceps","May 24, 2025, 9:07 AM","May 24, 2025, 10:19 AM","","Single Arm Preacher Curl (Machine)",,"",2,"failure",37.5,5,,,
"Chest/Shoulder/Tricep","May 23, 2025, 2:01 PM","May 23, 2025, 3:15 PM","","Incline Bench Press (Dumbbell)",,"Per arm - finally went up on top set",0,"warmup",20,8,,,
"Chest/Shoulder/Tricep","May 23, 2025, 2:01 PM","May 23, 2025, 3:15 PM","","Incline Bench Press (Dumbbell)",,"Per arm - finally went up on top set",1,"normal",34,6,,,
"Chest/Shoulder/Tricep","May 23, 2025, 2:01 PM","May 23, 2025, 3:15 PM","","Incline Bench Press (Dumbbell)",,"Per arm - finally went up on top set",2,"failure",36,5,,,
"Chest/Shoulder/Tricep","May 23, 2025, 2:01 PM","May 23, 2025, 3:15 PM","","Lateral Raise (Cable)",,"",0,"normal",3.75,12,,,
"Chest/Shoulder/Tricep","May 23, 2025, 2:01 PM","May 23, 2025, 3:15 PM","","Lateral Raise (Cable)",,"",1,"normal",5,12,,,
"Chest/Shoulder/Tricep","May 23, 2025, 2:01 PM","May 23, 2025, 3:15 PM","","Lateral Raise (Cable)",,"",2,"failure",6.25,6,,,
"Chest/Shoulder/Tricep","May 23, 2025, 2:01 PM","May 23, 2025, 3:15 PM","","Bench Press (Dumbbell)",,"Per arm",0,"failure",34,8,,,
"Chest/Shoulder/Tricep","May 23, 2025, 2:01 PM","May 23, 2025, 3:15 PM","","Bench Press (Dumbbell)",,"Per arm",1,"failure",38,3,,,
"Chest/Shoulder/Tricep","May 23, 2025, 2:01 PM","May 23, 2025, 3:15 PM","","Triceps Pushdown",,"",0,"normal",38.75,8,,,
"Chest/Shoulder/Tricep","May 23, 2025, 2:01 PM","May 23, 2025, 3:15 PM","","Triceps Pushdown",,"",1,"failure",41.25,7,,,
"Chest/Shoulder/Tricep","May 23, 2025, 2:01 PM","May 23, 2025, 3:15 PM","","Bench Press (Barbell)",,"",0,"normal",20,100,,,
"Legs","May 22, 2025, 9:03 AM","May 22, 2025, 10:16 AM","","Seated Calf Raise",,"",0,"warmup",93,15,,,
"Legs","May 22, 2025, 9:03 AM","May 22, 2025, 10:16 AM","","Seated Calf Raise",,"",1,"normal",103,15,,,
"Legs","May 22, 2025, 9:03 AM","May 22, 2025, 10:16 AM","","Seated Calf Raise",,"",2,"failure",123,12,,,
"Legs","May 22, 2025, 9:03 AM","May 22, 2025, 10:16 AM","","Romanian Deadlift (Barbell)",,"Could do more reps on 2nd set but saving for 3rd",0,"warmup",60,8,,,
"Legs","May 22, 2025, 9:03 AM","May 22, 2025, 10:16 AM","","Romanian Deadlift (Barbell)",,"Could do more reps on 2nd set but saving for 3rd",1,"normal",110,5,,,
"Legs","May 22, 2025, 9:03 AM","May 22, 2025, 10:16 AM","","Romanian Deadlift (Barbell)",,"Could do more reps on 2nd set but saving for 3rd",2,"failure",115,4,,,
"Legs","May 22, 2025, 9:03 AM","May 22, 2025, 10:16 AM","","Squat (Barbell)",,"Mid 2nd set + decent 3rd set - though could probs push a bit harder",0,"normal",60,6,,,
"Legs","May 22, 2025, 9:03 AM","May 22, 2025, 10:16 AM","","Squat (Barbell)",,"Mid 2nd set + decent 3rd set - though could probs push a bit harder",1,"normal",80,6,,,
"Legs","May 22, 2025, 9:03 AM","May 22, 2025, 10:16 AM","","Squat (Barbell)",,"Mid 2nd set + decent 3rd set - though could probs push a bit harder",2,"normal",90,4,,,
"Legs","May 22, 2025, 9:03 AM","May 22, 2025, 10:16 AM","","Leg Extension (Machine)",,"Single leg",0,"normal",60,8,,,
"Legs","May 22, 2025, 9:03 AM","May 22, 2025, 10:16 AM","","Leg Extension (Machine)",,"Single leg",1,"failure",70,10,,,
"Legs","May 22, 2025, 9:03 AM","May 22, 2025, 10:16 AM","","Hip Adduction (Machine)",,"",0,"normal",100,10,,,
"Legs","May 22, 2025, 9:03 AM","May 22, 2025, 10:16 AM","","Hip Adduction (Machine)",,"",1,"failure",120,5,,,
"Back/ Biceps","May 21, 2025, 8:02 AM","May 21, 2025, 9:17 AM","","Lat Pulldown (Cable)",,"",0,"normal",70,10,,,
"Back/ Biceps","May 21, 2025, 8:02 AM","May 21, 2025, 9:17 AM","","Lat Pulldown (Cable)",,"",1,"failure",90,8,,,
"Back/ Biceps","May 21, 2025, 8:02 AM","May 21, 2025, 9:17 AM","","Lat Pulldown (Cable)",,"",2,"failure",100,4,,,
"Back/ Biceps","May 21, 2025, 8:02 AM","May 21, 2025, 9:17 AM","","Hammer Curl (Dumbbell)",,"Per arm",0,"warmup",16,8,,,
"Back/ Biceps","May 21, 2025, 8:02 AM","May 21, 2025, 9:17 AM","","Hammer Curl (Dumbbell)",,"Per arm",1,"failure",24,5,,,
"Back/ Biceps","May 21, 2025, 8:02 AM","May 21, 2025, 9:17 AM","","Hammer Curl (Dumbbell)",,"Per arm",2,"failure",26,4,,,
"Back/ Biceps","May 21, 2025, 8:02 AM","May 21, 2025, 9:17 AM","","Back Extension (Weighted Hyperextension)",,"",0,"normal",10,10,,,
"Back/ Biceps","May 21, 2025, 8:02 AM","May 21, 2025, 9:17 AM","","Back Extension (Weighted Hyperextension)",,"",1,"normal",25,10,,,
"Back/ Biceps","May 21, 2025, 8:02 AM","May 21, 2025, 9:17 AM","","Back Extension (Weighted Hyperextension)",,"",2,"failure",30,8,,,
"Back/ Biceps","May 21, 2025, 8:02 AM","May 21, 2025, 9:17 AM","","Chest Supported Row",,"",0,"warmup",91,10,,,
"Back/ Biceps","May 21, 2025, 8:02 AM","May 21, 2025, 9:17 AM","","Chest Supported Row",,"",1,"normal",161,10,,,
"Back/ Biceps","May 21, 2025, 8:02 AM","May 21, 2025, 9:17 AM","","Chest Supported Row",,"",2,"failure",181,7,,,
"Back/ Biceps","May 21, 2025, 8:02 AM","May 21, 2025, 9:17 AM","","Rear Delt Reverse Fly (Cable)",,"Filler",0,"normal",5,8,,,
"Back/ Biceps","May 21, 2025, 8:02 AM","May 21, 2025, 9:17 AM","","Single Arm Preacher Curl (Machine)",,"",0,"warmup",20,8,,,
"Back/ Biceps","May 21, 2025, 8:02 AM","May 21, 2025, 9:17 AM","","Single Arm Preacher Curl (Machine)",,"",1,"failure",32.5,8,,,
"Back/ Biceps","May 21, 2025, 8:02 AM","May 21, 2025, 9:17 AM","","Single Arm Preacher Curl (Machine)",,"",2,"failure",35,5,,,
"Chest/Shoulder/Tricep","May 20, 2025, 9:04 AM","May 20, 2025, 10:19 AM","","Incline Bench Press (Dumbbell)",,"Per arm",0,"warmup",20,10,,,
"Chest/Shoulder/Tricep","May 20, 2025, 9:04 AM","May 20, 2025, 10:19 AM","","Incline Bench Press (Dumbbell)",,"Per arm",1,"failure",34,7,,,
"Chest/Shoulder/Tricep","May 20, 2025, 9:04 AM","May 20, 2025, 10:19 AM","","Incline Bench Press (Dumbbell)",,"Per arm",2,"failure",36,4,,,
"Chest/Shoulder/Tricep","May 20, 2025, 9:04 AM","May 20, 2025, 10:19 AM","","Lateral Raise (Cable)",,"",0,"normal",2.5,12,,,
"Chest/Shoulder/Tricep","May 20, 2025, 9:04 AM","May 20, 2025, 10:19 AM","","Lateral Raise (Cable)",,"",1,"normal",5,12,,,
"Chest/Shoulder/Tricep","May 20, 2025, 9:04 AM","May 20, 2025, 10:19 AM","","Lateral Raise (Cable)",,"",2,"failure",5,12,,,
"Chest/Shoulder/Tricep","May 20, 2025, 9:04 AM","May 20, 2025, 10:19 AM","","Bench Press (Dumbbell)",,"Per arm",0,"failure",34,8,,,
"Chest/Shoulder/Tricep","May 20, 2025, 9:04 AM","May 20, 2025, 10:19 AM","","Bench Press (Dumbbell)",,"Per arm",1,"failure",38,3,,,
"Chest/Shoulder/Tricep","May 20, 2025, 9:04 AM","May 20, 2025, 10:19 AM","","Triceps Pushdown",,"",0,"normal",36.25,9,,,
"Chest/Shoulder/Tricep","May 20, 2025, 9:04 AM","May 20, 2025, 10:19 AM","","Triceps Pushdown",,"",1,"failure",41.25,6,,,
"Chest/Shoulder/Tricep","May 20, 2025, 9:04 AM","May 20, 2025, 10:19 AM","","Chest Fly (Machine)",,"Cut out a bit of the rom cuz it hurts shoulder",0,"normal",60,12,,,
"Chest/Shoulder/Tricep","May 20, 2025, 9:04 AM","May 20, 2025, 10:19 AM","","Chest Fly (Machine)",,"Cut out a bit of the rom cuz it hurts shoulder",1,"normal",80,10,,,
"Back/ Biceps","May 18, 2025, 11:14 AM","May 18, 2025, 12:26 PM","","Lat Pulldown (Cable)",,"",0,"normal",68,8,,,
"Back/ Biceps","May 18, 2025, 11:14 AM","May 18, 2025, 12:26 PM","","Lat Pulldown (Cable)",,"",1,"failure",89,7,,,
"Back/ Biceps","May 18, 2025, 11:14 AM","May 18, 2025, 12:26 PM","","Lat Pulldown (Cable)",,"",2,"failure",96,3,,,
"Back/ Biceps","May 18, 2025, 11:14 AM","May 18, 2025, 12:26 PM","","Hammer Curl (Dumbbell)",,"Per arm",0,"warmup",16,8,,,
"Back/ Biceps","May 18, 2025, 11:14 AM","May 18, 2025, 12:26 PM","","Hammer Curl (Dumbbell)",,"Per arm",1,"failure",24,5,,,
"Back/ Biceps","May 18, 2025, 11:14 AM","May 18, 2025, 12:26 PM","","Hammer Curl (Dumbbell)",,"Per arm",2,"failure",26,4,,,
"Back/ Biceps","May 18, 2025, 11:14 AM","May 18, 2025, 12:26 PM","","Back Extension (Weighted Hyperextension)",,"",0,"normal",10,10,,,
"Back/ Biceps","May 18, 2025, 11:14 AM","May 18, 2025, 12:26 PM","","Back Extension (Weighted Hyperextension)",,"",1,"normal",25,10,,,
"Back/ Biceps","May 18, 2025, 11:14 AM","May 18, 2025, 12:26 PM","","Back Extension (Weighted Hyperextension)",,"",2,"failure",30,6,,,
"Back/ Biceps","May 18, 2025, 11:14 AM","May 18, 2025, 12:26 PM","","Seated Cable Row - Bar Grip",,"",0,"warmup",50,10,,,
"Back/ Biceps","May 18, 2025, 11:14 AM","May 18, 2025, 12:26 PM","","Seated Cable Row - Bar Grip",,"",1,"normal",60,8,,,
"Back/ Biceps","May 18, 2025, 11:14 AM","May 18, 2025, 12:26 PM","","Single Arm Preacher Curl (Machine)",,"",0,"warmup",20,10,,,
"Back/ Biceps","May 18, 2025, 11:14 AM","May 18, 2025, 12:26 PM","","Single Arm Preacher Curl (Machine)",,"",1,"normal",32.5,6,,,
"Back/ Biceps","May 18, 2025, 11:14 AM","May 18, 2025, 12:26 PM","","Single Arm Preacher Curl (Machine)",,"",2,"failure",35,5,,,
"Chest/Shoulder/Tricep","May 16, 2025, 8:59 AM","May 16, 2025, 10:39 AM","","Incline Bench Press (Dumbbell)",,"Per arm",0,"warmup",20,10,,,
"Chest/Shoulder/Tricep","May 16, 2025, 8:59 AM","May 16, 2025, 10:39 AM","","Incline Bench Press (Dumbbell)",,"Per arm",1,"failure",34,7,,,
"Chest/Shoulder/Tricep","May 16, 2025, 8:59 AM","May 16, 2025, 10:39 AM","","Incline Bench Press (Dumbbell)",,"Per arm",2,"failure",36,4,,,
"Chest/Shoulder/Tricep","May 16, 2025, 8:59 AM","May 16, 2025, 10:39 AM","","Lateral Raise (Cable)",,"",0,"normal",3.75,12,,,
"Chest/Shoulder/Tricep","May 16, 2025, 8:59 AM","May 16, 2025, 10:39 AM","","Lateral Raise (Cable)",,"",1,"normal",5,12,,,
"Chest/Shoulder/Tricep","May 16, 2025, 8:59 AM","May 16, 2025, 10:39 AM","","Lateral Raise (Cable)",,"",2,"failure",5,11,,,
"Chest/Shoulder/Tricep","May 16, 2025, 8:59 AM","May 16, 2025, 10:39 AM","","Bench Press (Dumbbell)",,"Per arm",0,"failure",34,7,,,
"Chest/Shoulder/Tricep","May 16, 2025, 8:59 AM","May 16, 2025, 10:39 AM","","Bench Press (Dumbbell)",,"Per arm",1,"failure",36,5,,,
"Chest/Shoulder/Tricep","May 16, 2025, 8:59 AM","May 16, 2025, 10:39 AM","","Triceps Pushdown",,"",0,"failure",38.75,8,,,
"Chest/Shoulder/Tricep","May 16, 2025, 8:59 AM","May 16, 2025, 10:39 AM","","Triceps Pushdown",,"",1,"failure",41.25,5,,,
"Chest/Shoulder/Tricep","May 16, 2025, 8:59 AM","May 16, 2025, 10:39 AM","","Triceps Pushdown",,"",2,"failure",43.75,3,,,
"Chest/Shoulder/Tricep","May 16, 2025, 8:59 AM","May 16, 2025, 10:39 AM","","Rear Delt Reverse Fly (Cable)",,"",0,"warmup",3.75,10,,,
"Chest/Shoulder/Tricep","May 16, 2025, 8:59 AM","May 16, 2025, 10:39 AM","","Rear Delt Reverse Fly (Cable)",,"",1,"failure",6.25,10,,,
"Chest/Shoulder/Tricep","May 16, 2025, 8:59 AM","May 16, 2025, 10:39 AM","","Tricep Extension (Cable)",,"",0,"normal",26.25,10,,,
"Chest/Shoulder/Tricep","May 16, 2025, 8:59 AM","May 16, 2025, 10:39 AM","","Tricep Extension (Cable)",,"",1,"failure",38.75,8,,,
"Legs","May 15, 2025, 9:01 AM","May 15, 2025, 10:16 AM","","Squat (Barbell)",,"Better rom but not to failure rpe ~ 7",0,"warmup",20,8,,,
"Legs","May 15, 2025, 9:01 AM","May 15, 2025, 10:16 AM","","Squat (Barbell)",,"Better rom but not to failure rpe ~ 7",1,"normal",50,8,,,
"Legs","May 15, 2025, 9:01 AM","May 15, 2025, 10:16 AM","","Squat (Barbell)",,"Better rom but not to failure rpe ~ 7",2,"normal",80,8,,,
"Legs","May 15, 2025, 9:01 AM","May 15, 2025, 10:16 AM","","Squat (Barbell)",,"Better rom but not to failure rpe ~ 7",3,"normal",90,3,,,
"Legs","May 15, 2025, 9:01 AM","May 15, 2025, 10:16 AM","","Romanian Deadlift (Barbell)",,"",0,"warmup",60,8,,,
"Legs","May 15, 2025, 9:01 AM","May 15, 2025, 10:16 AM","","Romanian Deadlift (Barbell)",,"",1,"failure",110,7,,,
"Legs","May 15, 2025, 9:01 AM","May 15, 2025, 10:16 AM","","Romanian Deadlift (Barbell)",,"",2,"failure",115,4,,,
"Legs","May 15, 2025, 9:01 AM","May 15, 2025, 10:16 AM","","Seated Calf Raise",,"",0,"warmup",73,15,,,
"Legs","May 15, 2025, 9:01 AM","May 15, 2025, 10:16 AM","","Seated Calf Raise",,"",1,"normal",113,15,,,
"Legs","May 15, 2025, 9:01 AM","May 15, 2025, 10:16 AM","","Seated Calf Raise",,"",2,"failure",123,12,,,
"Legs","May 15, 2025, 9:01 AM","May 15, 2025, 10:16 AM","","Hip Adduction (Machine)",,"",0,"failure",115,6,,,
"Legs","May 15, 2025, 9:01 AM","May 15, 2025, 10:16 AM","","Leg Extension (Machine)",,"Single leg",0,"normal",50,10,,,
"Legs","May 15, 2025, 9:01 AM","May 15, 2025, 10:16 AM","","Leg Extension (Machine)",,"Single leg",1,"failure",70,9,,,
"Legs","May 15, 2025, 9:01 AM","May 15, 2025, 10:16 AM","","Leg Extension (Machine)",,"Single leg",2,"failure",80,6,,,
"Back/ Biceps","May 14, 2025, 9:01 AM","May 14, 2025, 10:21 AM","","Lat Pulldown (Cable)",,"Tried pullups and right shoulder in pain",0,"normal",60,8,,,
"Back/ Biceps","May 14, 2025, 9:01 AM","May 14, 2025, 10:21 AM","","Lat Pulldown (Cable)",,"Tried pullups and right shoulder in pain",1,"normal",80,9,,,
"Back/ Biceps","May 14, 2025, 9:01 AM","May 14, 2025, 10:21 AM","","Lat Pulldown (Cable)",,"Tried pullups and right shoulder in pain",2,"failure",90,6,,,
"Back/ Biceps","May 14, 2025, 9:01 AM","May 14, 2025, 10:21 AM","","Hammer Curl (Dumbbell)",,"",0,"warmup",16,8,,,
"Back/ Biceps","May 14, 2025, 9:01 AM","May 14, 2025, 10:21 AM","","Hammer Curl (Dumbbell)",,"",1,"failure",24,6,,,
"Back/ Biceps","May 14, 2025, 9:01 AM","May 14, 2025, 10:21 AM","","Hammer Curl (Dumbbell)",,"",2,"failure",26,4,,,
"Back/ Biceps","May 14, 2025, 9:01 AM","May 14, 2025, 10:21 AM","","Back Extension (Weighted Hyperextension)",,"",0,"normal",10,10,,,
"Back/ Biceps","May 14, 2025, 9:01 AM","May 14, 2025, 10:21 AM","","Back Extension (Weighted Hyperextension)",,"",1,"normal",20,10,,,
"Back/ Biceps","May 14, 2025, 9:01 AM","May 14, 2025, 10:21 AM","","Back Extension (Weighted Hyperextension)",,"",2,"failure",25,7,,,
"Back/ Biceps","May 14, 2025, 9:01 AM","May 14, 2025, 10:21 AM","","Chest Supported Row",,"Going down for better form (?)",0,"warmup",101,10,,,
"Back/ Biceps","May 14, 2025, 9:01 AM","May 14, 2025, 10:21 AM","","Chest Supported Row",,"Going down for better form (?)",1,"failure",161,10,,,
"Back/ Biceps","May 14, 2025, 9:01 AM","May 14, 2025, 10:21 AM","","Chest Supported Row",,"Going down for better form (?)",2,"failure",181,6,,,
"Back/ Biceps","May 14, 2025, 9:01 AM","May 14, 2025, 10:21 AM","","Single Arm Preacher Curl (Machine)",,"",0,"warmup",20,10,,,
"Back/ Biceps","May 14, 2025, 9:01 AM","May 14, 2025, 10:21 AM","","Single Arm Preacher Curl (Machine)",,"",1,"failure",32.5,8,,,
"Back/ Biceps","May 14, 2025, 9:01 AM","May 14, 2025, 10:21 AM","","Single Arm Preacher Curl (Machine)",,"",2,"failure",35,4,,,
"Chest/Shoulder/Tricep","May 13, 2025, 8:56 AM","May 13, 2025, 10:05 AM","","Incline Bench Press (Dumbbell)",,"Per arm",0,"warmup",20,10,,,
"Chest/Shoulder/Tricep","May 13, 2025, 8:56 AM","May 13, 2025, 10:05 AM","","Incline Bench Press (Dumbbell)",,"Per arm",1,"failure",34,6,,,
"Chest/Shoulder/Tricep","May 13, 2025, 8:56 AM","May 13, 2025, 10:05 AM","","Incline Bench Press (Dumbbell)",,"Per arm",2,"failure",36,4,,,
"Chest/Shoulder/Tricep","May 13, 2025, 8:56 AM","May 13, 2025, 10:05 AM","","Lateral Raise (Cable)",,"",0,"normal",3.75,12,,,
"Chest/Shoulder/Tricep","May 13, 2025, 8:56 AM","May 13, 2025, 10:05 AM","","Lateral Raise (Cable)",,"",1,"normal",5,12,,,
"Chest/Shoulder/Tricep","May 13, 2025, 8:56 AM","May 13, 2025, 10:05 AM","","Lateral Raise (Cable)",,"",2,"failure",5,8,,,
"Chest/Shoulder/Tricep","May 13, 2025, 8:56 AM","May 13, 2025, 10:05 AM","","Bench Press (Dumbbell)",,"Per arm",0,"failure",34,7,,,
"Chest/Shoulder/Tricep","May 13, 2025, 8:56 AM","May 13, 2025, 10:05 AM","","Bench Press (Dumbbell)",,"Per arm",1,"failure",36,4,,,
"Chest/Shoulder/Tricep","May 13, 2025, 8:56 AM","May 13, 2025, 10:05 AM","","Triceps Pushdown",,"",0,"failure",38.75,8,,,
"Chest/Shoulder/Tricep","May 13, 2025, 8:56 AM","May 13, 2025, 10:05 AM","","Triceps Pushdown",,"",1,"failure",41.25,5,,,
"Legs","May 11, 2025, 11:10 AM","May 11, 2025, 12:19 PM","","Leg Press (Machine)",,"",0,"warmup",147,10,,,
"Legs","May 11, 2025, 11:10 AM","May 11, 2025, 12:19 PM","","Leg Press (Machine)",,"",1,"normal",247,6,,,
"Legs","May 11, 2025, 11:10 AM","May 11, 2025, 12:19 PM","","Leg Press (Machine)",,"",2,"normal",297,8,,,
"Legs","May 11, 2025, 11:10 AM","May 11, 2025, 12:19 PM","","Romanian Deadlift (Barbell)",,"Strap fest on gohd",0,"normal",60,8,,,
"Legs","May 11, 2025, 11:10 AM","May 11, 2025, 12:19 PM","","Romanian Deadlift (Barbell)",,"Strap fest on gohd",1,"failure",100,8,,,
"Legs","May 11, 2025, 11:10 AM","May 11, 2025, 12:19 PM","","Romanian Deadlift (Barbell)",,"Strap fest on gohd",2,"failure",110,6,,,
"Legs","May 11, 2025, 11:10 AM","May 11, 2025, 12:19 PM","","Seated Calf Raise",,"Permenant calf cramp",0,"warmup",73,15,,,
"Legs","May 11, 2025, 11:10 AM","May 11, 2025, 12:19 PM","","Seated Calf Raise",,"Permenant calf cramp",1,"normal",93,15,,,
"Legs","May 11, 2025, 11:10 AM","May 11, 2025, 12:19 PM","","Seated Calf Raise",,"Permenant calf cramp",2,"normal",103,12,,,
"Legs","May 11, 2025, 11:10 AM","May 11, 2025, 12:19 PM","","Bench Press (Barbell)",,"Filler",0,"normal",40,32,,,
"Legs","May 11, 2025, 11:10 AM","May 11, 2025, 12:19 PM","","Hip Adduction (Machine)",,"",0,"normal",80,12,,,
"Legs","May 11, 2025, 11:10 AM","May 11, 2025, 12:19 PM","","Leg Extension (Machine)",,"Single leg",0,"normal",50,12,,,
"Legs","May 11, 2025, 11:10 AM","May 11, 2025, 12:19 PM","","Leg Extension (Machine)",,"Single leg",1,"failure",60,11,,,
"Legs","May 11, 2025, 11:10 AM","May 11, 2025, 12:19 PM","","Leg Extension (Machine)",,"Single leg",2,"failure",75,7,,,
"Back/ Biceps","May 10, 2025, 8:58 AM","May 10, 2025, 10:24 AM","","Hammer Curl (Dumbbell)",,"",0,"warmup",16,8,,,
"Back/ Biceps","May 10, 2025, 8:58 AM","May 10, 2025, 10:24 AM","","Hammer Curl (Dumbbell)",,"",1,"failure",24,7,,,
"Back/ Biceps","May 10, 2025, 8:58 AM","May 10, 2025, 10:24 AM","","Hammer Curl (Dumbbell)",,"",2,"failure",26,4,,,
"Back/ Biceps","May 10, 2025, 8:58 AM","May 10, 2025, 10:24 AM","","Lat Pulldown (Cable)",,"L falloff",0,"normal",68,8,,,
"Back/ Biceps","May 10, 2025, 8:58 AM","May 10, 2025, 10:24 AM","","Lat Pulldown (Cable)",,"L falloff",1,"failure",89,7,,,
"Back/ Biceps","May 10, 2025, 8:58 AM","May 10, 2025, 10:24 AM","","Lat Pulldown (Cable)",,"L falloff",2,"failure",96,4,,,
"Back/ Biceps","May 10, 2025, 8:58 AM","May 10, 2025, 10:24 AM","","Chest Supported Row",,"Hardstuck = change row?",0,"warmup",91,10,,,
"Back/ Biceps","May 10, 2025, 8:58 AM","May 10, 2025, 10:24 AM","","Chest Supported Row",,"Hardstuck = change row?",1,"failure",181,7,,,
"Back/ Biceps","May 10, 2025, 8:58 AM","May 10, 2025, 10:24 AM","","Chest Supported Row",,"Hardstuck = change row?",2,"failure",191,4,,,
"Back/ Biceps","May 10, 2025, 8:58 AM","May 10, 2025, 10:24 AM","","Rear Delt Reverse Fly (Machine)",,"",0,"warmup",50,10,,,
"Back/ Biceps","May 10, 2025, 8:58 AM","May 10, 2025, 10:24 AM","","Rear Delt Reverse Fly (Machine)",,"",1,"failure",75,10,,,
"Back/ Biceps","May 10, 2025, 8:58 AM","May 10, 2025, 10:24 AM","","Rear Delt Reverse Fly (Machine)",,"",2,"failure",85,4,,,
"Back/ Biceps","May 10, 2025, 8:58 AM","May 10, 2025, 10:24 AM","","Back Extension (Weighted Hyperextension)",,"Probs can do much more",0,"normal",10,10,,,
"Back/ Biceps","May 10, 2025, 8:58 AM","May 10, 2025, 10:24 AM","","Back Extension (Weighted Hyperextension)",,"Probs can do much more",1,"normal",20,10,,,
"Back/ Biceps","May 10, 2025, 8:58 AM","May 10, 2025, 10:24 AM","","Preacher Curl (Dumbbell)",,"First time - ts sucks",0,"normal",12,8,,,
"Back/ Biceps","May 10, 2025, 8:58 AM","May 10, 2025, 10:24 AM","","Preacher Curl (Dumbbell)",,"First time - ts sucks",1,"failure",14,8,,,
"Chest/Shoulder/Tricep","May 9, 2025, 8:54 AM","May 9, 2025, 10:00 AM","3 hours sleep doing wonders","Incline Bench Press (Dumbbell)",,"Per arm",0,"warmup",20,10,,,
"Chest/Shoulder/Tricep","May 9, 2025, 8:54 AM","May 9, 2025, 10:00 AM","3 hours sleep doing wonders","Incline Bench Press (Dumbbell)",,"Per arm",1,"failure",34,6,,,
"Chest/Shoulder/Tricep","May 9, 2025, 8:54 AM","May 9, 2025, 10:00 AM","3 hours sleep doing wonders","Incline Bench Press (Dumbbell)",,"Per arm",2,"failure",36,4,,,
"Chest/Shoulder/Tricep","May 9, 2025, 8:54 AM","May 9, 2025, 10:00 AM","3 hours sleep doing wonders","Lateral Raise (Cable)",,"",0,"normal",3.75,12,,,
"Chest/Shoulder/Tricep","May 9, 2025, 8:54 AM","May 9, 2025, 10:00 AM","3 hours sleep doing wonders","Lateral Raise (Cable)",,"",1,"failure",5,12,,,
"Chest/Shoulder/Tricep","May 9, 2025, 8:54 AM","May 9, 2025, 10:00 AM","3 hours sleep doing wonders","Lateral Raise (Cable)",,"",2,"failure",5,8,,,
"Chest/Shoulder/Tricep","May 9, 2025, 8:54 AM","May 9, 2025, 10:00 AM","3 hours sleep doing wonders","Bench Press (Dumbbell)",,"Per arm",0,"failure",34,7,,,
"Chest/Shoulder/Tricep","May 9, 2025, 8:54 AM","May 9, 2025, 10:00 AM","3 hours sleep doing wonders","Bench Press (Dumbbell)",,"Per arm",1,"failure",36,4,,,
"Chest/Shoulder/Tricep","May 9, 2025, 8:54 AM","May 9, 2025, 10:00 AM","3 hours sleep doing wonders","Triceps Pushdown",,"",0,"normal",28.75,10,,,
"Chest/Shoulder/Tricep","May 9, 2025, 8:54 AM","May 9, 2025, 10:00 AM","3 hours sleep doing wonders","Triceps Pushdown",,"",1,"failure",41.25,5,,,
"Chest/Shoulder/Tricep","May 9, 2025, 8:54 AM","May 9, 2025, 10:00 AM","3 hours sleep doing wonders","Chest Fly (Machine)",,"Attempted a 2nd set but shoulder acting up",0,"normal",80,10,,,
"Back/ Biceps","May 7, 2025, 3:59 PM","May 7, 2025, 5:21 PM","","Lat Pulldown (Cable)",,"",0,"normal",68,8,,,
"Back/ Biceps","May 7, 2025, 3:59 PM","May 7, 2025, 5:21 PM","","Lat Pulldown (Cable)",,"",1,"failure",89,8,,,
"Back/ Biceps","May 7, 2025, 3:59 PM","May 7, 2025, 5:21 PM","","Lat Pulldown (Cable)",,"",2,"failure",96,4,,,
"Back/ Biceps","May 7, 2025, 3:59 PM","May 7, 2025, 5:21 PM","","Hammer Curl (Dumbbell)",,"",0,"warmup",16,8,,,
"Back/ Biceps","May 7, 2025, 3:59 PM","May 7, 2025, 5:21 PM","","Hammer Curl (Dumbbell)",,"",1,"failure",22,10,,,
"Back/ Biceps","May 7, 2025, 3:59 PM","May 7, 2025, 5:21 PM","","Hammer Curl (Dumbbell)",,"",2,"failure",26,6,,,
"Back/ Biceps","May 7, 2025, 3:59 PM","May 7, 2025, 5:21 PM","","Back Extension (Weighted Hyperextension)",,"Form a bit diff",0,"normal",10,10,,,
"Back/ Biceps","May 7, 2025, 3:59 PM","May 7, 2025, 5:21 PM","","Back Extension (Weighted Hyperextension)",,"Form a bit diff",1,"normal",10,10,,,
"Back/ Biceps","May 7, 2025, 3:59 PM","May 7, 2025, 5:21 PM","","Chest Supported Row",,"",0,"warmup",91,10,,,
"Back/ Biceps","May 7, 2025, 3:59 PM","May 7, 2025, 5:21 PM","","Chest Supported Row",,"",1,"failure",171,9,,,
"Back/ Biceps","May 7, 2025, 3:59 PM","May 7, 2025, 5:21 PM","","Chest Supported Row",,"",2,"failure",181,7,,,
"Back/ Biceps","May 7, 2025, 3:59 PM","May 7, 2025, 5:21 PM","","Single Arm Preacher Curl (Machine)",,"",0,"warmup",20,10,,,
"Back/ Biceps","May 7, 2025, 3:59 PM","May 7, 2025, 5:21 PM","","Single Arm Preacher Curl (Machine)",,"",1,"failure",32.5,7,,,
"Back/ Biceps","May 7, 2025, 3:59 PM","May 7, 2025, 5:21 PM","","Single Arm Preacher Curl (Machine)",,"",2,"failure",35,4,,,
"Chest/Shoulder/Tricep","May 5, 2025, 7:57 AM","May 5, 2025, 9:12 AM","","Incline Bench Press (Dumbbell)",,"Per arm - minor gains",0,"warmup",20,10,,,
"Chest/Shoulder/Tricep","May 5, 2025, 7:57 AM","May 5, 2025, 9:12 AM","","Incline Bench Press (Dumbbell)",,"Per arm - minor gains",1,"failure",34,6,,,
"Chest/Shoulder/Tricep","May 5, 2025, 7:57 AM","May 5, 2025, 9:12 AM","","Incline Bench Press (Dumbbell)",,"Per arm - minor gains",2,"failure",36,3,,,
"Chest/Shoulder/Tricep","May 5, 2025, 7:57 AM","May 5, 2025, 9:12 AM","","Lateral Raise (Cable)",,"",0,"normal",3.75,12,,,
"Chest/Shoulder/Tricep","May 5, 2025, 7:57 AM","May 5, 2025, 9:12 AM","","Lateral Raise (Cable)",,"",1,"normal",5,12,,,
"Chest/Shoulder/Tricep","May 5, 2025, 7:57 AM","May 5, 2025, 9:12 AM","","Lateral Raise (Cable)",,"",2,"failure",5,10,,,
"Chest/Shoulder/Tricep","May 5, 2025, 7:57 AM","May 5, 2025, 9:12 AM","","Bench Press (Dumbbell)",,"Per arm - giggles on last set",0,"failure",34,6,,,
"Chest/Shoulder/Tricep","May 5, 2025, 7:57 AM","May 5, 2025, 9:12 AM","","Bench Press (Dumbbell)",,"Per arm - giggles on last set",1,"failure",36,3,,,
"Chest/Shoulder/Tricep","May 5, 2025, 7:57 AM","May 5, 2025, 9:12 AM","","Triceps Pushdown",,"",0,"failure",36.25,10,,,
"Chest/Shoulder/Tricep","May 5, 2025, 7:57 AM","May 5, 2025, 9:12 AM","","Triceps Pushdown",,"",1,"failure",43.75,1,,,
"Chest/Shoulder/Tricep","May 5, 2025, 7:57 AM","May 5, 2025, 9:12 AM","","Rear Delt Reverse Fly (Cable)",,"",0,"warmup",3.75,10,,,
"Chest/Shoulder/Tricep","May 5, 2025, 7:57 AM","May 5, 2025, 9:12 AM","","Chest Fly (Machine)",,"Big pain on last set",0,"normal",100,10,,,
"Chest/Shoulder/Tricep","May 5, 2025, 7:57 AM","May 5, 2025, 9:12 AM","","Chest Fly (Machine)",,"Big pain on last set",1,"failure",115,4,,,
"Back/ Biceps","May 4, 2025, 11:10 AM","May 4, 2025, 12:26 PM","","Pull Up (Assisted)",,"First time in ages",0,"normal",34.38,10,,,
"Back/ Biceps","May 4, 2025, 11:10 AM","May 4, 2025, 12:26 PM","","Pull Up (Assisted)",,"First time in ages",1,"failure",31.25,10,,,
"Back/ Biceps","May 4, 2025, 11:10 AM","May 4, 2025, 12:26 PM","","Pull Up (Assisted)",,"First time in ages",2,"failure",28.13,8,,,
"Back/ Biceps","May 4, 2025, 11:10 AM","May 4, 2025, 12:26 PM","","Hammer Curl (Dumbbell)",,"Per arm",0,"warmup",16,8,,,
"Back/ Biceps","May 4, 2025, 11:10 AM","May 4, 2025, 12:26 PM","","Hammer Curl (Dumbbell)",,"Per arm",1,"failure",22,8,,,
"Back/ Biceps","May 4, 2025, 11:10 AM","May 4, 2025, 12:26 PM","","Hammer Curl (Dumbbell)",,"Per arm",2,"failure",26,3,,,
"Back/ Biceps","May 4, 2025, 11:10 AM","May 4, 2025, 12:26 PM","","Seated Cable Row - Bar Wide Grip",,"",0,"warmup",35,6,,,
"Back/ Biceps","May 4, 2025, 11:10 AM","May 4, 2025, 12:26 PM","","Seated Cable Row - Bar Wide Grip",,"",1,"normal",60,12,,,
"Back/ Biceps","May 4, 2025, 11:10 AM","May 4, 2025, 12:26 PM","","Seated Cable Row - Bar Wide Grip",,"",2,"failure",80,8,,,
"Back/ Biceps","May 4, 2025, 11:10 AM","May 4, 2025, 12:26 PM","","Single Arm Preacher Curl (Machine)",,"",0,"warmup",20,10,,,
"Back/ Biceps","May 4, 2025, 11:10 AM","May 4, 2025, 12:26 PM","","Single Arm Preacher Curl (Machine)",,"",1,"failure",30,9,,,
"Back/ Biceps","May 4, 2025, 11:10 AM","May 4, 2025, 12:26 PM","","Single Arm Preacher Curl (Machine)",,"",2,"failure",32.5,6,,,
"Back/ Biceps","May 4, 2025, 11:10 AM","May 4, 2025, 12:26 PM","","Back Extension (Weighted Hyperextension)",,"",0,"normal",10,10,,,
"Back/ Biceps","May 4, 2025, 11:10 AM","May 4, 2025, 12:26 PM","","Back Extension (Weighted Hyperextension)",,"",1,"normal",15,10,,,
"Back/ Biceps","May 4, 2025, 11:10 AM","May 4, 2025, 12:26 PM","","Back Extension (Weighted Hyperextension)",,"",2,"failure",20,12,,,
"Chest/Shoulder/Tricep","May 3, 2025, 8:07 AM","May 3, 2025, 9:43 AM","","Incline Bench Press (Dumbbell)",,"Per arm",0,"warmup",20,10,,,
"Chest/Shoulder/Tricep","May 3, 2025, 8:07 AM","May 3, 2025, 9:43 AM","","Incline Bench Press (Dumbbell)",,"Per arm",1,"failure",32,8,,,
"Chest/Shoulder/Tricep","May 3, 2025, 8:07 AM","May 3, 2025, 9:43 AM","","Incline Bench Press (Dumbbell)",,"Per arm",2,"failure",34,4,,,
"Chest/Shoulder/Tricep","May 3, 2025, 8:07 AM","May 3, 2025, 9:43 AM","","Lateral Raise (Cable)",,"",0,"normal",3.75,12,,,
"Chest/Shoulder/Tricep","May 3, 2025, 8:07 AM","May 3, 2025, 9:43 AM","","Lateral Raise (Cable)",,"",1,"normal",5,12,,,
"Chest/Shoulder/Tricep","May 3, 2025, 8:07 AM","May 3, 2025, 9:43 AM","","Lateral Raise (Cable)",,"",2,"failure",5,9,,,
"Chest/Shoulder/Tricep","May 3, 2025, 8:07 AM","May 3, 2025, 9:43 AM","","Bench Press (Dumbbell)",,"Per arm",0,"failure",32,8,,,
"Chest/Shoulder/Tricep","May 3, 2025, 8:07 AM","May 3, 2025, 9:43 AM","","Bench Press (Dumbbell)",,"Per arm",1,"failure",34,5,,,
"Chest/Shoulder/Tricep","May 3, 2025, 8:07 AM","May 3, 2025, 9:43 AM","","Triceps Pushdown",,"",0,"failure",28.75,12,,,
"Chest/Shoulder/Tricep","May 3, 2025, 8:07 AM","May 3, 2025, 9:43 AM","","Triceps Pushdown",,"",1,"failure",38.75,8,,,
"Chest/Shoulder/Tricep","May 3, 2025, 8:07 AM","May 3, 2025, 9:43 AM","","Triceps Pushdown",,"",2,"failure",41.25,4,,,
"Chest/Shoulder/Tricep","May 3, 2025, 8:07 AM","May 3, 2025, 9:43 AM","","Rear Delt Reverse Fly (Cable)",,"",0,"normal",3.75,12,,,
"Chest/Shoulder/Tricep","May 3, 2025, 8:07 AM","May 3, 2025, 9:43 AM","","Rear Delt Reverse Fly (Cable)",,"",1,"failure",6.25,10,,,
"Chest/Shoulder/Tricep","May 3, 2025, 8:07 AM","May 3, 2025, 9:43 AM","","Rear Delt Reverse Fly (Cable)",,"",2,"normal",6.25,8,,,
"Chest/Shoulder/Tricep","May 3, 2025, 8:07 AM","May 3, 2025, 9:43 AM","","Chest Fly (Machine)",,"",0,"normal",90,10,,,
"Chest/Shoulder/Tricep","May 3, 2025, 8:07 AM","May 3, 2025, 9:43 AM","","Chest Fly (Machine)",,"",1,"failure",110,8,,,
"Legs","May 1, 2025, 7:31 PM","May 1, 2025, 8:33 PM","","Squat (Barbell)",,"Probs coulda gone harder rpe ~7",0,"warmup",20,10,,,
"Legs","May 1, 2025, 7:31 PM","May 1, 2025, 8:33 PM","","Squat (Barbell)",,"Probs coulda gone harder rpe ~7",1,"normal",50,8,,,
"Legs","May 1, 2025, 7:31 PM","May 1, 2025, 8:33 PM","","Squat (Barbell)",,"Probs coulda gone harder rpe ~7",2,"normal",80,6,,,
"Legs","May 1, 2025, 7:31 PM","May 1, 2025, 8:33 PM","","Squat (Barbell)",,"Probs coulda gone harder rpe ~7",3,"normal",90,4,,,
"Legs","May 1, 2025, 7:31 PM","May 1, 2025, 8:33 PM","","Romanian Deadlift (Barbell)",,"Insane gains - probs cuz of straps",0,"normal",50,8,,,
"Legs","May 1, 2025, 7:31 PM","May 1, 2025, 8:33 PM","","Romanian Deadlift (Barbell)",,"Insane gains - probs cuz of straps",1,"normal",80,10,,,
"Legs","May 1, 2025, 7:31 PM","May 1, 2025, 8:33 PM","","Romanian Deadlift (Barbell)",,"Insane gains - probs cuz of straps",2,"failure",100,6,,,
"Legs","May 1, 2025, 7:31 PM","May 1, 2025, 8:33 PM","","Seated Calf Raise",,"",0,"warmup",93,15,,,
"Legs","May 1, 2025, 7:31 PM","May 1, 2025, 8:33 PM","","Seated Calf Raise",,"",1,"failure",113,15,,,
"Legs","May 1, 2025, 7:31 PM","May 1, 2025, 8:33 PM","","Seated Calf Raise",,"",2,"failure",123,12,,,
"Legs","May 1, 2025, 7:31 PM","May 1, 2025, 8:33 PM","","Leg Extension (Machine)",,"3rd set all about control and that",0,"warmup",100,10,,,
"Legs","May 1, 2025, 7:31 PM","May 1, 2025, 8:33 PM","","Leg Extension (Machine)",,"3rd set all about control and that",1,"failure",152.5,10,,,
"Legs","May 1, 2025, 7:31 PM","May 1, 2025, 8:33 PM","","Leg Extension (Machine)",,"3rd set all about control and that",2,"failure",152.5,6,,,
"Back/ Biceps","Apr 30, 2025, 2:37 PM","Apr 30, 2025, 4:02 PM","","Lat Pulldown (Cable)",,"",0,"warmup",68,8,,,
"Back/ Biceps","Apr 30, 2025, 2:37 PM","Apr 30, 2025, 4:02 PM","","Lat Pulldown (Cable)",,"",1,"failure",89,8,,,
"Back/ Biceps","Apr 30, 2025, 2:37 PM","Apr 30, 2025, 4:02 PM","","Lat Pulldown (Cable)",,"",2,"failure",96,3,,,
"Back/ Biceps","Apr 30, 2025, 2:37 PM","Apr 30, 2025, 4:02 PM","","Hammer Curl (Dumbbell)",,"",0,"warmup",16,10,,,
"Back/ Biceps","Apr 30, 2025, 2:37 PM","Apr 30, 2025, 4:02 PM","","Hammer Curl (Dumbbell)",,"",1,"failure",22,9,,,
"Back/ Biceps","Apr 30, 2025, 2:37 PM","Apr 30, 2025, 4:02 PM","","Hammer Curl (Dumbbell)",,"",2,"failure",24,6,,,
"Back/ Biceps","Apr 30, 2025, 2:37 PM","Apr 30, 2025, 4:02 PM","","Chest Supported Row",,"",0,"warmup",111,10,,,
"Back/ Biceps","Apr 30, 2025, 2:37 PM","Apr 30, 2025, 4:02 PM","","Chest Supported Row",,"",1,"failure",181,8,,,
"Back/ Biceps","Apr 30, 2025, 2:37 PM","Apr 30, 2025, 4:02 PM","","Chest Supported Row",,"",2,"failure",183.5,5,,,
"Back/ Biceps","Apr 30, 2025, 2:37 PM","Apr 30, 2025, 4:02 PM","","Single Arm Preacher Curl (Machine)",,"",0,"warmup",20,10,,,
"Back/ Biceps","Apr 30, 2025, 2:37 PM","Apr 30, 2025, 4:02 PM","","Single Arm Preacher Curl (Machine)",,"",1,"failure",30,9,,,
"Back/ Biceps","Apr 30, 2025, 2:37 PM","Apr 30, 2025, 4:02 PM","","Single Arm Preacher Curl (Machine)",,"",2,"failure",32.5,6,,,
"Back/ Biceps","Apr 30, 2025, 2:37 PM","Apr 30, 2025, 4:02 PM","","Back Extension (Weighted Hyperextension)",,"Other one - feeling it insane in lower back",0,"normal",,10,,,
"Back/ Biceps","Apr 30, 2025, 2:37 PM","Apr 30, 2025, 4:02 PM","","Back Extension (Weighted Hyperextension)",,"Other one - feeling it insane in lower back",1,"normal",10,12,,,
"Back/ Biceps","Apr 30, 2025, 2:37 PM","Apr 30, 2025, 4:02 PM","","Back Extension (Weighted Hyperextension)",,"Other one - feeling it insane in lower back",2,"normal",15,10,,,
"Chest/Shoulder/Tricep","Apr 28, 2025, 3:57 PM","Apr 28, 2025, 5:12 PM","","Incline Bench Press (Dumbbell)",,"",0,"warmup",20,10,,,
"Chest/Shoulder/Tricep","Apr 28, 2025, 3:57 PM","Apr 28, 2025, 5:12 PM","","Incline Bench Press (Dumbbell)",,"",1,"failure",32,8,,,
"Chest/Shoulder/Tricep","Apr 28, 2025, 3:57 PM","Apr 28, 2025, 5:12 PM","","Incline Bench Press (Dumbbell)",,"",2,"failure",34,4,,,
"Chest/Shoulder/Tricep","Apr 28, 2025, 3:57 PM","Apr 28, 2025, 5:12 PM","","Lateral Raise (Cable)",,"",0,"normal",3.75,12,,,
"Chest/Shoulder/Tricep","Apr 28, 2025, 3:57 PM","Apr 28, 2025, 5:12 PM","","Lateral Raise (Cable)",,"",1,"failure",5,13,,,
"Chest/Shoulder/Tricep","Apr 28, 2025, 3:57 PM","Apr 28, 2025, 5:12 PM","","Lateral Raise (Cable)",,"",2,"failure",5,12,,,
"Chest/Shoulder/Tricep","Apr 28, 2025, 3:57 PM","Apr 28, 2025, 5:12 PM","","Bench Press (Dumbbell)",,"",0,"failure",32,8,,,
"Chest/Shoulder/Tricep","Apr 28, 2025, 3:57 PM","Apr 28, 2025, 5:12 PM","","Bench Press (Dumbbell)",,"",1,"failure",36,3,,,
"Chest/Shoulder/Tricep","Apr 28, 2025, 3:57 PM","Apr 28, 2025, 5:12 PM","","Triceps Pushdown",,"",0,"failure",36.25,9,,,
"Chest/Shoulder/Tricep","Apr 28, 2025, 3:57 PM","Apr 28, 2025, 5:12 PM","","Triceps Pushdown",,"",1,"failure",40,6,,,
"Chest/Shoulder/Tricep","Apr 28, 2025, 3:57 PM","Apr 28, 2025, 5:12 PM","","Rear Delt Reverse Fly (Cable)",,"Filler",0,"normal",3.75,10,,,
"Chest/Shoulder/Tricep","Apr 28, 2025, 3:57 PM","Apr 28, 2025, 5:12 PM","","Rear Delt Reverse Fly (Cable)",,"Filler",1,"failure",6.25,10,,,
"Chest/Shoulder/Tricep","Apr 28, 2025, 3:57 PM","Apr 28, 2025, 5:12 PM","","Chest Fly (Machine)",,"Insane fatigue",0,"normal",80,10,,,
"Back/ Biceps","Apr 27, 2025, 11:37 AM","Apr 27, 2025, 1:06 PM","","Single Arm Preacher Curl (Machine)",,"",0,"warmup",20,10,,,
"Back/ Biceps","Apr 27, 2025, 11:37 AM","Apr 27, 2025, 1:06 PM","","Single Arm Preacher Curl (Machine)",,"",1,"failure",30,7,,,
"Back/ Biceps","Apr 27, 2025, 11:37 AM","Apr 27, 2025, 1:06 PM","","Single Arm Preacher Curl (Machine)",,"",2,"failure",32.5,5,,,
"Back/ Biceps","Apr 27, 2025, 11:37 AM","Apr 27, 2025, 1:06 PM","","Chest Supported Row",,"",0,"warmup",91,10,,,
"Back/ Biceps","Apr 27, 2025, 11:37 AM","Apr 27, 2025, 1:06 PM","","Chest Supported Row",,"",1,"failure",171,9,,,
"Back/ Biceps","Apr 27, 2025, 11:37 AM","Apr 27, 2025, 1:06 PM","","Chest Supported Row",,"",2,"failure",181,6,,,
"Back/ Biceps","Apr 27, 2025, 11:37 AM","Apr 27, 2025, 1:06 PM","","Lat Pulldown (Cable)",,"",0,"warmup",61,10,,,
"Back/ Biceps","Apr 27, 2025, 11:37 AM","Apr 27, 2025, 1:06 PM","","Lat Pulldown (Cable)",,"",1,"failure",75,11,,,
"Back/ Biceps","Apr 27, 2025, 11:37 AM","Apr 27, 2025, 1:06 PM","","Lat Pulldown (Cable)",,"",2,"failure",86,4,,,
"Back/ Biceps","Apr 27, 2025, 11:37 AM","Apr 27, 2025, 1:06 PM","","Hammer Curl (Dumbbell)",,"",0,"warmup",16,10,,,
"Back/ Biceps","Apr 27, 2025, 11:37 AM","Apr 27, 2025, 1:06 PM","","Hammer Curl (Dumbbell)",,"",1,"failure",22,8,,,
"Back/ Biceps","Apr 27, 2025, 11:37 AM","Apr 27, 2025, 1:06 PM","","Hammer Curl (Dumbbell)",,"",2,"failure",24,5,,,
"Back/ Biceps","Apr 27, 2025, 11:37 AM","Apr 27, 2025, 1:06 PM","","Deadlift (Barbell)",,"Ensuring back isnt bent - form maxxing",0,"normal",40,6,,,
"Back/ Biceps","Apr 27, 2025, 11:37 AM","Apr 27, 2025, 1:06 PM","","Deadlift (Barbell)",,"Ensuring back isnt bent - form maxxing",1,"normal",80,6,,,
"Back/ Biceps","Apr 27, 2025, 11:37 AM","Apr 27, 2025, 1:06 PM","","Deadlift (Barbell)",,"Ensuring back isnt bent - form maxxing",2,"normal",100,6,,,
"Back/ Biceps","Apr 27, 2025, 11:37 AM","Apr 27, 2025, 1:06 PM","","Deadlift (Barbell)",,"Ensuring back isnt bent - form maxxing",3,"normal",140,1,,,
"Legs","Apr 26, 2025, 9:17 AM","Apr 26, 2025, 10:10 AM","","Romanian Deadlift (Barbell)",,"Straps help out bunch",0,"normal",60,10,,,
"Legs","Apr 26, 2025, 9:17 AM","Apr 26, 2025, 10:10 AM","","Romanian Deadlift (Barbell)",,"Straps help out bunch",1,"normal",70,10,,,
"Legs","Apr 26, 2025, 9:17 AM","Apr 26, 2025, 10:10 AM","","Romanian Deadlift (Barbell)",,"Straps help out bunch",2,"failure",80,10,,,
"Legs","Apr 26, 2025, 9:17 AM","Apr 26, 2025, 10:10 AM","","Seated Calf Raise",,"Going for higher rep range",0,"warmup",93,20,,,
"Legs","Apr 26, 2025, 9:17 AM","Apr 26, 2025, 10:10 AM","","Seated Calf Raise",,"Going for higher rep range",1,"failure",113,15,,,
"Legs","Apr 26, 2025, 9:17 AM","Apr 26, 2025, 10:10 AM","","Seated Calf Raise",,"Going for higher rep range",2,"failure",123,10,,,
"Legs","Apr 26, 2025, 9:17 AM","Apr 26, 2025, 10:10 AM","","Hip Abduction (Machine)",0,"",0,"normal",70,12,,,
"Legs","Apr 26, 2025, 9:17 AM","Apr 26, 2025, 10:10 AM","","Hip Abduction (Machine)",0,"",1,"normal",100,12,,,
"Legs","Apr 26, 2025, 9:17 AM","Apr 26, 2025, 10:10 AM","","Hip Abduction (Machine)",0,"",2,"normal",115,8,,,
"Legs","Apr 26, 2025, 9:17 AM","Apr 26, 2025, 10:10 AM","","Hip Adduction (Machine)",0,"",0,"normal",80,12,,,
"Legs","Apr 26, 2025, 9:17 AM","Apr 26, 2025, 10:10 AM","","Hip Adduction (Machine)",0,"",1,"normal",100,12,,,
"Legs","Apr 26, 2025, 9:17 AM","Apr 26, 2025, 10:10 AM","","Hip Adduction (Machine)",0,"",2,"normal",115,6,,,
"Legs","Apr 26, 2025, 9:17 AM","Apr 26, 2025, 10:10 AM","","Leg Extension (Machine)",,"Isolateral calling my name like the grim reaper after my meals",0,"warmup",100,12,,,
"Legs","Apr 26, 2025, 9:17 AM","Apr 26, 2025, 10:10 AM","","Leg Extension (Machine)",,"Isolateral calling my name like the grim reaper after my meals",1,"failure",125,12,,,
"Legs","Apr 26, 2025, 9:17 AM","Apr 26, 2025, 10:10 AM","","Leg Extension (Machine)",,"Isolateral calling my name like the grim reaper after my meals",2,"failure",152.5,10,,,
"Chest/Shoulder/Tricep","Apr 25, 2025, 8:15 AM","Apr 25, 2025, 9:53 AM","","Incline Bench Press (Dumbbell)",,"",0,"warmup",20,10,,,
"Chest/Shoulder/Tricep","Apr 25, 2025, 8:15 AM","Apr 25, 2025, 9:53 AM","","Incline Bench Press (Dumbbell)",,"",1,"failure",30,9,,,
"Chest/Shoulder/Tricep","Apr 25, 2025, 8:15 AM","Apr 25, 2025, 9:53 AM","","Incline Bench Press (Dumbbell)",,"",2,"failure",34,4,,,
"Chest/Shoulder/Tricep","Apr 25, 2025, 8:15 AM","Apr 25, 2025, 9:53 AM","","Lateral Raise (Cable)",,"Diddy mind muscle connection",0,"normal",2.5,12,,,
"Chest/Shoulder/Tricep","Apr 25, 2025, 8:15 AM","Apr 25, 2025, 9:53 AM","","Lateral Raise (Cable)",,"Diddy mind muscle connection",1,"normal",5,12,,,
"Chest/Shoulder/Tricep","Apr 25, 2025, 8:15 AM","Apr 25, 2025, 9:53 AM","","Lateral Raise (Cable)",,"Diddy mind muscle connection",2,"failure",5,10,,,
"Chest/Shoulder/Tricep","Apr 25, 2025, 8:15 AM","Apr 25, 2025, 9:53 AM","","Triceps Pushdown",,"",0,"warmup",28.75,10,,,
"Chest/Shoulder/Tricep","Apr 25, 2025, 8:15 AM","Apr 25, 2025, 9:53 AM","","Triceps Pushdown",,"",1,"failure",38.75,9,,,
"Chest/Shoulder/Tricep","Apr 25, 2025, 8:15 AM","Apr 25, 2025, 9:53 AM","","Triceps Pushdown",,"",2,"failure",41.25,5,,,
"Chest/Shoulder/Tricep","Apr 25, 2025, 8:15 AM","Apr 25, 2025, 9:53 AM","","Rear Delt Reverse Fly (Cable)",,"Feel it in rear delt like crazy",0,"normal",3.75,12,,,
"Chest/Shoulder/Tricep","Apr 25, 2025, 8:15 AM","Apr 25, 2025, 9:53 AM","","Rear Delt Reverse Fly (Cable)",,"Feel it in rear delt like crazy",1,"failure",6.25,12,,,
"Chest/Shoulder/Tricep","Apr 25, 2025, 8:15 AM","Apr 25, 2025, 9:53 AM","","Rear Delt Reverse Fly (Cable)",,"Feel it in rear delt like crazy",2,"failure",6.88,6,,,
"Chest/Shoulder/Tricep","Apr 25, 2025, 8:15 AM","Apr 25, 2025, 9:53 AM","","Bench Press (Dumbbell)",,"",0,"warmup",20,10,,,
"Chest/Shoulder/Tricep","Apr 25, 2025, 8:15 AM","Apr 25, 2025, 9:53 AM","","Bench Press (Dumbbell)",,"",1,"failure",30,10,,,
"Chest/Shoulder/Tricep","Apr 25, 2025, 8:15 AM","Apr 25, 2025, 9:53 AM","","Bench Press (Dumbbell)",,"",2,"failure",36,2,,,
"Chest/Shoulder/Tricep","Apr 25, 2025, 8:15 AM","Apr 25, 2025, 9:53 AM","","Tricep Extension (Cable)",,"",0,"failure",28.75,12,,,
"Chest/Shoulder/Tricep","Apr 25, 2025, 8:15 AM","Apr 25, 2025, 9:53 AM","","Tricep Extension (Cable)",,"",1,"failure",36.25,12,,,
"Chest/Shoulder/Tricep","Apr 25, 2025, 8:15 AM","Apr 25, 2025, 9:53 AM","","Tricep Extension (Cable)",,"",2,"failure",41.25,7,,,
"Chest/Shoulder/Tricep","Apr 25, 2025, 8:15 AM","Apr 25, 2025, 9:53 AM","","Chest Fly (Machine)",,"",0,"warmup",80,10,,,
"Chest/Shoulder/Tricep","Apr 25, 2025, 8:15 AM","Apr 25, 2025, 9:53 AM","","Chest Fly (Machine)",,"",1,"failure",100,9,,,
"Chest/Shoulder/Tricep","Apr 25, 2025, 8:15 AM","Apr 25, 2025, 9:53 AM","","Chest Fly (Machine)",,"",2,"failure",120,3,,,
"Legs","Apr 24, 2025, 8:58 AM","Apr 24, 2025, 9:54 AM","Whimsical","Leg Press (Machine)",,"I feel soo ill doing this",0,"warmup",147,10,,,
"Legs","Apr 24, 2025, 8:58 AM","Apr 24, 2025, 9:54 AM","Whimsical","Leg Press (Machine)",,"I feel soo ill doing this",1,"normal",247,6,,,
"Legs","Apr 24, 2025, 8:58 AM","Apr 24, 2025, 9:54 AM","Whimsical","Leg Press (Machine)",,"I feel soo ill doing this",2,"failure",297,6,,,
"Legs","Apr 24, 2025, 8:58 AM","Apr 24, 2025, 9:54 AM","Whimsical","Seated Calf Raise",,"",0,"warmup",93,18,,,
"Legs","Apr 24, 2025, 8:58 AM","Apr 24, 2025, 9:54 AM","Whimsical","Seated Calf Raise",,"",1,"failure",113,15,,,
"Legs","Apr 24, 2025, 8:58 AM","Apr 24, 2025, 9:54 AM","Whimsical","Seated Calf Raise",,"",2,"failure",143,6,,,
"Legs","Apr 24, 2025, 8:58 AM","Apr 24, 2025, 9:54 AM","Whimsical","Romanian Deadlift (Barbell)",,"",0,"warmup",40,8,,,
"Legs","Apr 24, 2025, 8:58 AM","Apr 24, 2025, 9:54 AM","Whimsical","Romanian Deadlift (Barbell)",,"",1,"normal",60,8,,,
"Legs","Apr 24, 2025, 8:58 AM","Apr 24, 2025, 9:54 AM","Whimsical","Romanian Deadlift (Barbell)",,"",2,"failure",70,7,,,
"Back/ Biceps","Apr 23, 2025, 8:57 AM","Apr 23, 2025, 10:13 AM","","Chest Supported Row",,"Insanely tired",0,"warmup",111,12,,,
"Back/ Biceps","Apr 23, 2025, 8:57 AM","Apr 23, 2025, 10:13 AM","","Chest Supported Row",,"Insanely tired",1,"failure",171,8,,,
"Back/ Biceps","Apr 23, 2025, 8:57 AM","Apr 23, 2025, 10:13 AM","","Hammer Curl (Dumbbell)",,"",0,"warmup",16,8,,,
"Back/ Biceps","Apr 23, 2025, 8:57 AM","Apr 23, 2025, 10:13 AM","","Hammer Curl (Dumbbell)",,"",1,"failure",22,8,,,
"Back/ Biceps","Apr 23, 2025, 8:57 AM","Apr 23, 2025, 10:13 AM","","Hammer Curl (Dumbbell)",,"",2,"failure",24,4,,,
"Back/ Biceps","Apr 23, 2025, 8:57 AM","Apr 23, 2025, 10:13 AM","","Lat Pulldown (Cable)",,"",0,"warmup",61,10,,,
"Back/ Biceps","Apr 23, 2025, 8:57 AM","Apr 23, 2025, 10:13 AM","","Lat Pulldown (Cable)",,"",1,"failure",75,10,,,
"Back/ Biceps","Apr 23, 2025, 8:57 AM","Apr 23, 2025, 10:13 AM","","Lat Pulldown (Cable)",,"",2,"failure",82,7,,,
"Back/ Biceps","Apr 23, 2025, 8:57 AM","Apr 23, 2025, 10:13 AM","","Single Arm Preacher Curl (Machine)",,"",0,"warmup",20,10,,,
"Back/ Biceps","Apr 23, 2025, 8:57 AM","Apr 23, 2025, 10:13 AM","","Single Arm Preacher Curl (Machine)",,"",1,"failure",30,7,,,
"Back/ Biceps","Apr 23, 2025, 8:57 AM","Apr 23, 2025, 10:13 AM","","Single Arm Preacher Curl (Machine)",,"",2,"failure",32.5,4,,,
"Chest/Shoulder/Tricep","Apr 22, 2025, 7:55 AM","Apr 22, 2025, 9:30 AM","","Incline Bench Press (Dumbbell)",,"",0,"warmup",20,10,,,
"Chest/Shoulder/Tricep","Apr 22, 2025, 7:55 AM","Apr 22, 2025, 9:30 AM","","Incline Bench Press (Dumbbell)",,"",1,"failure",30,9,,,
"Chest/Shoulder/Tricep","Apr 22, 2025, 7:55 AM","Apr 22, 2025, 9:30 AM","","Incline Bench Press (Dumbbell)",,"",2,"failure",32,3,,,
"Chest/Shoulder/Tricep","Apr 22, 2025, 7:55 AM","Apr 22, 2025, 9:30 AM","","Lateral Raise (Cable)",,"",0,"normal",3.75,12,,,
"Chest/Shoulder/Tricep","Apr 22, 2025, 7:55 AM","Apr 22, 2025, 9:30 AM","","Lateral Raise (Cable)",,"",1,"failure",5,12,,,
"Chest/Shoulder/Tricep","Apr 22, 2025, 7:55 AM","Apr 22, 2025, 9:30 AM","","Lateral Raise (Cable)",,"",2,"failure",5,7,,,
"Chest/Shoulder/Tricep","Apr 22, 2025, 7:55 AM","Apr 22, 2025, 9:30 AM","","Triceps Pushdown",,"",0,"normal",28.75,12,,,
"Chest/Shoulder/Tricep","Apr 22, 2025, 7:55 AM","Apr 22, 2025, 9:30 AM","","Triceps Pushdown",,"",1,"failure",36.25,10,,,
"Chest/Shoulder/Tricep","Apr 22, 2025, 7:55 AM","Apr 22, 2025, 9:30 AM","","Triceps Pushdown",,"",2,"failure",38.75,9,,,
"Chest/Shoulder/Tricep","Apr 22, 2025, 7:55 AM","Apr 22, 2025, 9:30 AM","","Rear Delt Reverse Fly (Cable)",,"",0,"normal",3.75,12,,,
"Chest/Shoulder/Tricep","Apr 22, 2025, 7:55 AM","Apr 22, 2025, 9:30 AM","","Rear Delt Reverse Fly (Cable)",,"",1,"failure",4.38,12,,,
"Chest/Shoulder/Tricep","Apr 22, 2025, 7:55 AM","Apr 22, 2025, 9:30 AM","","Rear Delt Reverse Fly (Cable)",,"",2,"failure",5,8,,,
"Chest/Shoulder/Tricep","Apr 22, 2025, 7:55 AM","Apr 22, 2025, 9:30 AM","","Bench Press (Dumbbell)",,"",0,"warmup",20,10,,,
"Chest/Shoulder/Tricep","Apr 22, 2025, 7:55 AM","Apr 22, 2025, 9:30 AM","","Bench Press (Dumbbell)",,"",1,"failure",30,7,,,
"Chest/Shoulder/Tricep","Apr 22, 2025, 7:55 AM","Apr 22, 2025, 9:30 AM","","Bench Press (Dumbbell)",,"",2,"failure",34,4,,,
"Chest/Shoulder/Tricep","Apr 22, 2025, 7:55 AM","Apr 22, 2025, 9:30 AM","","Tricep Extension (Cable)",,"",0,"failure",32.5,12,,,
"Back/ Biceps","Apr 21, 2025, 2:35 PM","Apr 21, 2025, 3:54 PM","Fest","Chest Supported Row",,"Very minor gains",0,"warmup",111,12,,,
"Back/ Biceps","Apr 21, 2025, 2:35 PM","Apr 21, 2025, 3:54 PM","Fest","Chest Supported Row",,"Very minor gains",1,"failure",171,9,,,
"Back/ Biceps","Apr 21, 2025, 2:35 PM","Apr 21, 2025, 3:54 PM","Fest","Chest Supported Row",,"Very minor gains",2,"failure",181,6,,,
"Back/ Biceps","Apr 21, 2025, 2:35 PM","Apr 21, 2025, 3:54 PM","Fest","Hammer Curl (Dumbbell)",,"",0,"warmup",16,10,,,
"Back/ Biceps","Apr 21, 2025, 2:35 PM","Apr 21, 2025, 3:54 PM","Fest","Hammer Curl (Dumbbell)",,"",1,"failure",20,11,,,
"Back/ Biceps","Apr 21, 2025, 2:35 PM","Apr 21, 2025, 3:54 PM","Fest","Hammer Curl (Dumbbell)",,"",2,"failure",22,7,,,
"Back/ Biceps","Apr 21, 2025, 2:35 PM","Apr 21, 2025, 3:54 PM","Fest","Lat Pulldown (Cable)",,"",0,"warmup",61,10,,,
"Back/ Biceps","Apr 21, 2025, 2:35 PM","Apr 21, 2025, 3:54 PM","Fest","Lat Pulldown (Cable)",,"",1,"failure",75,10,,,
"Back/ Biceps","Apr 21, 2025, 2:35 PM","Apr 21, 2025, 3:54 PM","Fest","Lat Pulldown (Cable)",,"",2,"failure",82,6,,,
"Back/ Biceps","Apr 21, 2025, 2:35 PM","Apr 21, 2025, 3:54 PM","Fest","Single Arm Preacher Curl (Machine)",,"",0,"warmup",20,10,,,
"Back/ Biceps","Apr 21, 2025, 2:35 PM","Apr 21, 2025, 3:54 PM","Fest","Single Arm Preacher Curl (Machine)",,"",1,"failure",27.5,11,,,
"Back/ Biceps","Apr 21, 2025, 2:35 PM","Apr 21, 2025, 3:54 PM","Fest","Single Arm Preacher Curl (Machine)",,"",2,"failure",30,6,,,
"Back/ Biceps","Apr 21, 2025, 2:35 PM","Apr 21, 2025, 3:54 PM","Fest","Rear Delt Reverse Fly (Machine)",,"",0,"warmup",50,10,,,
"Back/ Biceps","Apr 21, 2025, 2:35 PM","Apr 21, 2025, 3:54 PM","Fest","Rear Delt Reverse Fly (Machine)",,"",1,"failure",70,11,,,
"Back/ Biceps","Apr 21, 2025, 2:35 PM","Apr 21, 2025, 3:54 PM","Fest","Rear Delt Reverse Fly (Machine)",,"",2,"failure",80,6,,,
"Chest/Shoulder/Tricep","Apr 19, 2025, 8:56 AM","Apr 19, 2025, 10:18 AM","","Incline Bench Press (Dumbbell)",,"",0,"warmup",20,12,,,
"Chest/Shoulder/Tricep","Apr 19, 2025, 8:56 AM","Apr 19, 2025, 10:18 AM","","Incline Bench Press (Dumbbell)",,"",1,"failure",30,7,,,
"Chest/Shoulder/Tricep","Apr 19, 2025, 8:56 AM","Apr 19, 2025, 10:18 AM","","Incline Bench Press (Dumbbell)",,"",2,"failure",32,5,,,
"Chest/Shoulder/Tricep","Apr 19, 2025, 8:56 AM","Apr 19, 2025, 10:18 AM","","Triceps Pushdown",0,"",0,"normal",28.75,12,,,
"Chest/Shoulder/Tricep","Apr 19, 2025, 8:56 AM","Apr 19, 2025, 10:18 AM","","Triceps Pushdown",0,"",1,"failure",36.25,12,,,
"Chest/Shoulder/Tricep","Apr 19, 2025, 8:56 AM","Apr 19, 2025, 10:18 AM","","Triceps Pushdown",0,"",2,"failure",40,6,,,
"Chest/Shoulder/Tricep","Apr 19, 2025, 8:56 AM","Apr 19, 2025, 10:18 AM","","Lateral Raise (Cable)",0,"",0,"normal",5,12,,,
"Chest/Shoulder/Tricep","Apr 19, 2025, 8:56 AM","Apr 19, 2025, 10:18 AM","","Lateral Raise (Cable)",0,"",1,"failure",5,10,,,
"Chest/Shoulder/Tricep","Apr 19, 2025, 8:56 AM","Apr 19, 2025, 10:18 AM","","Lateral Raise (Cable)",0,"",2,"failure",5,5,,,
"Chest/Shoulder/Tricep","Apr 19, 2025, 8:56 AM","Apr 19, 2025, 10:18 AM","","Bench Press (Dumbbell)",,"Fatigued",0,"warmup",20,10,,,
"Chest/Shoulder/Tricep","Apr 19, 2025, 8:56 AM","Apr 19, 2025, 10:18 AM","","Bench Press (Dumbbell)",,"Fatigued",1,"failure",28,9,,,
"Chest/Shoulder/Tricep","Apr 19, 2025, 8:56 AM","Apr 19, 2025, 10:18 AM","","Bench Press (Dumbbell)",,"Fatigued",2,"failure",32,6,,,
"Chest/Shoulder/Tricep","Apr 19, 2025, 8:56 AM","Apr 19, 2025, 10:18 AM","","Chest Fly (Machine)",,"",0,"warmup",80,10,,,
"Chest/Shoulder/Tricep","Apr 19, 2025, 8:56 AM","Apr 19, 2025, 10:18 AM","","Chest Fly (Machine)",,"",1,"failure",100,8,,,
"Chest/Shoulder/Tricep","Apr 19, 2025, 8:56 AM","Apr 19, 2025, 10:18 AM","","Chest Fly (Machine)",,"",2,"failure",110,5,,,
"Legs","Apr 18, 2025, 9:01 AM","Apr 18, 2025, 10:18 AM","","Leg Press (Machine)",,"Hammies in mad pain",0,"warmup",147,12,,,
"Legs","Apr 18, 2025, 9:01 AM","Apr 18, 2025, 10:18 AM","","Leg Press (Machine)",,"Hammies in mad pain",1,"normal",247,6,,,
"Legs","Apr 18, 2025, 9:01 AM","Apr 18, 2025, 10:18 AM","","Romanian Deadlift (Barbell)",,"Hamstrings are still being felt from prev leg day",0,"normal",40,12,,,
"Legs","Apr 18, 2025, 9:01 AM","Apr 18, 2025, 10:18 AM","","Romanian Deadlift (Barbell)",,"Hamstrings are still being felt from prev leg day",1,"normal",50,12,,,
"Legs","Apr 18, 2025, 9:01 AM","Apr 18, 2025, 10:18 AM","","Romanian Deadlift (Barbell)",,"Hamstrings are still being felt from prev leg day",2,"failure",60,11,,,
"Legs","Apr 18, 2025, 9:01 AM","Apr 18, 2025, 10:18 AM","","Seated Calf Raise",,"",0,"warmup",93,15,,,
"Legs","Apr 18, 2025, 9:01 AM","Apr 18, 2025, 10:18 AM","","Seated Calf Raise",,"",1,"failure",113,12,,,
"Legs","Apr 18, 2025, 9:01 AM","Apr 18, 2025, 10:18 AM","","Seated Calf Raise",,"",2,"failure",123,9,,,
"Legs","Apr 18, 2025, 9:01 AM","Apr 18, 2025, 10:18 AM","","Leg Extension (Machine)",,"",0,"warmup",100,12,,,
"Legs","Apr 18, 2025, 9:01 AM","Apr 18, 2025, 10:18 AM","","Leg Extension (Machine)",,"",1,"failure",125,10,,,
"Legs","Apr 18, 2025, 9:01 AM","Apr 18, 2025, 10:18 AM","","Leg Extension (Machine)",,"",2,"failure",152.5,6,,,
"Back/ Biceps","Apr 17, 2025, 8:56 AM","Apr 17, 2025, 10:40 AM","","Lat Pulldown (Cable)",,"",0,"warmup",61,10,,,
"Back/ Biceps","Apr 17, 2025, 8:56 AM","Apr 17, 2025, 10:40 AM","","Lat Pulldown (Cable)",,"",1,"failure",75,10,,,
"Back/ Biceps","Apr 17, 2025, 8:56 AM","Apr 17, 2025, 10:40 AM","","Lat Pulldown (Cable)",,"",2,"failure",82,6,,,
"Back/ Biceps","Apr 17, 2025, 8:56 AM","Apr 17, 2025, 10:40 AM","","Hammer Curl (Dumbbell)",,"",0,"warmup",16,10,,,
"Back/ Biceps","Apr 17, 2025, 8:56 AM","Apr 17, 2025, 10:40 AM","","Hammer Curl (Dumbbell)",,"",1,"failure",20,10,,,
"Back/ Biceps","Apr 17, 2025, 8:56 AM","Apr 17, 2025, 10:40 AM","","Hammer Curl (Dumbbell)",,"",2,"failure",22,7,,,
"Back/ Biceps","Apr 17, 2025, 8:56 AM","Apr 17, 2025, 10:40 AM","","Chest Supported Row",,"",0,"warmup",111,12,,,
"Back/ Biceps","Apr 17, 2025, 8:56 AM","Apr 17, 2025, 10:40 AM","","Chest Supported Row",,"",1,"failure",171,8,,,
"Back/ Biceps","Apr 17, 2025, 8:56 AM","Apr 17, 2025, 10:40 AM","","Chest Supported Row",,"",2,"failure",181,6,,,
"Back/ Biceps","Apr 17, 2025, 8:56 AM","Apr 17, 2025, 10:40 AM","","Single Arm Preacher Curl (Machine)",,"",0,"warmup",20,10,,,
"Back/ Biceps","Apr 17, 2025, 8:56 AM","Apr 17, 2025, 10:40 AM","","Single Arm Preacher Curl (Machine)",,"",1,"failure",27.5,10,,,
"Back/ Biceps","Apr 17, 2025, 8:56 AM","Apr 17, 2025, 10:40 AM","","Single Arm Preacher Curl (Machine)",,"",2,"failure",30,6,,,
"Back/ Biceps","Apr 17, 2025, 8:56 AM","Apr 17, 2025, 10:40 AM","","Rear Delt Reverse Fly (Machine)",,"",0,"warmup",45,10,,,
"Back/ Biceps","Apr 17, 2025, 8:56 AM","Apr 17, 2025, 10:40 AM","","Rear Delt Reverse Fly (Machine)",,"",1,"failure",70,10,,,
"Back/ Biceps","Apr 17, 2025, 8:56 AM","Apr 17, 2025, 10:40 AM","","Rear Delt Reverse Fly (Machine)",,"",2,"failure",80,7,,,
"Back/ Biceps","Apr 17, 2025, 8:56 AM","Apr 17, 2025, 10:40 AM","","Deadlift (Barbell)",,"Form maxxing",0,"normal",40,10,,,
"Back/ Biceps","Apr 17, 2025, 8:56 AM","Apr 17, 2025, 10:40 AM","","Deadlift (Barbell)",,"Form maxxing",1,"normal",60,6,,,
"Back/ Biceps","Apr 17, 2025, 8:56 AM","Apr 17, 2025, 10:40 AM","","Deadlift (Barbell)",,"Form maxxing",2,"normal",90,6,,,
"Chest/Shoulder/Tricep","Apr 16, 2025, 8:57 AM","Apr 16, 2025, 11:04 AM","","Incline Bench Press (Dumbbell)",,"",0,"warmup",20,12,,,
"Chest/Shoulder/Tricep","Apr 16, 2025, 8:57 AM","Apr 16, 2025, 11:04 AM","","Incline Bench Press (Dumbbell)",,"",1,"failure",28,11,,,
"Chest/Shoulder/Tricep","Apr 16, 2025, 8:57 AM","Apr 16, 2025, 11:04 AM","","Incline Bench Press (Dumbbell)",,"",2,"failure",32,5,,,
"Chest/Shoulder/Tricep","Apr 16, 2025, 8:57 AM","Apr 16, 2025, 11:04 AM","","Rear Delt Reverse Fly (Cable)",,"",0,"normal",3.75,12,,,
"Chest/Shoulder/Tricep","Apr 16, 2025, 8:57 AM","Apr 16, 2025, 11:04 AM","","Rear Delt Reverse Fly (Cable)",,"",1,"failure",6.75,12,,,
"Chest/Shoulder/Tricep","Apr 16, 2025, 8:57 AM","Apr 16, 2025, 11:04 AM","","Rear Delt Reverse Fly (Cable)",,"",2,"failure",6.75,8,,,
"Chest/Shoulder/Tricep","Apr 16, 2025, 8:57 AM","Apr 16, 2025, 11:04 AM","","Triceps Pushdown",,"",0,"normal",28.75,12,,,
"Chest/Shoulder/Tricep","Apr 16, 2025, 8:57 AM","Apr 16, 2025, 11:04 AM","","Triceps Pushdown",,"",1,"failure",36.25,11,,,
"Chest/Shoulder/Tricep","Apr 16, 2025, 8:57 AM","Apr 16, 2025, 11:04 AM","","Triceps Pushdown",,"",2,"failure",38.75,6,,,
"Chest/Shoulder/Tricep","Apr 16, 2025, 8:57 AM","Apr 16, 2025, 11:04 AM","","Lateral Raise (Cable)",,"",0,"warmup",3.75,12,,,
"Chest/Shoulder/Tricep","Apr 16, 2025, 8:57 AM","Apr 16, 2025, 11:04 AM","","Lateral Raise (Cable)",,"",1,"failure",4.38,10,,,
"Chest/Shoulder/Tricep","Apr 16, 2025, 8:57 AM","Apr 16, 2025, 11:04 AM","","Lateral Raise (Cable)",,"",2,"failure",4.38,8,,,
"Chest/Shoulder/Tricep","Apr 16, 2025, 8:57 AM","Apr 16, 2025, 11:04 AM","","Bench Press (Dumbbell)",,"Per arm",0,"warmup",20,10,,,
"Chest/Shoulder/Tricep","Apr 16, 2025, 8:57 AM","Apr 16, 2025, 11:04 AM","","Bench Press (Dumbbell)",,"Per arm",1,"failure",28,10,,,
"Chest/Shoulder/Tricep","Apr 16, 2025, 8:57 AM","Apr 16, 2025, 11:04 AM","","Bench Press (Dumbbell)",,"Per arm",2,"failure",32,6,,,
"Chest/Shoulder/Tricep","Apr 16, 2025, 8:57 AM","Apr 16, 2025, 11:04 AM","","Tricep Extension (Cable)",,"",0,"warmup",28.75,12,,,
"Chest/Shoulder/Tricep","Apr 16, 2025, 8:57 AM","Apr 16, 2025, 11:04 AM","","Tricep Extension (Cable)",,"",1,"normal",33.75,12,,,
"Chest/Shoulder/Tricep","Apr 16, 2025, 8:57 AM","Apr 16, 2025, 11:04 AM","","Tricep Extension (Cable)",,"",2,"failure",36.25,10,,,
"Chest/Shoulder/Tricep","Apr 16, 2025, 8:57 AM","Apr 16, 2025, 11:04 AM","","Chest Fly (Machine)",,"",0,"warmup",80,10,,,
"Chest/Shoulder/Tricep","Apr 16, 2025, 8:57 AM","Apr 16, 2025, 11:04 AM","","Chest Fly (Machine)",,"",1,"failure",100,8,,,
"Chest/Shoulder/Tricep","Apr 16, 2025, 8:57 AM","Apr 16, 2025, 11:04 AM","","Chest Fly (Machine)",,"",2,"failure",110,6,,,
"Legs","Apr 15, 2025, 1:22 PM","Apr 15, 2025, 2:21 PM","","Seated Calf Raise",,"Higher rep range on calves - str kinda irrelevant",0,"warmup",73,20,,,
"Legs","Apr 15, 2025, 1:22 PM","Apr 15, 2025, 2:21 PM","","Seated Calf Raise",,"Higher rep range on calves - str kinda irrelevant",1,"normal",93,20,,,
"Legs","Apr 15, 2025, 1:22 PM","Apr 15, 2025, 2:21 PM","","Seated Calf Raise",,"Higher rep range on calves - str kinda irrelevant",2,"failure",113,12,,,
"Legs","Apr 15, 2025, 1:22 PM","Apr 15, 2025, 2:21 PM","","Leg Press (Machine)",,"As deep as can safely go tbh - feel ill with more reps on top set",0,"warmup",147,12,,,
"Legs","Apr 15, 2025, 1:22 PM","Apr 15, 2025, 2:21 PM","","Leg Press (Machine)",,"As deep as can safely go tbh - feel ill with more reps on top set",1,"normal",247,12,,,
"Legs","Apr 15, 2025, 1:22 PM","Apr 15, 2025, 2:21 PM","","Leg Press (Machine)",,"As deep as can safely go tbh - feel ill with more reps on top set",2,"failure",297,5,,,
"Legs","Apr 15, 2025, 1:22 PM","Apr 15, 2025, 2:21 PM","","Romanian Deadlift (Barbell)",,"Hammies actually shaking during entire set - feels like ive been pegged",0,"normal",40,12,,,
"Legs","Apr 15, 2025, 1:22 PM","Apr 15, 2025, 2:21 PM","","Romanian Deadlift (Barbell)",,"Hammies actually shaking during entire set - feels like ive been pegged",1,"normal",50,12,,,
"Legs","Apr 15, 2025, 1:22 PM","Apr 15, 2025, 2:21 PM","","Romanian Deadlift (Barbell)",,"Hammies actually shaking during entire set - feels like ive been pegged",2,"failure",60,8,,,
"Legs","Apr 15, 2025, 1:22 PM","Apr 15, 2025, 2:21 PM","","Leg Extension (Machine)",,"",0,"warmup",100,10,,,
"Legs","Apr 15, 2025, 1:22 PM","Apr 15, 2025, 2:21 PM","","Leg Extension (Machine)",,"",1,"failure",125,8,,,
"Legs","Apr 15, 2025, 1:22 PM","Apr 15, 2025, 2:21 PM","","Leg Extension (Machine)",,"",2,"failure",140,6,,,
"Back/ Biceps","Apr 14, 2025, 9:58 AM","Apr 14, 2025, 11:28 AM","Diddy fest","Chest Supported Row",,"",0,"warmup",111,12,,,
"Back/ Biceps","Apr 14, 2025, 9:58 AM","Apr 14, 2025, 11:28 AM","Diddy fest","Chest Supported Row",,"",1,"failure",171,8,,,
"Back/ Biceps","Apr 14, 2025, 9:58 AM","Apr 14, 2025, 11:28 AM","Diddy fest","Chest Supported Row",,"",2,"failure",191,5,,,
"Back/ Biceps","Apr 14, 2025, 9:58 AM","Apr 14, 2025, 11:28 AM","Diddy fest","Hammer Curl (Dumbbell)",,"Per arm + tired biceps from row",0,"warmup",16,10,,,
"Back/ Biceps","Apr 14, 2025, 9:58 AM","Apr 14, 2025, 11:28 AM","Diddy fest","Hammer Curl (Dumbbell)",,"Per arm + tired biceps from row",1,"failure",20,10,,,
"Back/ Biceps","Apr 14, 2025, 9:58 AM","Apr 14, 2025, 11:28 AM","Diddy fest","Hammer Curl (Dumbbell)",,"Per arm + tired biceps from row",2,"failure",22,8,,,
"Back/ Biceps","Apr 14, 2025, 9:58 AM","Apr 14, 2025, 11:28 AM","Diddy fest","Lat Pulldown (Cable)",,"Fatigued as hell",0,"warmup",60,10,,,
"Back/ Biceps","Apr 14, 2025, 9:58 AM","Apr 14, 2025, 11:28 AM","Diddy fest","Lat Pulldown (Cable)",,"Fatigued as hell",1,"failure",70,11,,,
"Back/ Biceps","Apr 14, 2025, 9:58 AM","Apr 14, 2025, 11:28 AM","Diddy fest","Lat Pulldown (Cable)",,"Fatigued as hell",2,"failure",80,6,,,
"Back/ Biceps","Apr 14, 2025, 9:58 AM","Apr 14, 2025, 11:28 AM","Diddy fest","Rear Delt Reverse Fly (Machine)",,"",0,"warmup",45,10,,,
"Back/ Biceps","Apr 14, 2025, 9:58 AM","Apr 14, 2025, 11:28 AM","Diddy fest","Rear Delt Reverse Fly (Machine)",,"",1,"failure",65,11,,,
"Back/ Biceps","Apr 14, 2025, 9:58 AM","Apr 14, 2025, 11:28 AM","Diddy fest","Rear Delt Reverse Fly (Machine)",,"",2,"failure",70,9,,,
"Back/ Biceps","Apr 14, 2025, 9:58 AM","Apr 14, 2025, 11:28 AM","Diddy fest","Single Arm Preacher Curl (Machine)",,"",0,"warmup",20,10,,,
"Back/ Biceps","Apr 14, 2025, 9:58 AM","Apr 14, 2025, 11:28 AM","Diddy fest","Single Arm Preacher Curl (Machine)",,"",1,"failure",27.5,9,,,
"Back/ Biceps","Apr 14, 2025, 9:58 AM","Apr 14, 2025, 11:28 AM","Diddy fest","Single Arm Preacher Curl (Machine)",,"",2,"failure",30,6,,,
"Chest/Shoulder/Tricep","Apr 13, 2025, 2:07 PM","Apr 13, 2025, 3:18 PM","Diddy","Incline Bench Press (Dumbbell)",,"Per arm",0,"warmup",20,12,,,
"Chest/Shoulder/Tricep","Apr 13, 2025, 2:07 PM","Apr 13, 2025, 3:18 PM","Diddy","Incline Bench Press (Dumbbell)",,"Per arm",1,"failure",28,10,,,
"Chest/Shoulder/Tricep","Apr 13, 2025, 2:07 PM","Apr 13, 2025, 3:18 PM","Diddy","Incline Bench Press (Dumbbell)",,"Per arm",2,"failure",32,4,,,
"Chest/Shoulder/Tricep","Apr 13, 2025, 2:07 PM","Apr 13, 2025, 3:18 PM","Diddy","Lateral Raise (Cable)",,"Insane feels",0,"warmup",3.75,12,,,
"Chest/Shoulder/Tricep","Apr 13, 2025, 2:07 PM","Apr 13, 2025, 3:18 PM","Diddy","Lateral Raise (Cable)",,"Insane feels",1,"normal",4.38,10,,,
"Chest/Shoulder/Tricep","Apr 13, 2025, 2:07 PM","Apr 13, 2025, 3:18 PM","Diddy","Lateral Raise (Cable)",,"Insane feels",2,"failure",6.25,8,,,
"Chest/Shoulder/Tricep","Apr 13, 2025, 2:07 PM","Apr 13, 2025, 3:18 PM","Diddy","Tricep Extension (Cable)",,"Cable more vertical allows easier setup/ failure",0,"normal",28.75,12,,,
"Chest/Shoulder/Tricep","Apr 13, 2025, 2:07 PM","Apr 13, 2025, 3:18 PM","Diddy","Tricep Extension (Cable)",,"Cable more vertical allows easier setup/ failure",1,"failure",36.25,10,,,
"Chest/Shoulder/Tricep","Apr 13, 2025, 2:07 PM","Apr 13, 2025, 3:18 PM","Diddy","Tricep Extension (Cable)",,"Cable more vertical allows easier setup/ failure",2,"failure",38.75,7,,,
"Chest/Shoulder/Tricep","Apr 13, 2025, 2:07 PM","Apr 13, 2025, 3:18 PM","Diddy","Chest Fly (Machine)",0,"",0,"warmup",80,10,,,
"Chest/Shoulder/Tricep","Apr 13, 2025, 2:07 PM","Apr 13, 2025, 3:18 PM","Diddy","Chest Fly (Machine)",0,"",1,"failure",100,8,,,
"Chest/Shoulder/Tricep","Apr 13, 2025, 2:07 PM","Apr 13, 2025, 3:18 PM","Diddy","Chest Fly (Machine)",0,"",2,"failure",110,5,,,
"Chest/Shoulder/Tricep","Apr 13, 2025, 2:07 PM","Apr 13, 2025, 3:18 PM","Diddy","Rear Delt Reverse Fly (Cable)",0,"",0,"normal",3.75,12,,,
"Chest/Shoulder/Tricep","Apr 13, 2025, 2:07 PM","Apr 13, 2025, 3:18 PM","Diddy","Rear Delt Reverse Fly (Cable)",0,"",1,"failure",6.75,8,,,
"Chest/Shoulder/Tricep","Apr 10, 2025, 4:46 PM","Apr 10, 2025, 6:08 PM","","Incline Bench Press (Dumbbell)",,"W is per arm",0,"normal",20,12,,,
"Chest/Shoulder/Tricep","Apr 10, 2025, 4:46 PM","Apr 10, 2025, 6:08 PM","","Incline Bench Press (Dumbbell)",,"W is per arm",1,"failure",28,8,,,
"Chest/Shoulder/Tricep","Apr 10, 2025, 4:46 PM","Apr 10, 2025, 6:08 PM","","Incline Bench Press (Dumbbell)",,"W is per arm",2,"failure",32,4,,,
"Chest/Shoulder/Tricep","Apr 10, 2025, 4:46 PM","Apr 10, 2025, 6:08 PM","","Lateral Raise (Cable)",,"Probs go even more down to spam reps cuz side delt a tiny muscle",0,"warmup",3.75,15,,,
"Chest/Shoulder/Tricep","Apr 10, 2025, 4:46 PM","Apr 10, 2025, 6:08 PM","","Lateral Raise (Cable)",,"Probs go even more down to spam reps cuz side delt a tiny muscle",1,"normal",5,12,,,
"Chest/Shoulder/Tricep","Apr 10, 2025, 4:46 PM","Apr 10, 2025, 6:08 PM","","Lateral Raise (Cable)",,"Probs go even more down to spam reps cuz side delt a tiny muscle",2,"failure",5,8,,,
"Chest/Shoulder/Tricep","Apr 10, 2025, 4:46 PM","Apr 10, 2025, 6:08 PM","","Tricep Extension (Cable)",,"Different setup to reduce the annoyance of set startup + ending (less lunk activities)",0,"normal",28.75,12,,,
"Chest/Shoulder/Tricep","Apr 10, 2025, 4:46 PM","Apr 10, 2025, 6:08 PM","","Tricep Extension (Cable)",,"Different setup to reduce the annoyance of set startup + ending (less lunk activities)",1,"failure",33.75,12,,,
"Chest/Shoulder/Tricep","Apr 10, 2025, 4:46 PM","Apr 10, 2025, 6:08 PM","","Tricep Extension (Cable)",,"Different setup to reduce the annoyance of set startup + ending (less lunk activities)",2,"failure",36.25,11,,,
"Chest/Shoulder/Tricep","Apr 10, 2025, 4:46 PM","Apr 10, 2025, 6:08 PM","","Bench Press (Dumbbell)",,"Per arm",0,"warmup",20,10,,,
"Chest/Shoulder/Tricep","Apr 10, 2025, 4:46 PM","Apr 10, 2025, 6:08 PM","","Bench Press (Dumbbell)",,"Per arm",1,"failure",28,10,,,
"Chest/Shoulder/Tricep","Apr 10, 2025, 4:46 PM","Apr 10, 2025, 6:08 PM","","Bench Press (Dumbbell)",,"Per arm",2,"failure",32,4,,,
"Chest/Shoulder/Tricep","Apr 10, 2025, 4:46 PM","Apr 10, 2025, 6:08 PM","","Triceps Pushdown",,"",0,"normal",28.75,12,,,
"Chest/Shoulder/Tricep","Apr 10, 2025, 4:46 PM","Apr 10, 2025, 6:08 PM","","Triceps Pushdown",,"",1,"failure",36.25,8,,,
"Chest/Shoulder/Tricep","Apr 10, 2025, 4:46 PM","Apr 10, 2025, 6:08 PM","","Triceps Pushdown",,"",2,"failure",38.75,5,,,
"Chest/Shoulder/Tricep","Apr 10, 2025, 4:46 PM","Apr 10, 2025, 6:08 PM","","Chest Fly (Machine)",,"Tired or summin",0,"warmup",90,10,,,
"Chest/Shoulder/Tricep","Apr 10, 2025, 4:46 PM","Apr 10, 2025, 6:08 PM","","Chest Fly (Machine)",,"Tired or summin",1,"failure",100,6,,,
"Back/ Biceps","Apr 9, 2025, 4:28 PM","Apr 9, 2025, 5:28 PM","Social maxxing","Lat Pulldown (Cable)",,"",0,"warmup",68,10,,,
"Back/ Biceps","Apr 9, 2025, 4:28 PM","Apr 9, 2025, 5:28 PM","Social maxxing","Lat Pulldown (Cable)",,"",1,"failure",82,6,,,
"Back/ Biceps","Apr 9, 2025, 4:28 PM","Apr 9, 2025, 5:28 PM","Social maxxing","Lat Pulldown (Cable)",,"",2,"failure",89,5,,,
"Back/ Biceps","Apr 9, 2025, 4:28 PM","Apr 9, 2025, 5:28 PM","Social maxxing","Zottman Curl (Dumbbell)",,"W is per arm - 14 a bit heavy",0,"failure",14,7,,,
"Back/ Biceps","Apr 9, 2025, 4:28 PM","Apr 9, 2025, 5:28 PM","Social maxxing","Zottman Curl (Dumbbell)",,"W is per arm - 14 a bit heavy",1,"normal",10,12,,,
"Back/ Biceps","Apr 9, 2025, 4:28 PM","Apr 9, 2025, 5:28 PM","Social maxxing","Zottman Curl (Dumbbell)",,"W is per arm - 14 a bit heavy",2,"failure",12,9,,,
"Back/ Biceps","Apr 9, 2025, 4:28 PM","Apr 9, 2025, 5:28 PM","Social maxxing","Chest Supported Row",,"",0,"warmup",111,12,,,
"Back/ Biceps","Apr 9, 2025, 4:28 PM","Apr 9, 2025, 5:28 PM","Social maxxing","Chest Supported Row",,"",1,"failure",181,7,,,
"Back/ Biceps","Apr 9, 2025, 4:28 PM","Apr 9, 2025, 5:28 PM","Social maxxing","Chest Supported Row",,"",2,"failure",201,3,,,
"Back/ Biceps","Apr 9, 2025, 4:28 PM","Apr 9, 2025, 5:28 PM","Social maxxing","Rear Delt Reverse Fly (Machine)",,"",0,"warmup",40,12,,,
"Back/ Biceps","Apr 9, 2025, 4:28 PM","Apr 9, 2025, 5:28 PM","Social maxxing","Rear Delt Reverse Fly (Machine)",,"",1,"failure",65,10,,,
"Back/ Biceps","Apr 9, 2025, 4:28 PM","Apr 9, 2025, 5:28 PM","Social maxxing","Rear Delt Reverse Fly (Machine)",,"",2,"failure",70,8,,,
"Chest/Shoulder/Tricep","Apr 7, 2025, 3:54 PM","Apr 7, 2025, 5:44 PM","","Incline Bench Press (Dumbbell)",,"",0,"normal",20,12,,,
"Chest/Shoulder/Tricep","Apr 7, 2025, 3:54 PM","Apr 7, 2025, 5:44 PM","","Incline Bench Press (Dumbbell)",,"",1,"failure",26,11,,,
"Chest/Shoulder/Tricep","Apr 7, 2025, 3:54 PM","Apr 7, 2025, 5:44 PM","","Incline Bench Press (Dumbbell)",,"",2,"failure",30,7,,,
"Chest/Shoulder/Tricep","Apr 7, 2025, 3:54 PM","Apr 7, 2025, 5:44 PM","","Shoulder Press (Dumbbell)",,"",0,"warmup",16,12,,,
"Chest/Shoulder/Tricep","Apr 7, 2025, 3:54 PM","Apr 7, 2025, 5:44 PM","","Shoulder Press (Dumbbell)",,"",1,"failure",22,8,,,
"Chest/Shoulder/Tricep","Apr 7, 2025, 3:54 PM","Apr 7, 2025, 5:44 PM","","Shoulder Press (Dumbbell)",,"",2,"failure",24,6,,,
"Chest/Shoulder/Tricep","Apr 7, 2025, 3:54 PM","Apr 7, 2025, 5:44 PM","","Triceps Pushdown",,"",0,"normal",28.75,12,,,
"Chest/Shoulder/Tricep","Apr 7, 2025, 3:54 PM","Apr 7, 2025, 5:44 PM","","Triceps Pushdown",,"",1,"failure",36.25,10,,,
"Chest/Shoulder/Tricep","Apr 7, 2025, 3:54 PM","Apr 7, 2025, 5:44 PM","","Triceps Pushdown",,"",2,"failure",38.75,5,,,
"Chest/Shoulder/Tricep","Apr 7, 2025, 3:54 PM","Apr 7, 2025, 5:44 PM","","Lateral Raise (Cable)",,"",0,"normal",5,12,,,
"Chest/Shoulder/Tricep","Apr 7, 2025, 3:54 PM","Apr 7, 2025, 5:44 PM","","Lateral Raise (Cable)",,"",1,"failure",5,12,,,
"Chest/Shoulder/Tricep","Apr 7, 2025, 3:54 PM","Apr 7, 2025, 5:44 PM","","Lateral Raise (Cable)",,"",2,"failure",5,8,,,
"Chest/Shoulder/Tricep","Apr 7, 2025, 3:54 PM","Apr 7, 2025, 5:44 PM","","Bench Press (Dumbbell)",,"Per arm",0,"warmup",20,12,,,
"Chest/Shoulder/Tricep","Apr 7, 2025, 3:54 PM","Apr 7, 2025, 5:44 PM","","Bench Press (Dumbbell)",,"Per arm",1,"failure",28,8,,,
"Chest/Shoulder/Tricep","Apr 7, 2025, 3:54 PM","Apr 7, 2025, 5:44 PM","","Bench Press (Dumbbell)",,"Per arm",2,"failure",30,8,,,
"Chest/Shoulder/Tricep","Apr 7, 2025, 3:54 PM","Apr 7, 2025, 5:44 PM","","Tricep Extension (Cable)",,"",0,"normal",28.78,12,,,
"Chest/Shoulder/Tricep","Apr 7, 2025, 3:54 PM","Apr 7, 2025, 5:44 PM","","Tricep Extension (Cable)",,"",1,"failure",33.75,9,,,
"Chest/Shoulder/Tricep","Apr 7, 2025, 3:54 PM","Apr 7, 2025, 5:44 PM","","Tricep Extension (Cable)",,"",2,"failure",36.25,8,,,
"Chest/Shoulder/Tricep","Apr 7, 2025, 3:54 PM","Apr 7, 2025, 5:44 PM","","Chest Fly (Machine)",,"",0,"normal",90,12,,,
"Chest/Shoulder/Tricep","Apr 7, 2025, 3:54 PM","Apr 7, 2025, 5:44 PM","","Chest Fly (Machine)",,"",1,"failure",100,9,,,
"Chest/Shoulder/Tricep","Apr 7, 2025, 3:54 PM","Apr 7, 2025, 5:44 PM","","Chest Fly (Machine)",,"",2,"failure",110,5,,,
"Back/ Biceps","Apr 6, 2025, 11:46 AM","Apr 6, 2025, 12:51 PM","","Chest Supported Row",,"",0,"warmup",111,10,,,
"Back/ Biceps","Apr 6, 2025, 11:46 AM","Apr 6, 2025, 12:51 PM","","Chest Supported Row",,"",1,"failure",171,9,,,
"Back/ Biceps","Apr 6, 2025, 11:46 AM","Apr 6, 2025, 12:51 PM","","Chest Supported Row",,"",2,"failure",181,7,,,
"Back/ Biceps","Apr 6, 2025, 11:46 AM","Apr 6, 2025, 12:51 PM","","Hammer Curl (Dumbbell)",,"",0,"warmup",16,10,,,
"Back/ Biceps","Apr 6, 2025, 11:46 AM","Apr 6, 2025, 12:51 PM","","Hammer Curl (Dumbbell)",,"",1,"failure",22,7,,,
"Back/ Biceps","Apr 6, 2025, 11:46 AM","Apr 6, 2025, 12:51 PM","","Lat Pulldown (Cable)",,"",0,"warmup",68,10,,,
"Back/ Biceps","Apr 6, 2025, 11:46 AM","Apr 6, 2025, 12:51 PM","","Lat Pulldown (Cable)",,"",1,"failure",75,9,,,
"Back/ Biceps","Apr 6, 2025, 11:46 AM","Apr 6, 2025, 12:51 PM","","Lat Pulldown (Cable)",,"",2,"failure",82,5,,,
"Back/ Biceps","Apr 6, 2025, 11:46 AM","Apr 6, 2025, 12:51 PM","","Rear Delt Reverse Fly (Cable)",,"Trial - feel it insane in rear delt",0,"failure",6.25,12,,,
"Back/ Biceps","Apr 6, 2025, 11:46 AM","Apr 6, 2025, 12:51 PM","","Rear Delt Reverse Fly (Cable)",,"Trial - feel it insane in rear delt",1,"failure",6.88,8,,,
"Back/ Biceps","Apr 6, 2025, 11:46 AM","Apr 6, 2025, 12:51 PM","","Rear Delt Reverse Fly (Cable)",,"Trial - feel it insane in rear delt",2,"failure",6.88,6,,,
"Back/ Biceps","Apr 6, 2025, 11:46 AM","Apr 6, 2025, 12:51 PM","","Single Arm Preacher Curl (Machine)",,"",0,"warmup",20,10,,,
"Back/ Biceps","Apr 6, 2025, 11:46 AM","Apr 6, 2025, 12:51 PM","","Single Arm Preacher Curl (Machine)",,"",1,"failure",27.5,8,,,
"Back/ Biceps","Apr 6, 2025, 11:46 AM","Apr 6, 2025, 12:51 PM","","Single Arm Preacher Curl (Machine)",,"",2,"failure",30,6,,,
"Chest/Shoulder/Tricep","Apr 5, 2025, 8:55 AM","Apr 5, 2025, 10:38 AM","Lunk head","Incline Bench Press (Dumbbell)",,"Per arm",0,"normal",20,12,,,
"Chest/Shoulder/Tricep","Apr 5, 2025, 8:55 AM","Apr 5, 2025, 10:38 AM","Lunk head","Incline Bench Press (Dumbbell)",,"Per arm",1,"failure",26,10,,,
"Chest/Shoulder/Tricep","Apr 5, 2025, 8:55 AM","Apr 5, 2025, 10:38 AM","Lunk head","Incline Bench Press (Dumbbell)",,"Per arm",2,"failure",30,6,,,
"Chest/Shoulder/Tricep","Apr 5, 2025, 8:55 AM","Apr 5, 2025, 10:38 AM","Lunk head","Shoulder Press (Dumbbell)",,"W is per arm",0,"warmup",16,12,,,
"Chest/Shoulder/Tricep","Apr 5, 2025, 8:55 AM","Apr 5, 2025, 10:38 AM","Lunk head","Shoulder Press (Dumbbell)",,"W is per arm",1,"failure",22,8,,,
"Chest/Shoulder/Tricep","Apr 5, 2025, 8:55 AM","Apr 5, 2025, 10:38 AM","Lunk head","Shoulder Press (Dumbbell)",,"W is per arm",2,"failure",24,6,,,
"Chest/Shoulder/Tricep","Apr 5, 2025, 8:55 AM","Apr 5, 2025, 10:38 AM","Lunk head","Triceps Pushdown",,"0 swing",0,"normal",32.5,12,,,
"Chest/Shoulder/Tricep","Apr 5, 2025, 8:55 AM","Apr 5, 2025, 10:38 AM","Lunk head","Triceps Pushdown",,"0 swing",1,"failure",36.25,10,,,
"Chest/Shoulder/Tricep","Apr 5, 2025, 8:55 AM","Apr 5, 2025, 10:38 AM","Lunk head","Triceps Pushdown",,"0 swing",2,"failure",40,5,,,
"Chest/Shoulder/Tricep","Apr 5, 2025, 8:55 AM","Apr 5, 2025, 10:38 AM","Lunk head","Lateral Raise (Cable)",,"High reps probs better for small muscle",0,"warmup",3.75,15,,,
"Chest/Shoulder/Tricep","Apr 5, 2025, 8:55 AM","Apr 5, 2025, 10:38 AM","Lunk head","Lateral Raise (Cable)",,"High reps probs better for small muscle",1,"normal",4.38,12,,,
"Chest/Shoulder/Tricep","Apr 5, 2025, 8:55 AM","Apr 5, 2025, 10:38 AM","Lunk head","Lateral Raise (Cable)",,"High reps probs better for small muscle",2,"failure",4.38,13,,,
"Chest/Shoulder/Tricep","Apr 5, 2025, 8:55 AM","Apr 5, 2025, 10:38 AM","Lunk head","Bench Press (Dumbbell)",,"W per arm",0,"warmup",20,12,,,
"Chest/Shoulder/Tricep","Apr 5, 2025, 8:55 AM","Apr 5, 2025, 10:38 AM","Lunk head","Bench Press (Dumbbell)",,"W per arm",1,"failure",28,8,,,
"Chest/Shoulder/Tricep","Apr 5, 2025, 8:55 AM","Apr 5, 2025, 10:38 AM","Lunk head","Bench Press (Dumbbell)",,"W per arm",2,"failure",30,7,,,
"Chest/Shoulder/Tricep","Apr 5, 2025, 8:55 AM","Apr 5, 2025, 10:38 AM","Lunk head","Tricep Extension (Cable)",,"Fatigued",0,"normal",33.75,9,,,
"Chest/Shoulder/Tricep","Apr 5, 2025, 8:55 AM","Apr 5, 2025, 10:38 AM","Lunk head","Tricep Extension (Cable)",,"Fatigued",1,"failure",36.25,5,,,
"Chest/Shoulder/Tricep","Apr 5, 2025, 8:55 AM","Apr 5, 2025, 10:38 AM","Lunk head","Chest Fly (Machine)",,"",0,"failure",95,8,,,
"Chest/Shoulder/Tricep","Apr 5, 2025, 8:55 AM","Apr 5, 2025, 10:38 AM","Lunk head","Chest Fly (Machine)",,"",1,"failure",100,6,,,
"Legs","Apr 3, 2025, 2:56 PM","Apr 3, 2025, 4:04 PM","","Lying Leg Curl (Machine)",,"",0,"normal",50,12,,,
"Legs","Apr 3, 2025, 2:56 PM","Apr 3, 2025, 4:04 PM","","Lying Leg Curl (Machine)",,"",1,"failure",70,10,,,
"Legs","Apr 3, 2025, 2:56 PM","Apr 3, 2025, 4:04 PM","","Lying Leg Curl (Machine)",,"",2,"failure",75,5,,,
"Legs","Apr 3, 2025, 2:56 PM","Apr 3, 2025, 4:04 PM","","Squat (Barbell)",,"Idk if good or bad",0,"warmup",20,12,,,
"Legs","Apr 3, 2025, 2:56 PM","Apr 3, 2025, 4:04 PM","","Squat (Barbell)",,"Idk if good or bad",1,"normal",50,8,,,
"Legs","Apr 3, 2025, 2:56 PM","Apr 3, 2025, 4:04 PM","","Squat (Barbell)",,"Idk if good or bad",2,"normal",70,8,,,
"Legs","Apr 3, 2025, 2:56 PM","Apr 3, 2025, 4:04 PM","","Squat (Barbell)",,"Idk if good or bad",3,"failure",80,5,,,
"Legs","Apr 3, 2025, 2:56 PM","Apr 3, 2025, 4:04 PM","","Seated Calf Raise",,"",0,"normal",93,15,,,
"Legs","Apr 3, 2025, 2:56 PM","Apr 3, 2025, 4:04 PM","","Seated Calf Raise",,"",1,"normal",113,12,,,
"Legs","Apr 3, 2025, 2:56 PM","Apr 3, 2025, 4:04 PM","","Seated Calf Raise",,"",2,"failure",133,10,,,
"Legs","Apr 3, 2025, 2:56 PM","Apr 3, 2025, 4:04 PM","","Leg Press (Machine)",,"ROM maxxing",0,"warmup",147,12,,,
"Legs","Apr 3, 2025, 2:56 PM","Apr 3, 2025, 4:04 PM","","Leg Press (Machine)",,"ROM maxxing",1,"failure",247,12,,,
"Chest/Tricep","Apr 2, 2025, 7:04 PM","Apr 2, 2025, 8:21 PM","","Incline Bench Press (Dumbbell)",,"Per arm - insane gains",0,"normal",20,12,,,
"Chest/Tricep","Apr 2, 2025, 7:04 PM","Apr 2, 2025, 8:21 PM","","Incline Bench Press (Dumbbell)",,"Per arm - insane gains",1,"normal",24,12,,,
"Chest/Tricep","Apr 2, 2025, 7:04 PM","Apr 2, 2025, 8:21 PM","","Incline Bench Press (Dumbbell)",,"Per arm - insane gains",2,"failure",26,9,,,
"Chest/Tricep","Apr 2, 2025, 7:04 PM","Apr 2, 2025, 8:21 PM","","Lateral Raise (Cable)",,"Slow and controlled - probs still shrugging icl",0,"normal",5,12,,,
"Chest/Tricep","Apr 2, 2025, 7:04 PM","Apr 2, 2025, 8:21 PM","","Lateral Raise (Cable)",,"Slow and controlled - probs still shrugging icl",1,"failure",5,9,,,
"Chest/Tricep","Apr 2, 2025, 7:04 PM","Apr 2, 2025, 8:21 PM","","Triceps Pushdown",,"40 a lil high",0,"normal",28.75,12,,,
"Chest/Tricep","Apr 2, 2025, 7:04 PM","Apr 2, 2025, 8:21 PM","","Triceps Pushdown",,"40 a lil high",1,"failure",36.25,12,,,
"Chest/Tricep","Apr 2, 2025, 7:04 PM","Apr 2, 2025, 8:21 PM","","Triceps Pushdown",,"40 a lil high",2,"failure",40,5,,,
"Chest/Tricep","Apr 2, 2025, 7:04 PM","Apr 2, 2025, 8:21 PM","","Bench Press (Dumbbell)",,"Per arm",0,"warmup",20,12,,,
"Chest/Tricep","Apr 2, 2025, 7:04 PM","Apr 2, 2025, 8:21 PM","","Bench Press (Dumbbell)",,"Per arm",1,"failure",26,10,,,
"Chest/Tricep","Apr 2, 2025, 7:04 PM","Apr 2, 2025, 8:21 PM","","Bench Press (Dumbbell)",,"Per arm",2,"failure",30,7,,,
"Chest/Tricep","Apr 2, 2025, 7:04 PM","Apr 2, 2025, 8:21 PM","","Shoulder Press (Dumbbell)",,"Bare tired yea - w is per arm",0,"failure",18,11,,,
"Chest/Tricep","Apr 2, 2025, 7:04 PM","Apr 2, 2025, 8:21 PM","","Shoulder Press (Dumbbell)",,"Bare tired yea - w is per arm",1,"failure",20,9,,,
"Chest/Tricep","Apr 2, 2025, 7:04 PM","Apr 2, 2025, 8:21 PM","","Shoulder Press (Dumbbell)",,"Bare tired yea - w is per arm",2,"failure",22,6,,,
"Chest/Tricep","Apr 2, 2025, 7:04 PM","Apr 2, 2025, 8:21 PM","","JM Press (Barbell)",,"Smith - bar ~= 9kg + weird as hell",0,"warmup",9,12,,,
"Chest/Tricep","Apr 2, 2025, 7:04 PM","Apr 2, 2025, 8:21 PM","","JM Press (Barbell)",,"Smith - bar ~= 9kg + weird as hell",1,"normal",29,4,,,
"Back/ Biceps","Apr 1, 2025, 7:12 PM","Apr 1, 2025, 8:29 PM","Geeking for a lil bit","Chest Supported Row",,"",0,"warmup",111,10,,,
"Back/ Biceps","Apr 1, 2025, 7:12 PM","Apr 1, 2025, 8:29 PM","Geeking for a lil bit","Chest Supported Row",,"",1,"failure",171,9,,,
"Back/ Biceps","Apr 1, 2025, 7:12 PM","Apr 1, 2025, 8:29 PM","Geeking for a lil bit","Chest Supported Row",,"",2,"failure",181,6,,,
"Back/ Biceps","Apr 1, 2025, 7:12 PM","Apr 1, 2025, 8:29 PM","Geeking for a lil bit","Hammer Curl (Dumbbell)",,"Hard stuck",0,"normal",16,12,,,
"Back/ Biceps","Apr 1, 2025, 7:12 PM","Apr 1, 2025, 8:29 PM","Geeking for a lil bit","Hammer Curl (Dumbbell)",,"Hard stuck",1,"failure",20,11,,,
"Back/ Biceps","Apr 1, 2025, 7:12 PM","Apr 1, 2025, 8:29 PM","Geeking for a lil bit","Hammer Curl (Dumbbell)",,"Hard stuck",2,"failure",22,6,,,
"Back/ Biceps","Apr 1, 2025, 7:12 PM","Apr 1, 2025, 8:29 PM","Geeking for a lil bit","Incline Chest Press (Machine)",,"Total w",0,"normal",60,12,,,
"Back/ Biceps","Apr 1, 2025, 7:12 PM","Apr 1, 2025, 8:29 PM","Geeking for a lil bit","Incline Chest Press (Machine)",,"Total w",1,"failure",70,12,,,
"Back/ Biceps","Apr 1, 2025, 7:12 PM","Apr 1, 2025, 8:29 PM","Geeking for a lil bit","Incline Chest Press (Machine)",,"Total w",2,"failure",70,3,,,
"Back/ Biceps","Apr 1, 2025, 7:12 PM","Apr 1, 2025, 8:29 PM","Geeking for a lil bit","Triceps Pushdown",,"",0,"normal",28.75,12,,,
"Back/ Biceps","Apr 1, 2025, 7:12 PM","Apr 1, 2025, 8:29 PM","Geeking for a lil bit","Triceps Pushdown",,"",1,"failure",36.25,10,,,
"Back/ Biceps","Apr 1, 2025, 7:12 PM","Apr 1, 2025, 8:29 PM","Geeking for a lil bit","Lat Pulldown (Cable)",,"",0,"normal",68,12,,,
"Back/ Biceps","Apr 1, 2025, 7:12 PM","Apr 1, 2025, 8:29 PM","Geeking for a lil bit","Lat Pulldown (Cable)",,"",1,"failure",75,9,,,
"Back/ Biceps","Apr 1, 2025, 7:12 PM","Apr 1, 2025, 8:29 PM","Geeking for a lil bit","Lat Pulldown (Cable)",,"",2,"failure",82,5,,,
"Back/ Biceps","Apr 1, 2025, 7:12 PM","Apr 1, 2025, 8:29 PM","Geeking for a lil bit","Single Arm Preacher Curl (Machine)",,"Holy shit my top set went up",0,"warmup",20,10,,,
"Back/ Biceps","Apr 1, 2025, 7:12 PM","Apr 1, 2025, 8:29 PM","Geeking for a lil bit","Single Arm Preacher Curl (Machine)",,"Holy shit my top set went up",1,"failure",27.5,8,,,
"Back/ Biceps","Apr 1, 2025, 7:12 PM","Apr 1, 2025, 8:29 PM","Geeking for a lil bit","Single Arm Preacher Curl (Machine)",,"Holy shit my top set went up",2,"failure",30,5,,,
"Chest/Tricep","Mar 31, 2025, 7:17 PM","Mar 31, 2025, 8:21 PM","Geeked","Lateral Raise (Cable)",,"Feeling an unreleased muscle",0,"warmup",2.5,12,,,
"Chest/Tricep","Mar 31, 2025, 7:17 PM","Mar 31, 2025, 8:21 PM","Geeked","Lateral Raise (Cable)",,"Feeling an unreleased muscle",1,"failure",5,12,,,
"Chest/Tricep","Mar 31, 2025, 7:17 PM","Mar 31, 2025, 8:21 PM","Geeked","Lateral Raise (Cable)",,"Feeling an unreleased muscle",2,"failure",7.5,4,,,
"Chest/Tricep","Mar 31, 2025, 7:17 PM","Mar 31, 2025, 8:21 PM","Geeked","Incline Bench Press (Dumbbell)",,"Per arm",0,"normal",20,12,,,
"Chest/Tricep","Mar 31, 2025, 7:17 PM","Mar 31, 2025, 8:21 PM","Geeked","Incline Bench Press (Dumbbell)",,"Per arm",1,"failure",24,11,,,
"Chest/Tricep","Mar 31, 2025, 7:17 PM","Mar 31, 2025, 8:21 PM","Geeked","Incline Bench Press (Dumbbell)",,"Per arm",2,"failure",26,5,,,
"Chest/Tricep","Mar 31, 2025, 7:17 PM","Mar 31, 2025, 8:21 PM","Geeked","Triceps Pushdown",,"",0,"normal",28.75,12,,,
"Chest/Tricep","Mar 31, 2025, 7:17 PM","Mar 31, 2025, 8:21 PM","Geeked","Triceps Pushdown",,"",1,"failure",36.25,10,,,
"Chest/Tricep","Mar 31, 2025, 7:17 PM","Mar 31, 2025, 8:21 PM","Geeked","Shoulder Press (Dumbbell)",,"W is per arm - much more tired than expected",0,"warmup",16,12,,,
"Chest/Tricep","Mar 31, 2025, 7:17 PM","Mar 31, 2025, 8:21 PM","Geeked","Shoulder Press (Dumbbell)",,"W is per arm - much more tired than expected",1,"normal",18,12,,,
"Chest/Tricep","Mar 31, 2025, 7:17 PM","Mar 31, 2025, 8:21 PM","Geeked","Shoulder Press (Dumbbell)",,"W is per arm - much more tired than expected",2,"failure",22,6,,,
"Chest/Tricep","Mar 31, 2025, 7:17 PM","Mar 31, 2025, 8:21 PM","Geeked","Bench Press (Dumbbell)",,"Per arm - fatigued",0,"warmup",20,12,,,
"Chest/Tricep","Mar 31, 2025, 7:17 PM","Mar 31, 2025, 8:21 PM","Geeked","Bench Press (Dumbbell)",,"Per arm - fatigued",1,"normal",24,12,,,
"Chest/Tricep","Mar 31, 2025, 7:17 PM","Mar 31, 2025, 8:21 PM","Geeked","Bench Press (Dumbbell)",,"Per arm - fatigued",2,"failure",26,8,,,
"Upper","Mar 30, 2025, 8:48 AM","Mar 30, 2025, 9:42 AM","No motivation","Chest Supported Row",,"Potential plateau",0,"warmup",111,12,,,
"Upper","Mar 30, 2025, 8:48 AM","Mar 30, 2025, 9:42 AM","No motivation","Chest Supported Row",,"Potential plateau",1,"failure",171,8,,,
"Upper","Mar 30, 2025, 8:48 AM","Mar 30, 2025, 9:42 AM","No motivation","Chest Supported Row",,"Potential plateau",2,"failure",181,6,,,
"Upper","Mar 30, 2025, 8:48 AM","Mar 30, 2025, 9:42 AM","No motivation","Single Arm Preacher Curl (Machine)",,"Holy gains on 2nd set",0,"warmup",20,10,,,
"Upper","Mar 30, 2025, 8:48 AM","Mar 30, 2025, 9:42 AM","No motivation","Single Arm Preacher Curl (Machine)",,"Holy gains on 2nd set",1,"failure",25,11,,,
"Upper","Mar 30, 2025, 8:48 AM","Mar 30, 2025, 9:42 AM","No motivation","Single Arm Preacher Curl (Machine)",,"Holy gains on 2nd set",2,"failure",30,4,,,
"Upper","Mar 30, 2025, 8:48 AM","Mar 30, 2025, 9:42 AM","No motivation","Incline Bench Press (Dumbbell)",,"W is per arm",0,"normal",20,12,,,
"Upper","Mar 30, 2025, 8:48 AM","Mar 30, 2025, 9:42 AM","No motivation","Incline Bench Press (Dumbbell)",,"W is per arm",1,"failure",24,10,,,
"Upper","Mar 30, 2025, 8:48 AM","Mar 30, 2025, 9:42 AM","No motivation","Lateral Raise (Cable)",,"",0,"normal",3.75,12,,,
"Upper","Mar 30, 2025, 8:48 AM","Mar 30, 2025, 9:42 AM","No motivation","Lateral Raise (Cable)",,"",1,"failure",5,7,,,
"Upper","Mar 30, 2025, 8:48 AM","Mar 30, 2025, 9:42 AM","No motivation","Lateral Raise (Cable)",,"",2,"failure",6.25,5,,,
"Legs","Mar 27, 2025, 4:47 PM","Mar 27, 2025, 6:09 PM","10 sets of conversing with local hobos","Seated Calf Raise",,"Nun too heavy",0,"warmup",73,15,,,
"Legs","Mar 27, 2025, 4:47 PM","Mar 27, 2025, 6:09 PM","10 sets of conversing with local hobos","Seated Calf Raise",,"Nun too heavy",1,"normal",93,15,,,
"Legs","Mar 27, 2025, 4:47 PM","Mar 27, 2025, 6:09 PM","10 sets of conversing with local hobos","Seated Calf Raise",,"Nun too heavy",2,"failure",113,12,,,
"Legs","Mar 27, 2025, 4:47 PM","Mar 27, 2025, 6:09 PM","10 sets of conversing with local hobos","Lying Leg Curl (Machine)",,"",0,"normal",50,12,,,
"Legs","Mar 27, 2025, 4:47 PM","Mar 27, 2025, 6:09 PM","10 sets of conversing with local hobos","Lying Leg Curl (Machine)",,"",1,"failure",70,10,,,
"Legs","Mar 27, 2025, 4:47 PM","Mar 27, 2025, 6:09 PM","10 sets of conversing with local hobos","Lying Leg Curl (Machine)",,"",2,"failure",75,5,,,
"Legs","Mar 27, 2025, 4:47 PM","Mar 27, 2025, 6:09 PM","10 sets of conversing with local hobos","Leg Press (Machine)",,"Shoulder width stance + nigh-max rom",0,"warmup",147,12,,,
"Legs","Mar 27, 2025, 4:47 PM","Mar 27, 2025, 6:09 PM","10 sets of conversing with local hobos","Leg Press (Machine)",,"Shoulder width stance + nigh-max rom",1,"normal",247,12,,,
"Legs","Mar 27, 2025, 4:47 PM","Mar 27, 2025, 6:09 PM","10 sets of conversing with local hobos","Leg Press (Machine)",,"Shoulder width stance + nigh-max rom",2,"failure",297,5,,,
"Legs","Mar 27, 2025, 4:47 PM","Mar 27, 2025, 6:09 PM","10 sets of conversing with local hobos","Hip Adduction (Machine)",,"Filler",0,"normal",95,12,,,
"Legs","Mar 27, 2025, 4:47 PM","Mar 27, 2025, 6:09 PM","10 sets of conversing with local hobos","Leg Extension (Machine)",,"Form reviewed by a fellow calorie king",0,"warmup",100,12,,,
"Legs","Mar 27, 2025, 4:47 PM","Mar 27, 2025, 6:09 PM","10 sets of conversing with local hobos","Leg Extension (Machine)",,"Form reviewed by a fellow calorie king",1,"failure",120,11,,,
"Legs","Mar 27, 2025, 4:47 PM","Mar 27, 2025, 6:09 PM","10 sets of conversing with local hobos","Leg Extension (Machine)",,"Form reviewed by a fellow calorie king",2,"failure",140,5,,,
"Legs","Mar 27, 2025, 4:47 PM","Mar 27, 2025, 6:09 PM","10 sets of conversing with local hobos","Romanian Deadlift (Barbell)",,"First time  - focused on form",0,"warmup",20,10,,,
"Legs","Mar 27, 2025, 4:47 PM","Mar 27, 2025, 6:09 PM","10 sets of conversing with local hobos","Romanian Deadlift (Barbell)",,"First time  - focused on form",1,"normal",40,12,,,
"Legs","Mar 27, 2025, 4:47 PM","Mar 27, 2025, 6:09 PM","10 sets of conversing with local hobos","Romanian Deadlift (Barbell)",,"First time  - focused on form",2,"normal",40,12,,,
"Legs","Mar 27, 2025, 4:47 PM","Mar 27, 2025, 6:09 PM","10 sets of conversing with local hobos","Romanian Deadlift (Barbell)",,"First time  - focused on form",3,"failure",50,10,,,
"Chest/Tricep","Mar 26, 2025, 4:09 PM","Mar 26, 2025, 5:20 PM","","Shoulder Press (Dumbbell)",,"Filler",0,"warmup",16,12,,,
"Chest/Tricep","Mar 26, 2025, 4:09 PM","Mar 26, 2025, 5:20 PM","","Shoulder Press (Dumbbell)",,"Filler",1,"normal",16,12,,,
"Chest/Tricep","Mar 26, 2025, 4:09 PM","Mar 26, 2025, 5:20 PM","","Bench Press (Barbell)",,"Defo hardstuck",0,"warmup",20,15,,,
"Chest/Tricep","Mar 26, 2025, 4:09 PM","Mar 26, 2025, 5:20 PM","","Bench Press (Barbell)",,"Defo hardstuck",1,"warmup",60,8,,,
"Chest/Tricep","Mar 26, 2025, 4:09 PM","Mar 26, 2025, 5:20 PM","","Bench Press (Barbell)",,"Defo hardstuck",2,"failure",80,4,,,
"Chest/Tricep","Mar 26, 2025, 4:09 PM","Mar 26, 2025, 5:20 PM","","Tricep Extension (Cable)",,"Diddy",0,"warmup",28.75,12,,,
"Chest/Tricep","Mar 26, 2025, 4:09 PM","Mar 26, 2025, 5:20 PM","","Tricep Extension (Cable)",,"Diddy",1,"failure",36.25,9,,,
"Chest/Tricep","Mar 26, 2025, 4:09 PM","Mar 26, 2025, 5:20 PM","","Tricep Extension (Cable)",,"Diddy",2,"failure",40,3,,,
"Chest/Tricep","Mar 26, 2025, 4:09 PM","Mar 26, 2025, 5:20 PM","","Lateral Raise (Cable)",,"",0,"warmup",2.5,12,,,
"Chest/Tricep","Mar 26, 2025, 4:09 PM","Mar 26, 2025, 5:20 PM","","Lateral Raise (Cable)",,"",1,"failure",5,12,,,
"Chest/Tricep","Mar 26, 2025, 4:09 PM","Mar 26, 2025, 5:20 PM","","Lateral Raise (Cable)",,"",2,"failure",7.5,4,,,
"Chest/Tricep","Mar 26, 2025, 4:09 PM","Mar 26, 2025, 5:20 PM","","Chest Fly (Machine)",,"",0,"failure",90,11,,,
"Chest/Tricep","Mar 26, 2025, 4:09 PM","Mar 26, 2025, 5:20 PM","","Chest Fly (Machine)",,"",1,"failure",100,6,,,
"Chest/Tricep","Mar 26, 2025, 4:09 PM","Mar 26, 2025, 5:20 PM","","Incline Bench Press (Dumbbell)",,"",0,"normal",18,12,,,
"Chest/Tricep","Mar 26, 2025, 4:09 PM","Mar 26, 2025, 5:20 PM","","Incline Bench Press (Dumbbell)",,"",1,"failure",24,8,,,
"Back/ Biceps","Mar 25, 2025, 7:15 PM","Mar 25, 2025, 8:19 PM","","Chest Supported Row",,"Probs should just do this first thing",0,"warmup",111,12,,,
"Back/ Biceps","Mar 25, 2025, 7:15 PM","Mar 25, 2025, 8:19 PM","","Chest Supported Row",,"Probs should just do this first thing",1,"failure",161,11,,,
"Back/ Biceps","Mar 25, 2025, 7:15 PM","Mar 25, 2025, 8:19 PM","","Chest Supported Row",,"Probs should just do this first thing",2,"failure",181,6,,,
"Back/ Biceps","Mar 25, 2025, 7:15 PM","Mar 25, 2025, 8:19 PM","","Hammer Curl (Dumbbell)",,"No Tricep cramp this time",0,"normal",16,12,,,
"Back/ Biceps","Mar 25, 2025, 7:15 PM","Mar 25, 2025, 8:19 PM","","Hammer Curl (Dumbbell)",,"No Tricep cramp this time",1,"failure",20,11,,,
"Back/ Biceps","Mar 25, 2025, 7:15 PM","Mar 25, 2025, 8:19 PM","","Hammer Curl (Dumbbell)",,"No Tricep cramp this time",2,"failure",22,6,,,
"Back/ Biceps","Mar 25, 2025, 7:15 PM","Mar 25, 2025, 8:19 PM","","Seated Cable Row - V Grip (Cable)",,"Increments of 10 honks",0,"warmup",60,12,,,
"Back/ Biceps","Mar 25, 2025, 7:15 PM","Mar 25, 2025, 8:19 PM","","Seated Cable Row - V Grip (Cable)",,"Increments of 10 honks",1,"normal",70,12,,,
"Back/ Biceps","Mar 25, 2025, 7:15 PM","Mar 25, 2025, 8:19 PM","","Seated Cable Row - V Grip (Cable)",,"Increments of 10 honks",2,"failure",80,6,,,
"Back/ Biceps","Mar 25, 2025, 7:15 PM","Mar 25, 2025, 8:19 PM","","Lat Pulldown (Cable)",,"Kinda late in workout + weird ass grip",0,"normal",60,12,,,
"Back/ Biceps","Mar 25, 2025, 7:15 PM","Mar 25, 2025, 8:19 PM","","Lat Pulldown (Cable)",,"Kinda late in workout + weird ass grip",1,"failure",70,12,,,
"Back/ Biceps","Mar 25, 2025, 7:15 PM","Mar 25, 2025, 8:19 PM","","Lat Pulldown (Cable)",,"Kinda late in workout + weird ass grip",2,"failure",80,6,,,
"Back/ Biceps","Mar 25, 2025, 7:15 PM","Mar 25, 2025, 8:19 PM","","Single Arm Preacher Curl (Machine)",,"Hardstuck",0,"warmup",20,10,,,
"Back/ Biceps","Mar 25, 2025, 7:15 PM","Mar 25, 2025, 8:19 PM","","Single Arm Preacher Curl (Machine)",,"Hardstuck",1,"failure",25,9,,,
"Back/ Biceps","Mar 25, 2025, 7:15 PM","Mar 25, 2025, 8:19 PM","","Single Arm Preacher Curl (Machine)",,"Hardstuck",2,"failure",30,4,,,
"Chest/Tricep","Mar 23, 2025, 11:13 AM","Mar 23, 2025, 12:17 PM","","Bench Press (Barbell)",,"Hardstuck?",0,"warmup",20,15,,,
"Chest/Tricep","Mar 23, 2025, 11:13 AM","Mar 23, 2025, 12:17 PM","","Bench Press (Barbell)",,"Hardstuck?",1,"warmup",60,8,,,
"Chest/Tricep","Mar 23, 2025, 11:13 AM","Mar 23, 2025, 12:17 PM","","Bench Press (Barbell)",,"Hardstuck?",2,"failure",80,4,,,
"Chest/Tricep","Mar 23, 2025, 11:13 AM","Mar 23, 2025, 12:17 PM","","Shoulder Press (Dumbbell)",,"",0,"warmup",16,12,,,
"Chest/Tricep","Mar 23, 2025, 11:13 AM","Mar 23, 2025, 12:17 PM","","Shoulder Press (Dumbbell)",,"",1,"failure",20,10,,,
"Chest/Tricep","Mar 23, 2025, 11:13 AM","Mar 23, 2025, 12:17 PM","","Shoulder Press (Dumbbell)",,"",2,"failure",22,5,,,
"Chest/Tricep","Mar 23, 2025, 11:13 AM","Mar 23, 2025, 12:17 PM","","Lateral Raise (Cable)",0,"Per arm",0,"warmup",3.75,12,,,
"Chest/Tricep","Mar 23, 2025, 11:13 AM","Mar 23, 2025, 12:17 PM","","Lateral Raise (Cable)",0,"Per arm",1,"failure",6.25,8,,,
"Chest/Tricep","Mar 23, 2025, 11:13 AM","Mar 23, 2025, 12:17 PM","","Lateral Raise (Cable)",0,"Per arm",2,"failure",6.25,6,,,
"Chest/Tricep","Mar 23, 2025, 11:13 AM","Mar 23, 2025, 12:17 PM","","Triceps Pushdown",0,"No swing",0,"normal",28.75,12,,,
"Chest/Tricep","Mar 23, 2025, 11:13 AM","Mar 23, 2025, 12:17 PM","","Triceps Pushdown",0,"No swing",1,"failure",36.25,10,,,
"Chest/Tricep","Mar 23, 2025, 11:13 AM","Mar 23, 2025, 12:17 PM","","Triceps Pushdown",0,"No swing",2,"failure",38.75,4,,,
"Chest/Tricep","Mar 23, 2025, 11:13 AM","Mar 23, 2025, 12:17 PM","","Chest Fly (Machine)",,"Hard plateau",0,"warmup",70,12,,,
"Chest/Tricep","Mar 23, 2025, 11:13 AM","Mar 23, 2025, 12:17 PM","","Chest Fly (Machine)",,"Hard plateau",1,"failure",95,8,,,
"Chest/Tricep","Mar 23, 2025, 11:13 AM","Mar 23, 2025, 12:17 PM","","Chest Fly (Machine)",,"Hard plateau",2,"failure",100,6,,,
"Chest/Tricep","Mar 23, 2025, 11:13 AM","Mar 23, 2025, 12:17 PM","","Tricep Extension (Cable)",,"More ROM? + tired",0,"warmup",26.25,12,,,
"Chest/Tricep","Mar 23, 2025, 11:13 AM","Mar 23, 2025, 12:17 PM","","Tricep Extension (Cable)",,"More ROM? + tired",1,"failure",36.25,8,,,
"Chest/Tricep","Mar 23, 2025, 11:13 AM","Mar 23, 2025, 12:17 PM","","Tricep Extension (Cable)",,"More ROM? + tired",2,"failure",38.75,5,,,
"Back/ Biceps","Mar 22, 2025, 11:21 AM","Mar 22, 2025, 12:27 PM","","Lat Pulldown (Cable)",,"Very minor progress",0,"normal",61,12,,,
"Back/ Biceps","Mar 22, 2025, 11:21 AM","Mar 22, 2025, 12:27 PM","","Lat Pulldown (Cable)",,"Very minor progress",1,"failure",75,10,,,
"Back/ Biceps","Mar 22, 2025, 11:21 AM","Mar 22, 2025, 12:27 PM","","Lat Pulldown (Cable)",,"Very minor progress",2,"failure",82,5,,,
"Back/ Biceps","Mar 22, 2025, 11:21 AM","Mar 22, 2025, 12:27 PM","","Hammer Curl (Dumbbell)",,"Feel mega tired",0,"normal",16,12,,,
"Back/ Biceps","Mar 22, 2025, 11:21 AM","Mar 22, 2025, 12:27 PM","","Hammer Curl (Dumbbell)",,"Feel mega tired",1,"failure",20,10,,,
"Back/ Biceps","Mar 22, 2025, 11:21 AM","Mar 22, 2025, 12:27 PM","","Hammer Curl (Dumbbell)",,"Feel mega tired",2,"failure",22,5,,,
"Back/ Biceps","Mar 22, 2025, 11:21 AM","Mar 22, 2025, 12:27 PM","","Chest Supported Row",,"10 sets of looking for weights",0,"warmup",111,12,,,
"Back/ Biceps","Mar 22, 2025, 11:21 AM","Mar 22, 2025, 12:27 PM","","Chest Supported Row",,"10 sets of looking for weights",1,"failure",161,10,,,
"Back/ Biceps","Mar 22, 2025, 11:21 AM","Mar 22, 2025, 12:27 PM","","Chest Supported Row",,"10 sets of looking for weights",2,"failure",181,5,,,
"Back/ Biceps","Mar 22, 2025, 11:21 AM","Mar 22, 2025, 12:27 PM","","Rear Delt Reverse Fly (Machine)",,"",0,"warmup",45,12,,,
"Back/ Biceps","Mar 22, 2025, 11:21 AM","Mar 22, 2025, 12:27 PM","","Rear Delt Reverse Fly (Machine)",,"",1,"failure",65,10,,,
"Back/ Biceps","Mar 22, 2025, 11:21 AM","Mar 22, 2025, 12:27 PM","","Rear Delt Reverse Fly (Machine)",,"",2,"failure",70,6,,,
"Back/ Biceps","Mar 22, 2025, 11:21 AM","Mar 22, 2025, 12:27 PM","","Single Arm Preacher Curl (Machine)",,"Minor progs",0,"normal",20,12,,,
"Back/ Biceps","Mar 22, 2025, 11:21 AM","Mar 22, 2025, 12:27 PM","","Single Arm Preacher Curl (Machine)",,"Minor progs",1,"failure",25,9,,,
"Back/ Biceps","Mar 22, 2025, 11:21 AM","Mar 22, 2025, 12:27 PM","","Single Arm Preacher Curl (Machine)",,"Minor progs",2,"failure",30,5,,,
"Back/ Biceps","Mar 19, 2025, 8:19 PM","Mar 19, 2025, 9:56 PM","","Lat Pulldown (Cable)",,"",0,"normal",61,12,,,
"Back/ Biceps","Mar 19, 2025, 8:19 PM","Mar 19, 2025, 9:56 PM","","Lat Pulldown (Cable)",,"",1,"failure",75,9,,,
"Back/ Biceps","Mar 19, 2025, 8:19 PM","Mar 19, 2025, 9:56 PM","","Lat Pulldown (Cable)",,"",2,"failure",82,5,,,
"Back/ Biceps","Mar 19, 2025, 8:19 PM","Mar 19, 2025, 9:56 PM","","Hammer Curl (Dumbbell)",,"",0,"normal",16,12,,,
"Back/ Biceps","Mar 19, 2025, 8:19 PM","Mar 19, 2025, 9:56 PM","","Hammer Curl (Dumbbell)",,"",1,"failure",20,9,,,
"Back/ Biceps","Mar 19, 2025, 8:19 PM","Mar 19, 2025, 9:56 PM","","Hammer Curl (Dumbbell)",,"",2,"failure",22,4,,,
"Back/ Biceps","Mar 19, 2025, 8:19 PM","Mar 19, 2025, 9:56 PM","","Chest Supported Row",,"",0,"warmup",111,12,,,
"Back/ Biceps","Mar 19, 2025, 8:19 PM","Mar 19, 2025, 9:56 PM","","Chest Supported Row",,"",1,"failure",161,9,,,
"Back/ Biceps","Mar 19, 2025, 8:19 PM","Mar 19, 2025, 9:56 PM","","Chest Supported Row",,"",2,"failure",181,5,,,
"Back/ Biceps","Mar 19, 2025, 8:19 PM","Mar 19, 2025, 9:56 PM","","Back Extension (Weighted Hyperextension)",,"Im new king",0,"normal",,12,,,
"Back/ Biceps","Mar 19, 2025, 8:19 PM","Mar 19, 2025, 9:56 PM","","Back Extension (Weighted Hyperextension)",,"Im new king",1,"normal",10,9,,,
"Back/ Biceps","Mar 19, 2025, 8:19 PM","Mar 19, 2025, 9:56 PM","","Back Extension (Weighted Hyperextension)",,"Im new king",2,"normal",15,10,,,
"Back/ Biceps","Mar 19, 2025, 8:19 PM","Mar 19, 2025, 9:56 PM","","Seated Cable Row - V Grip (Cable)",,"Semi filler",0,"normal",70,12,,,
"Back/ Biceps","Mar 19, 2025, 8:19 PM","Mar 19, 2025, 9:56 PM","","Seated Cable Row - V Grip (Cable)",,"Semi filler",1,"failure",80,6,,,
"Back/ Biceps","Mar 19, 2025, 8:19 PM","Mar 19, 2025, 9:56 PM","","Rear Delt Reverse Fly (Machine)",,"Tired?",0,"warmup",45,12,,,
"Back/ Biceps","Mar 19, 2025, 8:19 PM","Mar 19, 2025, 9:56 PM","","Rear Delt Reverse Fly (Machine)",,"Tired?",1,"failure",65,10,,,
"Back/ Biceps","Mar 19, 2025, 8:19 PM","Mar 19, 2025, 9:56 PM","","Rear Delt Reverse Fly (Machine)",,"Tired?",2,"failure",70,5,,,
"Back/ Biceps","Mar 19, 2025, 8:19 PM","Mar 19, 2025, 9:56 PM","","Single Arm Preacher Curl (Machine)",,"Not progging",0,"normal",20,12,,,
"Back/ Biceps","Mar 19, 2025, 8:19 PM","Mar 19, 2025, 9:56 PM","","Single Arm Preacher Curl (Machine)",,"Not progging",1,"failure",25,8,,,
"Back/ Biceps","Mar 19, 2025, 8:19 PM","Mar 19, 2025, 9:56 PM","","Single Arm Preacher Curl (Machine)",,"Not progging",2,"failure",30,4,,,
"Back/ Biceps","Mar 19, 2025, 8:19 PM","Mar 19, 2025, 9:56 PM","","Treadmill",,"15inc 3speed, gym closed",0,"normal",,,,1516,
"Chest/Tricep","Mar 17, 2025, 7:29 PM","Mar 17, 2025, 8:43 PM","Traded out half the workout for cardio","Bench Press (Barbell)",,"Barely got 5 again",0,"warmup",20,15,,,
"Chest/Tricep","Mar 17, 2025, 7:29 PM","Mar 17, 2025, 8:43 PM","Traded out half the workout for cardio","Bench Press (Barbell)",,"Barely got 5 again",1,"warmup",60,8,,,
"Chest/Tricep","Mar 17, 2025, 7:29 PM","Mar 17, 2025, 8:43 PM","Traded out half the workout for cardio","Bench Press (Barbell)",,"Barely got 5 again",2,"failure",80,5,,,
"Chest/Tricep","Mar 17, 2025, 7:29 PM","Mar 17, 2025, 8:43 PM","Traded out half the workout for cardio","Triceps Pushdown",,"Much stricter form",0,"normal",28.75,12,,,
"Chest/Tricep","Mar 17, 2025, 7:29 PM","Mar 17, 2025, 8:43 PM","Traded out half the workout for cardio","Triceps Pushdown",,"Much stricter form",1,"failure",36.25,11,,,
"Chest/Tricep","Mar 17, 2025, 7:29 PM","Mar 17, 2025, 8:43 PM","Traded out half the workout for cardio","Triceps Pushdown",,"Much stricter form",2,"failure",38.75,4,,,
"Chest/Tricep","Mar 17, 2025, 7:29 PM","Mar 17, 2025, 8:43 PM","Traded out half the workout for cardio","Lateral Raise (Cable)",,"",0,"normal",3.75,12,,,
"Chest/Tricep","Mar 17, 2025, 7:29 PM","Mar 17, 2025, 8:43 PM","Traded out half the workout for cardio","Lateral Raise (Cable)",,"",1,"failure",6.25,9,,,
"Chest/Tricep","Mar 17, 2025, 7:29 PM","Mar 17, 2025, 8:43 PM","Traded out half the workout for cardio","Lateral Raise (Cable)",,"",2,"failure",7.5,4,,,
"Chest/Tricep","Mar 17, 2025, 7:29 PM","Mar 17, 2025, 8:43 PM","Traded out half the workout for cardio","Incline Bench Press (Barbell)",,"No spotter",0,"warmup",40,12,,,
"Chest/Tricep","Mar 17, 2025, 7:29 PM","Mar 17, 2025, 8:43 PM","Traded out half the workout for cardio","Incline Bench Press (Barbell)",,"No spotter",1,"failure",60,8,,,
"Chest/Tricep","Mar 17, 2025, 7:29 PM","Mar 17, 2025, 8:43 PM","Traded out half the workout for cardio","Treadmill",,"15 incline 4 speed",0,"normal",,,,1808,
"Back/ Biceps","Mar 16, 2025, 11:13 AM","Mar 16, 2025, 12:25 PM","","Lat Pulldown (Cable)",,"",0,"normal",61,12,,,
"Back/ Biceps","Mar 16, 2025, 11:13 AM","Mar 16, 2025, 12:25 PM","","Lat Pulldown (Cable)",,"",1,"failure",75,8,,,
"Back/ Biceps","Mar 16, 2025, 11:13 AM","Mar 16, 2025, 12:25 PM","","Lat Pulldown (Cable)",,"",2,"failure",82,4,,,
"Back/ Biceps","Mar 16, 2025, 11:13 AM","Mar 16, 2025, 12:25 PM","","Hammer Curl (Dumbbell)",,"Awful",0,"normal",16,12,,,
"Back/ Biceps","Mar 16, 2025, 11:13 AM","Mar 16, 2025, 12:25 PM","","Hammer Curl (Dumbbell)",,"Awful",1,"failure",20,7,,,
"Back/ Biceps","Mar 16, 2025, 11:13 AM","Mar 16, 2025, 12:25 PM","","Hammer Curl (Dumbbell)",,"Awful",2,"failure",22,4,,,
"Back/ Biceps","Mar 16, 2025, 11:13 AM","Mar 16, 2025, 12:25 PM","","Chest Supported Row",,"Its all going downhill",0,"warmup",91,12,,,
"Back/ Biceps","Mar 16, 2025, 11:13 AM","Mar 16, 2025, 12:25 PM","","Chest Supported Row",,"Its all going downhill",1,"failure",161,8,,,
"Back/ Biceps","Mar 16, 2025, 11:13 AM","Mar 16, 2025, 12:25 PM","","Chest Supported Row",,"Its all going downhill",2,"failure",171,7,,,
"Back/ Biceps","Mar 16, 2025, 11:13 AM","Mar 16, 2025, 12:25 PM","","Single Arm Preacher Curl (Machine)",,"Decent",0,"normal",20,12,,,
"Back/ Biceps","Mar 16, 2025, 11:13 AM","Mar 16, 2025, 12:25 PM","","Single Arm Preacher Curl (Machine)",,"Decent",1,"failure",25,8,,,
"Back/ Biceps","Mar 16, 2025, 11:13 AM","Mar 16, 2025, 12:25 PM","","Single Arm Preacher Curl (Machine)",,"Decent",2,"failure",30,5,,,
"Back/ Biceps","Mar 16, 2025, 11:13 AM","Mar 16, 2025, 12:25 PM","","Deadlift (Barbell)",,"Might do more often",0,"normal",40,6,,,
"Back/ Biceps","Mar 16, 2025, 11:13 AM","Mar 16, 2025, 12:25 PM","","Deadlift (Barbell)",,"Might do more often",1,"normal",60,6,,,
"Back/ Biceps","Mar 16, 2025, 11:13 AM","Mar 16, 2025, 12:25 PM","","Deadlift (Barbell)",,"Might do more often",2,"normal",100,6,,,
"Chest/Shoulder/Tricep","Mar 15, 2025, 7:58 AM","Mar 15, 2025, 9:40 AM","","Bench Press (Barbell)",,"Up a single rep",0,"warmup",20,15,,,
"Chest/Shoulder/Tricep","Mar 15, 2025, 7:58 AM","Mar 15, 2025, 9:40 AM","","Bench Press (Barbell)",,"Up a single rep",1,"warmup",60,8,,,
"Chest/Shoulder/Tricep","Mar 15, 2025, 7:58 AM","Mar 15, 2025, 9:40 AM","","Bench Press (Barbell)",,"Up a single rep",2,"failure",80,5,,,
"Chest/Shoulder/Tricep","Mar 15, 2025, 7:58 AM","Mar 15, 2025, 9:40 AM","","Shoulder Press (Dumbbell)",,"Tired",0,"warmup",16,12,,,
"Chest/Shoulder/Tricep","Mar 15, 2025, 7:58 AM","Mar 15, 2025, 9:40 AM","","Shoulder Press (Dumbbell)",,"Tired",1,"normal",20,12,,,
"Chest/Shoulder/Tricep","Mar 15, 2025, 7:58 AM","Mar 15, 2025, 9:40 AM","","Shoulder Press (Dumbbell)",,"Tired",2,"failure",22,5,,,
"Chest/Shoulder/Tricep","Mar 15, 2025, 7:58 AM","Mar 15, 2025, 9:40 AM","","Tricep Extension (Cable)",,"Gains came back in waves",0,"warmup",28.75,12,,,
"Chest/Shoulder/Tricep","Mar 15, 2025, 7:58 AM","Mar 15, 2025, 9:40 AM","","Tricep Extension (Cable)",,"Gains came back in waves",1,"failure",36.25,12,,,
"Chest/Shoulder/Tricep","Mar 15, 2025, 7:58 AM","Mar 15, 2025, 9:40 AM","","Tricep Extension (Cable)",,"Gains came back in waves",2,"failure",40,5,,,
"Chest/Shoulder/Tricep","Mar 15, 2025, 7:58 AM","Mar 15, 2025, 9:40 AM","","Chest Fly (Machine)",0,"",0,"warmup",70,12,,,
"Chest/Shoulder/Tricep","Mar 15, 2025, 7:58 AM","Mar 15, 2025, 9:40 AM","","Chest Fly (Machine)",0,"",1,"failure",95,8,,,
"Chest/Shoulder/Tricep","Mar 15, 2025, 7:58 AM","Mar 15, 2025, 9:40 AM","","Chest Fly (Machine)",0,"",2,"failure",100,7,,,
"Chest/Shoulder/Tricep","Mar 15, 2025, 7:58 AM","Mar 15, 2025, 9:40 AM","","Lateral Raise (Cable)",0,"",0,"warmup",2.5,12,,,
"Chest/Shoulder/Tricep","Mar 15, 2025, 7:58 AM","Mar 15, 2025, 9:40 AM","","Lateral Raise (Cable)",0,"",1,"failure",5,12,,,
"Chest/Shoulder/Tricep","Mar 15, 2025, 7:58 AM","Mar 15, 2025, 9:40 AM","","Lateral Raise (Cable)",0,"",2,"failure",7.5,4,,,
"Chest/Shoulder/Tricep","Mar 15, 2025, 7:58 AM","Mar 15, 2025, 9:40 AM","","Triceps Pushdown",,"Tired",0,"warmup",28.75,12,,,
"Chest/Shoulder/Tricep","Mar 15, 2025, 7:58 AM","Mar 15, 2025, 9:40 AM","","Triceps Pushdown",,"Tired",1,"failure",33.75,12,,,
"Chest/Shoulder/Tricep","Mar 15, 2025, 7:58 AM","Mar 15, 2025, 9:40 AM","","Triceps Pushdown",,"Tired",2,"dropset",38.75,2,,,
"Chest/Shoulder/Tricep","Mar 15, 2025, 7:58 AM","Mar 15, 2025, 9:40 AM","","Triceps Pushdown",,"Tired",3,"normal",36.25,5,,,
"Chest/Shoulder/Tricep","Mar 15, 2025, 7:58 AM","Mar 15, 2025, 9:40 AM","","Incline Chest Press (Machine)",,"Total weight",0,"normal",50,12,,,
"Chest/Shoulder/Tricep","Mar 15, 2025, 7:58 AM","Mar 15, 2025, 9:40 AM","","Incline Chest Press (Machine)",,"Total weight",1,"normal",60,12,,,
"Chest/Shoulder/Tricep","Mar 15, 2025, 7:58 AM","Mar 15, 2025, 9:40 AM","","Incline Chest Press (Machine)",,"Total weight",2,"failure",70,10,,,
"Chest/Tricep","Mar 12, 2025, 4:08 PM","Mar 12, 2025, 5:35 PM","90kg bench 🥀🦍","Bench Press (Barbell)",,"Yay 🔥",0,"warmup",20,15,,,
"Chest/Tricep","Mar 12, 2025, 4:08 PM","Mar 12, 2025, 5:35 PM","90kg bench 🥀🦍","Bench Press (Barbell)",,"Yay 🔥",1,"warmup",60,8,,,
"Chest/Tricep","Mar 12, 2025, 4:08 PM","Mar 12, 2025, 5:35 PM","90kg bench 🥀🦍","Bench Press (Barbell)",,"Yay 🔥",2,"normal",75,3,,,
"Chest/Tricep","Mar 12, 2025, 4:08 PM","Mar 12, 2025, 5:35 PM","90kg bench 🥀🦍","Bench Press (Barbell)",,"Yay 🔥",3,"normal",90,1,,,
"Chest/Tricep","Mar 12, 2025, 4:08 PM","Mar 12, 2025, 5:35 PM","90kg bench 🥀🦍","Triceps Pushdown",,"Odd",0,"normal",28.75,12,,,
"Chest/Tricep","Mar 12, 2025, 4:08 PM","Mar 12, 2025, 5:35 PM","90kg bench 🥀🦍","Triceps Pushdown",,"Odd",1,"failure",36.25,10,,,
"Chest/Tricep","Mar 12, 2025, 4:08 PM","Mar 12, 2025, 5:35 PM","90kg bench 🥀🦍","Triceps Pushdown",,"Odd",2,"failure",41.25,2,,,
"Chest/Tricep","Mar 12, 2025, 4:08 PM","Mar 12, 2025, 5:35 PM","90kg bench 🥀🦍","Triceps Pushdown",,"Odd",3,"failure",38.75,3,,,
"Chest/Tricep","Mar 12, 2025, 4:08 PM","Mar 12, 2025, 5:35 PM","90kg bench 🥀🦍","Lateral Raise (Cable)",,"Both",0,"warmup",3.75,12,,,
"Chest/Tricep","Mar 12, 2025, 4:08 PM","Mar 12, 2025, 5:35 PM","90kg bench 🥀🦍","Lateral Raise (Cable)",,"Both",1,"failure",6.25,8,,,
"Chest/Tricep","Mar 12, 2025, 4:08 PM","Mar 12, 2025, 5:35 PM","90kg bench 🥀🦍","Lateral Raise (Cable)",,"Both",2,"failure",5,12,,,
"Chest/Tricep","Mar 12, 2025, 4:08 PM","Mar 12, 2025, 5:35 PM","90kg bench 🥀🦍","Incline Bench Press (Barbell)",,"",0,"warmup",40,12,,,
"Chest/Tricep","Mar 12, 2025, 4:08 PM","Mar 12, 2025, 5:35 PM","90kg bench 🥀🦍","Incline Bench Press (Barbell)",,"",1,"failure",60,7,,,
"Chest/Tricep","Mar 12, 2025, 4:08 PM","Mar 12, 2025, 5:35 PM","90kg bench 🥀🦍","Incline Bench Press (Barbell)",,"",2,"failure",70,2,,,
"Chest/Tricep","Mar 12, 2025, 4:08 PM","Mar 12, 2025, 5:35 PM","90kg bench 🥀🦍","Tricep Extension (Cable)",,"Rip gains 🥀",0,"warmup",26.25,12,,,
"Chest/Tricep","Mar 12, 2025, 4:08 PM","Mar 12, 2025, 5:35 PM","90kg bench 🥀🦍","Tricep Extension (Cable)",,"Rip gains 🥀",1,"failure",33.75,10,,,
"Chest/Tricep","Mar 12, 2025, 4:08 PM","Mar 12, 2025, 5:35 PM","90kg bench 🥀🦍","Tricep Extension (Cable)",,"Rip gains 🥀",2,"failure",36.25,7,,,
"Chest/Tricep","Mar 12, 2025, 4:08 PM","Mar 12, 2025, 5:35 PM","90kg bench 🥀🦍","Chest Fly (Machine)",,"Tired?",0,"warmup",70,12,,,
"Chest/Tricep","Mar 12, 2025, 4:08 PM","Mar 12, 2025, 5:35 PM","90kg bench 🥀🦍","Chest Fly (Machine)",,"Tired?",1,"failure",90,10,,,
"Chest/Tricep","Mar 12, 2025, 4:08 PM","Mar 12, 2025, 5:35 PM","90kg bench 🥀🦍","Chest Fly (Machine)",,"Tired?",2,"failure",100,6,,,
"Back/ Biceps","Mar 11, 2025, 4:16 PM","Mar 11, 2025, 5:24 PM","Kingshots","Pull Up (Assisted)",,"",0,"normal",37.5,12,,,
"Back/ Biceps","Mar 11, 2025, 4:16 PM","Mar 11, 2025, 5:24 PM","Kingshots","Pull Up (Assisted)",,"",1,"failure",31.25,10,,,
"Back/ Biceps","Mar 11, 2025, 4:16 PM","Mar 11, 2025, 5:24 PM","Kingshots","Pull Up (Assisted)",,"",2,"failure",28.13,6,,,
"Back/ Biceps","Mar 11, 2025, 4:16 PM","Mar 11, 2025, 5:24 PM","Kingshots","Hammer Curl (Dumbbell)",,"",0,"normal",16,12,,,
"Back/ Biceps","Mar 11, 2025, 4:16 PM","Mar 11, 2025, 5:24 PM","Kingshots","Hammer Curl (Dumbbell)",,"",1,"failure",20,10,,,
"Back/ Biceps","Mar 11, 2025, 4:16 PM","Mar 11, 2025, 5:24 PM","Kingshots","Hammer Curl (Dumbbell)",,"",2,"failure",22,6,,,
"Back/ Biceps","Mar 11, 2025, 4:16 PM","Mar 11, 2025, 5:24 PM","Kingshots","Decline Sit Ups",,"",0,"normal",,15,,,
"Back/ Biceps","Mar 11, 2025, 4:16 PM","Mar 11, 2025, 5:24 PM","Kingshots","Chest Supported Row",,"",0,"warmup",101,12,,,
"Back/ Biceps","Mar 11, 2025, 4:16 PM","Mar 11, 2025, 5:24 PM","Kingshots","Chest Supported Row",,"",1,"failure",161,9,,,
"Back/ Biceps","Mar 11, 2025, 4:16 PM","Mar 11, 2025, 5:24 PM","Kingshots","Chest Supported Row",,"",2,"failure",171,7,,,
"Back/ Biceps","Mar 11, 2025, 4:16 PM","Mar 11, 2025, 5:24 PM","Kingshots","Seated Incline Curl (Dumbbell)",,"",0,"normal",12,12,,,
"Back/ Biceps","Mar 11, 2025, 4:16 PM","Mar 11, 2025, 5:24 PM","Kingshots","Seated Incline Curl (Dumbbell)",,"",1,"failure",14,9,,,
"Back/ Biceps","Mar 11, 2025, 4:16 PM","Mar 11, 2025, 5:24 PM","Kingshots","Seated Incline Curl (Dumbbell)",,"",2,"failure",16,5,,,
"Chest/Tricep","Mar 10, 2025, 7:35 PM","Mar 10, 2025, 9:01 PM","Solitaire ain’t so bad","Bench Press (Barbell)",,"Again got 4",0,"warmup",20,15,,,
"Chest/Tricep","Mar 10, 2025, 7:35 PM","Mar 10, 2025, 9:01 PM","Solitaire ain’t so bad","Bench Press (Barbell)",,"Again got 4",1,"warmup",60,8,,,
"Chest/Tricep","Mar 10, 2025, 7:35 PM","Mar 10, 2025, 9:01 PM","Solitaire ain’t so bad","Bench Press (Barbell)",,"Again got 4",2,"failure",80,4,,,
"Chest/Tricep","Mar 10, 2025, 7:35 PM","Mar 10, 2025, 9:01 PM","Solitaire ain’t so bad","Triceps Pushdown",,"40 a bit heavy",0,"normal",28.75,12,,,
"Chest/Tricep","Mar 10, 2025, 7:35 PM","Mar 10, 2025, 9:01 PM","Solitaire ain’t so bad","Triceps Pushdown",,"40 a bit heavy",1,"failure",36.25,10,,,
"Chest/Tricep","Mar 10, 2025, 7:35 PM","Mar 10, 2025, 9:01 PM","Solitaire ain’t so bad","Triceps Pushdown",,"40 a bit heavy",2,"failure",40,6,,,
"Chest/Tricep","Mar 10, 2025, 7:35 PM","Mar 10, 2025, 9:01 PM","Solitaire ain’t so bad","Lateral Raise (Cable)",,"W is per arm",0,"normal",5,12,,,
"Chest/Tricep","Mar 10, 2025, 7:35 PM","Mar 10, 2025, 9:01 PM","Solitaire ain’t so bad","Lateral Raise (Cable)",,"W is per arm",1,"failure",7.5,7,,,
"Chest/Tricep","Mar 10, 2025, 7:35 PM","Mar 10, 2025, 9:01 PM","Solitaire ain’t so bad","Lateral Raise (Cable)",,"W is per arm",2,"failure",7.5,5,,,
"Chest/Tricep","Mar 10, 2025, 7:35 PM","Mar 10, 2025, 9:01 PM","Solitaire ain’t so bad","Incline Bench Press (Barbell)",,"No spotter on 2nd set",0,"warmup",20,12,,,
"Chest/Tricep","Mar 10, 2025, 7:35 PM","Mar 10, 2025, 9:01 PM","Solitaire ain’t so bad","Incline Bench Press (Barbell)",,"No spotter on 2nd set",1,"normal",60,6,,,
"Chest/Tricep","Mar 10, 2025, 7:35 PM","Mar 10, 2025, 9:01 PM","Solitaire ain’t so bad","Incline Bench Press (Barbell)",,"No spotter on 2nd set",2,"failure",70,2,,,
"Chest/Tricep","Mar 10, 2025, 7:35 PM","Mar 10, 2025, 9:01 PM","Solitaire ain’t so bad","Tricep Extension (Cable)",,"Please come back to me tricep strength gains",0,"warmup",26.25,12,,,
"Chest/Tricep","Mar 10, 2025, 7:35 PM","Mar 10, 2025, 9:01 PM","Solitaire ain’t so bad","Tricep Extension (Cable)",,"Please come back to me tricep strength gains",1,"failure",33.75,10,,,
"Chest/Tricep","Mar 10, 2025, 7:35 PM","Mar 10, 2025, 9:01 PM","Solitaire ain’t so bad","Tricep Extension (Cable)",,"Please come back to me tricep strength gains",2,"failure",36.25,5,,,
"Chest/Tricep","Mar 10, 2025, 7:35 PM","Mar 10, 2025, 9:01 PM","Solitaire ain’t so bad","Treadmill",,"Max (15) incline 4 speed",0,"normal",,,,1817,
"Back/ Biceps","Mar 9, 2025, 1:40 PM","Mar 9, 2025, 3:35 PM","Cardio ain’t even bad, it’s just boring","Lat Pulldown (Cable)",,"",0,"normal",61,12,,,
"Back/ Biceps","Mar 9, 2025, 1:40 PM","Mar 9, 2025, 3:35 PM","Cardio ain’t even bad, it’s just boring","Lat Pulldown (Cable)",,"",1,"failure",75,9,,,
"Back/ Biceps","Mar 9, 2025, 1:40 PM","Mar 9, 2025, 3:35 PM","Cardio ain’t even bad, it’s just boring","Lat Pulldown (Cable)",,"",2,"failure",82,6,,,
"Back/ Biceps","Mar 9, 2025, 1:40 PM","Mar 9, 2025, 3:35 PM","Cardio ain’t even bad, it’s just boring","Hammer Curl (Dumbbell)",,"Per arm",0,"normal",16,12,,,
"Back/ Biceps","Mar 9, 2025, 1:40 PM","Mar 9, 2025, 3:35 PM","Cardio ain’t even bad, it’s just boring","Hammer Curl (Dumbbell)",,"Per arm",1,"failure",20,10,,,
"Back/ Biceps","Mar 9, 2025, 1:40 PM","Mar 9, 2025, 3:35 PM","Cardio ain’t even bad, it’s just boring","Hammer Curl (Dumbbell)",,"Per arm",2,"failure",22,5,,,
"Back/ Biceps","Mar 9, 2025, 1:40 PM","Mar 9, 2025, 3:35 PM","Cardio ain’t even bad, it’s just boring","Chest Supported Row",,"Total w",0,"warmup",91,12,,,
"Back/ Biceps","Mar 9, 2025, 1:40 PM","Mar 9, 2025, 3:35 PM","Cardio ain’t even bad, it’s just boring","Chest Supported Row",,"Total w",1,"failure",161,9,,,
"Back/ Biceps","Mar 9, 2025, 1:40 PM","Mar 9, 2025, 3:35 PM","Cardio ain’t even bad, it’s just boring","Chest Supported Row",,"Total w",2,"failure",171,6,,,
"Back/ Biceps","Mar 9, 2025, 1:40 PM","Mar 9, 2025, 3:35 PM","Cardio ain’t even bad, it’s just boring","Single Arm Preacher Curl (Machine)",,"Trial cuz potential imbalanced bicep str",0,"normal",20,12,,,
"Back/ Biceps","Mar 9, 2025, 1:40 PM","Mar 9, 2025, 3:35 PM","Cardio ain’t even bad, it’s just boring","Single Arm Preacher Curl (Machine)",,"Trial cuz potential imbalanced bicep str",1,"failure",25,8,,,
"Back/ Biceps","Mar 9, 2025, 1:40 PM","Mar 9, 2025, 3:35 PM","Cardio ain’t even bad, it’s just boring","Single Arm Preacher Curl (Machine)",,"Trial cuz potential imbalanced bicep str",2,"failure",30,5,,,
"Back/ Biceps","Mar 9, 2025, 1:40 PM","Mar 9, 2025, 3:35 PM","Cardio ain’t even bad, it’s just boring","Rear Delt Reverse Fly (Machine)",,"",0,"warmup",45,12,,,
"Back/ Biceps","Mar 9, 2025, 1:40 PM","Mar 9, 2025, 3:35 PM","Cardio ain’t even bad, it’s just boring","Rear Delt Reverse Fly (Machine)",,"",1,"failure",65,12,,,
"Back/ Biceps","Mar 9, 2025, 1:40 PM","Mar 9, 2025, 3:35 PM","Cardio ain’t even bad, it’s just boring","Rear Delt Reverse Fly (Machine)",,"",2,"failure",70,7,,,
"Back/ Biceps","Mar 9, 2025, 1:40 PM","Mar 9, 2025, 3:35 PM","Cardio ain’t even bad, it’s just boring","Seated Cable Row - V Grip (Cable)",,"",0,"normal",60,12,,,
"Back/ Biceps","Mar 9, 2025, 1:40 PM","Mar 9, 2025, 3:35 PM","Cardio ain’t even bad, it’s just boring","Seated Cable Row - V Grip (Cable)",,"",1,"failure",70,10,,,
"Back/ Biceps","Mar 9, 2025, 1:40 PM","Mar 9, 2025, 3:35 PM","Cardio ain’t even bad, it’s just boring","Seated Cable Row - V Grip (Cable)",,"",2,"failure",80,6,,,
"Back/ Biceps","Mar 9, 2025, 1:40 PM","Mar 9, 2025, 3:35 PM","Cardio ain’t even bad, it’s just boring","Treadmill",,"6 incline 5 speed",0,"normal",,,,2493,
"Chest/Tricep","Mar 8, 2025, 9:21 AM","Mar 8, 2025, 10:39 AM","","Bench Press (Barbell)",,"Rah",0,"warmup",20,15,,,
"Chest/Tricep","Mar 8, 2025, 9:21 AM","Mar 8, 2025, 10:39 AM","","Bench Press (Barbell)",,"Rah",1,"warmup",60,6,,,
"Chest/Tricep","Mar 8, 2025, 9:21 AM","Mar 8, 2025, 10:39 AM","","Bench Press (Barbell)",,"Rah",2,"failure",80,4,,,
"Chest/Tricep","Mar 8, 2025, 9:21 AM","Mar 8, 2025, 10:39 AM","","Shoulder Press (Dumbbell)",,"",0,"warmup",16,12,,,
"Chest/Tricep","Mar 8, 2025, 9:21 AM","Mar 8, 2025, 10:39 AM","","Shoulder Press (Dumbbell)",,"",1,"failure",20,12,,,
"Chest/Tricep","Mar 8, 2025, 9:21 AM","Mar 8, 2025, 10:39 AM","","Shoulder Press (Dumbbell)",,"",2,"failure",22,10,,,
"Chest/Tricep","Mar 8, 2025, 9:21 AM","Mar 8, 2025, 10:39 AM","","JM Press (Barbell)",,"",0,"warmup",15,12,,,
"Chest/Tricep","Mar 8, 2025, 9:21 AM","Mar 8, 2025, 10:39 AM","","JM Press (Barbell)",,"",1,"failure",30,12,,,
"Chest/Tricep","Mar 8, 2025, 9:21 AM","Mar 8, 2025, 10:39 AM","","JM Press (Barbell)",,"",2,"failure",35,6,,,
"Chest/Tricep","Mar 8, 2025, 9:21 AM","Mar 8, 2025, 10:39 AM","","Incline Bench Press (Barbell)",,"",0,"warmup",20,12,,,
"Chest/Tricep","Mar 8, 2025, 9:21 AM","Mar 8, 2025, 10:39 AM","","Incline Bench Press (Barbell)",,"",1,"normal",50,12,,,
"Chest/Tricep","Mar 8, 2025, 9:21 AM","Mar 8, 2025, 10:39 AM","","Incline Bench Press (Barbell)",,"",2,"failure",70,2,,,
"Chest/Tricep","Mar 8, 2025, 9:21 AM","Mar 8, 2025, 10:39 AM","","Triceps Pushdown",,"",0,"normal",28.75,12,,,
"Chest/Tricep","Mar 8, 2025, 9:21 AM","Mar 8, 2025, 10:39 AM","","Triceps Pushdown",,"",1,"normal",33.75,12,,,
"Chest/Tricep","Mar 8, 2025, 9:21 AM","Mar 8, 2025, 10:39 AM","","Triceps Pushdown",,"",2,"failure",36.25,7,,,
"Legs","Mar 6, 2025, 7:19 PM","Mar 6, 2025, 8:09 PM","Nonchalant","Leg Press (Machine)",,"bit Deeper rom",0,"warmup",147,12,,,
"Legs","Mar 6, 2025, 7:19 PM","Mar 6, 2025, 8:09 PM","Nonchalant","Leg Press (Machine)",,"bit Deeper rom",1,"normal",247,12,,,
"Legs","Mar 6, 2025, 7:19 PM","Mar 6, 2025, 8:09 PM","Nonchalant","Leg Press (Machine)",,"bit Deeper rom",2,"failure",297,7,,,
"Legs","Mar 6, 2025, 7:19 PM","Mar 6, 2025, 8:09 PM","Nonchalant","Lying Leg Curl (Machine)",,"Light mid set => go up?",0,"normal",50,12,,,
"Legs","Mar 6, 2025, 7:19 PM","Mar 6, 2025, 8:09 PM","Nonchalant","Lying Leg Curl (Machine)",,"Light mid set => go up?",1,"normal",65,12,,,
"Legs","Mar 6, 2025, 7:19 PM","Mar 6, 2025, 8:09 PM","Nonchalant","Lying Leg Curl (Machine)",,"Light mid set => go up?",2,"failure",70,10,,,
"Legs","Mar 6, 2025, 7:19 PM","Mar 6, 2025, 8:09 PM","Nonchalant","Leg Extension (Machine)",,"Tryna get below 8 reps on 2nd and 3rd set",0,"warmup",100,12,,,
"Legs","Mar 6, 2025, 7:19 PM","Mar 6, 2025, 8:09 PM","Nonchalant","Leg Extension (Machine)",,"Tryna get below 8 reps on 2nd and 3rd set",1,"failure",140,9,,,
"Legs","Mar 6, 2025, 7:19 PM","Mar 6, 2025, 8:09 PM","Nonchalant","Leg Extension (Machine)",,"Tryna get below 8 reps on 2nd and 3rd set",2,"failure",145,5,,,
"Legs","Mar 6, 2025, 7:19 PM","Mar 6, 2025, 8:09 PM","Nonchalant","Hip Adduction (Machine)",,"",0,"warmup",70,12,,,
"Legs","Mar 6, 2025, 7:19 PM","Mar 6, 2025, 8:09 PM","Nonchalant","Hip Adduction (Machine)",,"",1,"failure",95,11,,,
"Legs","Mar 6, 2025, 7:19 PM","Mar 6, 2025, 8:09 PM","Nonchalant","Hip Adduction (Machine)",,"",2,"failure",100,9,,,
"Chest/Tricep","Mar 5, 2025, 3:04 PM","Mar 5, 2025, 4:23 PM","","Bench Press (Barbell)",,"Good?",0,"warmup",20,15,,,
"Chest/Tricep","Mar 5, 2025, 3:04 PM","Mar 5, 2025, 4:23 PM","","Bench Press (Barbell)",,"Good?",1,"warmup",40,12,,,
"Chest/Tricep","Mar 5, 2025, 3:04 PM","Mar 5, 2025, 4:23 PM","","Bench Press (Barbell)",,"Good?",2,"normal",60,6,,,
"Chest/Tricep","Mar 5, 2025, 3:04 PM","Mar 5, 2025, 4:23 PM","","Bench Press (Barbell)",,"Good?",3,"failure",80,4,,,
"Chest/Tricep","Mar 5, 2025, 3:04 PM","Mar 5, 2025, 4:23 PM","","Shoulder Press (Dumbbell)",,"Peculiar",0,"warmup",16,12,,,
"Chest/Tricep","Mar 5, 2025, 3:04 PM","Mar 5, 2025, 4:23 PM","","Shoulder Press (Dumbbell)",,"Peculiar",1,"failure",20,10,,,
"Chest/Tricep","Mar 5, 2025, 3:04 PM","Mar 5, 2025, 4:23 PM","","Shoulder Press (Dumbbell)",,"Peculiar",2,"failure",22,6,,,
"Chest/Tricep","Mar 5, 2025, 3:04 PM","Mar 5, 2025, 4:23 PM","","Triceps Pushdown",,"Wavy bar on 1st set and rope on rest",0,"normal",28.75,12,,,
"Chest/Tricep","Mar 5, 2025, 3:04 PM","Mar 5, 2025, 4:23 PM","","Triceps Pushdown",,"Wavy bar on 1st set and rope on rest",1,"normal",21.25,12,,,
"Chest/Tricep","Mar 5, 2025, 3:04 PM","Mar 5, 2025, 4:23 PM","","Triceps Pushdown",,"Wavy bar on 1st set and rope on rest",2,"failure",26.25,6,,,
"Chest/Tricep","Mar 5, 2025, 3:04 PM","Mar 5, 2025, 4:23 PM","","Chest Fly (Machine)",,"",0,"warmup",70,12,,,
"Chest/Tricep","Mar 5, 2025, 3:04 PM","Mar 5, 2025, 4:23 PM","","Chest Fly (Machine)",,"",1,"failure",90,12,,,
"Chest/Tricep","Mar 5, 2025, 3:04 PM","Mar 5, 2025, 4:23 PM","","Chest Fly (Machine)",,"",2,"failure",100,6,,,
"Chest/Tricep","Mar 5, 2025, 3:04 PM","Mar 5, 2025, 4:23 PM","","Lateral Raise (Cable)",,"Demonic - 1 arm at a time",0,"normal",3.75,12,,,
"Chest/Tricep","Mar 5, 2025, 3:04 PM","Mar 5, 2025, 4:23 PM","","Lateral Raise (Cable)",,"Demonic - 1 arm at a time",1,"failure",6.25,10,,,
"Chest/Tricep","Mar 5, 2025, 3:04 PM","Mar 5, 2025, 4:23 PM","","Lateral Raise (Cable)",,"Demonic - 1 arm at a time",2,"failure",6.85,7,,,
"Chest/Tricep","Mar 5, 2025, 3:04 PM","Mar 5, 2025, 4:23 PM","","Tricep Extension (Cable)",,"I miss the gains 🥀",0,"normal",31.25,12,,,
"Chest/Tricep","Mar 5, 2025, 3:04 PM","Mar 5, 2025, 4:23 PM","","Tricep Extension (Cable)",,"I miss the gains 🥀",1,"failure",33.75,10,,,
"Chest/Tricep","Mar 5, 2025, 3:04 PM","Mar 5, 2025, 4:23 PM","","Tricep Extension (Cable)",,"I miss the gains 🥀",2,"failure",36.25,7,,,
"Chest/Tricep","Mar 5, 2025, 3:04 PM","Mar 5, 2025, 4:23 PM","","Incline Bench Press (Dumbbell)",,"30 deg incline - w is per arm",0,"warmup",16,12,,,
"Chest/Tricep","Mar 5, 2025, 3:04 PM","Mar 5, 2025, 4:23 PM","","Incline Bench Press (Dumbbell)",,"30 deg incline - w is per arm",1,"normal",20,12,,,
"Chest/Tricep","Mar 5, 2025, 3:04 PM","Mar 5, 2025, 4:23 PM","","Incline Bench Press (Dumbbell)",,"30 deg incline - w is per arm",2,"failure",24,6,,,
"Back/ Biceps","Mar 4, 2025, 7:41 PM","Mar 4, 2025, 8:36 PM","","Pull Up (Assisted)",,"Rah",0,"normal",37.5,12,,,
"Back/ Biceps","Mar 4, 2025, 7:41 PM","Mar 4, 2025, 8:36 PM","","Pull Up (Assisted)",,"Rah",1,"failure",31.25,9,,,
"Back/ Biceps","Mar 4, 2025, 7:41 PM","Mar 4, 2025, 8:36 PM","","Pull Up (Assisted)",,"Rah",2,"failure",31.25,8,,,
"Back/ Biceps","Mar 4, 2025, 7:41 PM","Mar 4, 2025, 8:36 PM","","Hammer Curl (Dumbbell)",,"Per arm",0,"normal",16,12,,,
"Back/ Biceps","Mar 4, 2025, 7:41 PM","Mar 4, 2025, 8:36 PM","","Hammer Curl (Dumbbell)",,"Per arm",1,"normal",18,12,,,
"Back/ Biceps","Mar 4, 2025, 7:41 PM","Mar 4, 2025, 8:36 PM","","Hammer Curl (Dumbbell)",,"Per arm",2,"failure",20,9,,,
"Back/ Biceps","Mar 4, 2025, 7:41 PM","Mar 4, 2025, 8:36 PM","","Chest Supported Row",,"Total w (base w is 5.5kg per arm) - same machine as last time but actually an accurate name",0,"warmup",91,12,,,
"Back/ Biceps","Mar 4, 2025, 7:41 PM","Mar 4, 2025, 8:36 PM","","Chest Supported Row",,"Total w (base w is 5.5kg per arm) - same machine as last time but actually an accurate name",1,"failure",151,12,,,
"Back/ Biceps","Mar 4, 2025, 7:41 PM","Mar 4, 2025, 8:36 PM","","Chest Supported Row",,"Total w (base w is 5.5kg per arm) - same machine as last time but actually an accurate name",2,"failure",161,8,,,
"Back/ Biceps","Mar 4, 2025, 7:41 PM","Mar 4, 2025, 8:36 PM","","Preacher Curl (Machine)",,"Probs should swap to a isolateral movement",0,"normal",50,12,,,
"Back/ Biceps","Mar 4, 2025, 7:41 PM","Mar 4, 2025, 8:36 PM","","Preacher Curl (Machine)",,"Probs should swap to a isolateral movement",1,"failure",55,8,,,
"Back/ Biceps","Mar 4, 2025, 7:41 PM","Mar 4, 2025, 8:36 PM","","Preacher Curl (Machine)",,"Probs should swap to a isolateral movement",2,"failure",60,7,,,
"Back/ Biceps","Mar 4, 2025, 7:41 PM","Mar 4, 2025, 8:36 PM","","Rear Delt Reverse Fly (Machine)",,"Eye of rah",0,"warmup",45,12,,,
"Back/ Biceps","Mar 4, 2025, 7:41 PM","Mar 4, 2025, 8:36 PM","","Rear Delt Reverse Fly (Machine)",,"Eye of rah",1,"failure",65,10,,,
"Back/ Biceps","Mar 4, 2025, 7:41 PM","Mar 4, 2025, 8:36 PM","","Rear Delt Reverse Fly (Machine)",,"Eye of rah",2,"failure",70,7,,,
"Back/ Biceps","Mar 2, 2025, 3:08 PM","Mar 2, 2025, 4:16 PM","","Lat Pulldown (Cable)",,"Rip",0,"normal",54,12,,,
"Back/ Biceps","Mar 2, 2025, 3:08 PM","Mar 2, 2025, 4:16 PM","","Lat Pulldown (Cable)",,"Rip",1,"failure",68,11,,,
"Back/ Biceps","Mar 2, 2025, 3:08 PM","Mar 2, 2025, 4:16 PM","","Lat Pulldown (Cable)",,"Rip",2,"failure",75,8,,,
"Back/ Biceps","Mar 2, 2025, 3:08 PM","Mar 2, 2025, 4:16 PM","","Hammer Curl (Dumbbell)",,"",0,"normal",16,12,,,
"Back/ Biceps","Mar 2, 2025, 3:08 PM","Mar 2, 2025, 4:16 PM","","Hammer Curl (Dumbbell)",,"",1,"failure",18,12,,,
"Back/ Biceps","Mar 2, 2025, 3:08 PM","Mar 2, 2025, 4:16 PM","","Hammer Curl (Dumbbell)",,"",2,"failure",20,8,,,
"Back/ Biceps","Mar 2, 2025, 3:08 PM","Mar 2, 2025, 4:16 PM","","Iso-Lateral Row (Machine)",,"High intensity low quantity",0,"warmup",91,12,,,
"Back/ Biceps","Mar 2, 2025, 3:08 PM","Mar 2, 2025, 4:16 PM","","Iso-Lateral Row (Machine)",,"High intensity low quantity",1,"failure",151,11,,,
"Back/ Biceps","Mar 2, 2025, 3:08 PM","Mar 2, 2025, 4:16 PM","","Iso-Lateral Row (Machine)",,"High intensity low quantity",2,"failure",161,10,,,
"Back/ Biceps","Mar 2, 2025, 3:08 PM","Mar 2, 2025, 4:16 PM","","Rear Delt Reverse Fly (Machine)",,"",0,"normal",45,12,,,
"Back/ Biceps","Mar 2, 2025, 3:08 PM","Mar 2, 2025, 4:16 PM","","Rear Delt Reverse Fly (Machine)",,"",1,"normal",50,12,,,
"Back/ Biceps","Mar 2, 2025, 3:08 PM","Mar 2, 2025, 4:16 PM","","Rear Delt Reverse Fly (Machine)",,"",2,"failure",65,8,,,
"Back/ Biceps","Mar 2, 2025, 3:08 PM","Mar 2, 2025, 4:16 PM","","Sit Up",,"Filler",0,"normal",,15,,,
"Back/ Biceps","Mar 2, 2025, 3:08 PM","Mar 2, 2025, 4:16 PM","","Preacher Curl (Machine)",,"",0,"normal",50,12,,,
"Back/ Biceps","Mar 2, 2025, 3:08 PM","Mar 2, 2025, 4:16 PM","","Preacher Curl (Machine)",,"",1,"failure",55,8,,,
"Back/ Biceps","Mar 2, 2025, 3:08 PM","Mar 2, 2025, 4:16 PM","","Preacher Curl (Machine)",,"",2,"failure",60,5,,,
"Chest/Tricep","Mar 1, 2025, 10:22 AM","Mar 1, 2025, 11:37 AM","Holy shit my bench went up","Bench Press (Barbell)",,"Holy shit I went up",0,"warmup",20,15,,,
"Chest/Tricep","Mar 1, 2025, 10:22 AM","Mar 1, 2025, 11:37 AM","Holy shit my bench went up","Bench Press (Barbell)",,"Holy shit I went up",1,"normal",60,6,,,
"Chest/Tricep","Mar 1, 2025, 10:22 AM","Mar 1, 2025, 11:37 AM","Holy shit my bench went up","Bench Press (Barbell)",,"Holy shit I went up",2,"failure",75,8,,,
"Chest/Tricep","Mar 1, 2025, 10:22 AM","Mar 1, 2025, 11:37 AM","Holy shit my bench went up","Shoulder Press (Dumbbell)",,"Odd",0,"warmup",16,12,,,
"Chest/Tricep","Mar 1, 2025, 10:22 AM","Mar 1, 2025, 11:37 AM","Holy shit my bench went up","Shoulder Press (Dumbbell)",,"Odd",1,"failure",20,12,,,
"Chest/Tricep","Mar 1, 2025, 10:22 AM","Mar 1, 2025, 11:37 AM","Holy shit my bench went up","Shoulder Press (Dumbbell)",,"Odd",2,"failure",22,7,,,
"Chest/Tricep","Mar 1, 2025, 10:22 AM","Mar 1, 2025, 11:37 AM","Holy shit my bench went up","Triceps Pushdown",,"Its going downhill",0,"normal",28.75,12,,,
"Chest/Tricep","Mar 1, 2025, 10:22 AM","Mar 1, 2025, 11:37 AM","Holy shit my bench went up","Triceps Pushdown",,"Its going downhill",1,"failure",32.5,12,,,
"Chest/Tricep","Mar 1, 2025, 10:22 AM","Mar 1, 2025, 11:37 AM","Holy shit my bench went up","Triceps Pushdown",,"Its going downhill",2,"failure",36.25,6,,,
"Chest/Tricep","Mar 1, 2025, 10:22 AM","Mar 1, 2025, 11:37 AM","Holy shit my bench went up","Incline Bench Press (Barbell)",,"",0,"normal",20,15,,,
"Chest/Tricep","Mar 1, 2025, 10:22 AM","Mar 1, 2025, 11:37 AM","Holy shit my bench went up","Incline Bench Press (Barbell)",,"",1,"failure",50,12,,,
"Chest/Tricep","Mar 1, 2025, 10:22 AM","Mar 1, 2025, 11:37 AM","Holy shit my bench went up","Incline Bench Press (Barbell)",,"",2,"failure",60,7,,,
"Chest/Tricep","Mar 1, 2025, 10:22 AM","Mar 1, 2025, 11:37 AM","Holy shit my bench went up","Lateral Raise (Dumbbell)",,"",0,"normal",6,12,,,
"Chest/Tricep","Mar 1, 2025, 10:22 AM","Mar 1, 2025, 11:37 AM","Holy shit my bench went up","Lateral Raise (Dumbbell)",,"",1,"failure",10,12,,,
"Chest/Tricep","Mar 1, 2025, 10:22 AM","Mar 1, 2025, 11:37 AM","Holy shit my bench went up","Lateral Raise (Dumbbell)",,"",2,"failure",12,4,,,
"Chest/Tricep","Mar 1, 2025, 10:22 AM","Mar 1, 2025, 11:37 AM","Holy shit my bench went up","Chest Fly (Machine)",,"",0,"warmup",70,12,,,
"Chest/Tricep","Mar 1, 2025, 10:22 AM","Mar 1, 2025, 11:37 AM","Holy shit my bench went up","Chest Fly (Machine)",,"",1,"failure",90,8,,,
"Chest/Tricep","Mar 1, 2025, 10:22 AM","Mar 1, 2025, 11:37 AM","Holy shit my bench went up","Chest Fly (Machine)",,"",2,"failure",100,5,,,
"Chest/Tricep","Mar 1, 2025, 10:22 AM","Mar 1, 2025, 11:37 AM","Holy shit my bench went up","Tricep Extension (Cable)",,"Where gains go",0,"normal",31.25,12,,,
"Chest/Tricep","Mar 1, 2025, 10:22 AM","Mar 1, 2025, 11:37 AM","Holy shit my bench went up","Tricep Extension (Cable)",,"Where gains go",1,"failure",33.75,10,,,
"Chest/Tricep","Mar 1, 2025, 10:22 AM","Mar 1, 2025, 11:37 AM","Holy shit my bench went up","Tricep Extension (Cable)",,"Where gains go",2,"failure",36.25,5,,,
"Legs","Feb 27, 2025, 4:48 PM","Feb 27, 2025, 5:54 PM","King?","Lying Leg Curl (Machine)",,"",0,"normal",50,12,,,
"Legs","Feb 27, 2025, 4:48 PM","Feb 27, 2025, 5:54 PM","King?","Lying Leg Curl (Machine)",,"",1,"failure",65,12,,,
"Legs","Feb 27, 2025, 4:48 PM","Feb 27, 2025, 5:54 PM","King?","Lying Leg Curl (Machine)",,"",2,"failure",70,9,,,
"Legs","Feb 27, 2025, 4:48 PM","Feb 27, 2025, 5:54 PM","King?","Squat (Barbell)",,"Gains are devious  - probs couldve done more",0,"warmup",50,12,,,
"Legs","Feb 27, 2025, 4:48 PM","Feb 27, 2025, 5:54 PM","King?","Squat (Barbell)",,"Gains are devious  - probs couldve done more",1,"normal",60,12,,,
"Legs","Feb 27, 2025, 4:48 PM","Feb 27, 2025, 5:54 PM","King?","Squat (Barbell)",,"Gains are devious  - probs couldve done more",2,"normal",70,8,,,
"Legs","Feb 27, 2025, 4:48 PM","Feb 27, 2025, 5:54 PM","King?","Hip Adduction (Machine)",,"",0,"normal",70,12,,,
"Legs","Feb 27, 2025, 4:48 PM","Feb 27, 2025, 5:54 PM","King?","Hip Adduction (Machine)",,"",1,"normal",85,12,,,
"Legs","Feb 27, 2025, 4:48 PM","Feb 27, 2025, 5:54 PM","King?","Hip Adduction (Machine)",,"",2,"failure",95,8,,,
"Legs","Feb 27, 2025, 4:48 PM","Feb 27, 2025, 5:54 PM","King?","Leg Extension (Machine)",,"High intensity low volume test",0,"warmup",80,12,,,
"Legs","Feb 27, 2025, 4:48 PM","Feb 27, 2025, 5:54 PM","King?","Leg Extension (Machine)",,"High intensity low volume test",1,"failure",135,10,,,
"Legs","Feb 27, 2025, 4:48 PM","Feb 27, 2025, 5:54 PM","King?","Leg Extension (Machine)",,"High intensity low volume test",2,"failure",140,8,,,
"Legs","Feb 27, 2025, 4:48 PM","Feb 27, 2025, 5:54 PM","King?","Seated Calf Raise",,"Odd",0,"warmup",93,15,,,
"Legs","Feb 27, 2025, 4:48 PM","Feb 27, 2025, 5:54 PM","King?","Seated Calf Raise",,"Odd",1,"normal",123,12,,,
"Legs","Feb 27, 2025, 4:48 PM","Feb 27, 2025, 5:54 PM","King?","Seated Calf Raise",,"Odd",2,"failure",133,7,,,
"Chest/Shoulder/Tricep","Feb 26, 2025, 7:24 PM","Feb 26, 2025, 8:29 PM","Elbow hurts","Bench Press (Barbell)",,"Might do 4 sets next time - finally gone up a rep",0,"warmup",20,15,,,
"Chest/Shoulder/Tricep","Feb 26, 2025, 7:24 PM","Feb 26, 2025, 8:29 PM","Elbow hurts","Bench Press (Barbell)",,"Might do 4 sets next time - finally gone up a rep",1,"normal",60,12,,,
"Chest/Shoulder/Tricep","Feb 26, 2025, 7:24 PM","Feb 26, 2025, 8:29 PM","Elbow hurts","Bench Press (Barbell)",,"Might do 4 sets next time - finally gone up a rep",2,"failure",75,6,,,
"Chest/Shoulder/Tricep","Feb 26, 2025, 7:24 PM","Feb 26, 2025, 8:29 PM","Elbow hurts","Tricep Extension (Cable)",,"Maybe go up",0,"normal",28.75,12,,,
"Chest/Shoulder/Tricep","Feb 26, 2025, 7:24 PM","Feb 26, 2025, 8:29 PM","Elbow hurts","Tricep Extension (Cable)",,"Maybe go up",1,"failure",31.25,12,,,
"Chest/Shoulder/Tricep","Feb 26, 2025, 7:24 PM","Feb 26, 2025, 8:29 PM","Elbow hurts","Tricep Extension (Cable)",,"Maybe go up",2,"failure",33.75,10,,,
"Chest/Shoulder/Tricep","Feb 26, 2025, 7:24 PM","Feb 26, 2025, 8:29 PM","Elbow hurts","Shoulder Press (Dumbbell)",,"Mega tired from tricep",0,"warmup",16,12,,,
"Chest/Shoulder/Tricep","Feb 26, 2025, 7:24 PM","Feb 26, 2025, 8:29 PM","Elbow hurts","Shoulder Press (Dumbbell)",,"Mega tired from tricep",1,"failure",20,9,,,
"Chest/Shoulder/Tricep","Feb 26, 2025, 7:24 PM","Feb 26, 2025, 8:29 PM","Elbow hurts","Incline Bench Press (Barbell)",,"Awful",0,"normal",20,15,,,
"Chest/Shoulder/Tricep","Feb 26, 2025, 7:24 PM","Feb 26, 2025, 8:29 PM","Elbow hurts","Incline Bench Press (Barbell)",,"Awful",1,"failure",50,12,,,
"Chest/Shoulder/Tricep","Feb 26, 2025, 7:24 PM","Feb 26, 2025, 8:29 PM","Elbow hurts","Incline Bench Press (Barbell)",,"Awful",2,"failure",60,7,,,
"Chest/Shoulder/Tricep","Feb 26, 2025, 7:24 PM","Feb 26, 2025, 8:29 PM","Elbow hurts","Lateral Raise (Dumbbell)",,"",0,"normal",6,12,,,
"Chest/Shoulder/Tricep","Feb 26, 2025, 7:24 PM","Feb 26, 2025, 8:29 PM","Elbow hurts","Lateral Raise (Dumbbell)",,"",1,"failure",10,8,,,
"Chest/Shoulder/Tricep","Feb 26, 2025, 7:24 PM","Feb 26, 2025, 8:29 PM","Elbow hurts","Triceps Pushdown",,"Bored",0,"normal",28.75,12,,,
"Chest/Shoulder/Tricep","Feb 26, 2025, 7:24 PM","Feb 26, 2025, 8:29 PM","Elbow hurts","Triceps Pushdown",,"Bored",1,"failure",33.75,12,,,
"Back/ Biceps","Feb 25, 2025, 7:17 PM","Feb 25, 2025, 8:18 PM","Back shots at 7pm","Pull Up (Assisted)",,"",0,"normal",37.5,12,,,
"Back/ Biceps","Feb 25, 2025, 7:17 PM","Feb 25, 2025, 8:18 PM","Back shots at 7pm","Pull Up (Assisted)",,"",1,"failure",34.38,12,,,
"Back/ Biceps","Feb 25, 2025, 7:17 PM","Feb 25, 2025, 8:18 PM","Back shots at 7pm","Pull Up (Assisted)",,"",2,"failure",31.25,7,,,
"Back/ Biceps","Feb 25, 2025, 7:17 PM","Feb 25, 2025, 8:18 PM","Back shots at 7pm","Hammer Curl (Dumbbell)",,"",0,"normal",16,12,,,
"Back/ Biceps","Feb 25, 2025, 7:17 PM","Feb 25, 2025, 8:18 PM","Back shots at 7pm","Hammer Curl (Dumbbell)",,"",1,"failure",18,12,,,
"Back/ Biceps","Feb 25, 2025, 7:17 PM","Feb 25, 2025, 8:18 PM","Back shots at 7pm","Hammer Curl (Dumbbell)",,"",2,"failure",20,6,,,
"Back/ Biceps","Feb 25, 2025, 7:17 PM","Feb 25, 2025, 8:18 PM","Back shots at 7pm","Iso-Lateral Row (Machine)",,"",0,"warmup",91,12,,,
"Back/ Biceps","Feb 25, 2025, 7:17 PM","Feb 25, 2025, 8:18 PM","Back shots at 7pm","Iso-Lateral Row (Machine)",,"",1,"normal",131,12,,,
"Back/ Biceps","Feb 25, 2025, 7:17 PM","Feb 25, 2025, 8:18 PM","Back shots at 7pm","Iso-Lateral Row (Machine)",,"",2,"failure",161,10,,,
"Back/ Biceps","Feb 25, 2025, 7:17 PM","Feb 25, 2025, 8:18 PM","Back shots at 7pm","Bayesian Curls",,"",0,"normal",11.25,12,,,
"Back/ Biceps","Feb 25, 2025, 7:17 PM","Feb 25, 2025, 8:18 PM","Back shots at 7pm","Bayesian Curls",,"",1,"failure",13.75,9,,,
"Back/ Biceps","Feb 25, 2025, 7:17 PM","Feb 25, 2025, 8:18 PM","Back shots at 7pm","Bayesian Curls",,"",2,"failure",16.25,4,,,
"Back/ Biceps","Feb 25, 2025, 7:17 PM","Feb 25, 2025, 8:18 PM","Back shots at 7pm","Lat Pulldown (Cable)",,"Filler",0,"normal",61,12,,,
"Back/ Biceps","Feb 25, 2025, 7:17 PM","Feb 25, 2025, 8:18 PM","Back shots at 7pm","Lat Pulldown (Cable)",,"Filler",1,"failure",82,5,,,
"Back/ Biceps","Feb 23, 2025, 3:10 PM","Feb 23, 2025, 3:50 PM","","Lat Pulldown (Cable)",,"",0,"normal",54,12,,,
"Back/ Biceps","Feb 23, 2025, 3:10 PM","Feb 23, 2025, 3:50 PM","","Lat Pulldown (Cable)",,"",1,"failure",68,12,,,
"Back/ Biceps","Feb 23, 2025, 3:10 PM","Feb 23, 2025, 3:50 PM","","Lat Pulldown (Cable)",,"",2,"failure",82,4,,,
"Back/ Biceps","Feb 23, 2025, 3:10 PM","Feb 23, 2025, 3:50 PM","","Hammer Curl (Dumbbell)",,"",0,"normal",16,12,,,
"Back/ Biceps","Feb 23, 2025, 3:10 PM","Feb 23, 2025, 3:50 PM","","Hammer Curl (Dumbbell)",,"",1,"failure",18,12,,,
"Back/ Biceps","Feb 23, 2025, 3:10 PM","Feb 23, 2025, 3:50 PM","","Hammer Curl (Dumbbell)",,"",2,"failure",20,5,,,
"Back/ Biceps","Feb 23, 2025, 3:10 PM","Feb 23, 2025, 3:50 PM","","Iso-Lateral Row (Machine)",,"",0,"warmup",91,12,,,
"Back/ Biceps","Feb 23, 2025, 3:10 PM","Feb 23, 2025, 3:50 PM","","Iso-Lateral Row (Machine)",,"",1,"normal",131,12,,,
"Back/ Biceps","Feb 23, 2025, 3:10 PM","Feb 23, 2025, 3:50 PM","","Iso-Lateral Row (Machine)",,"",2,"failure",161,10,,,
"Back/ Biceps","Feb 23, 2025, 3:10 PM","Feb 23, 2025, 3:50 PM","","Preacher Curl (Machine)",,"",0,"normal",50,12,,,
"Back/ Biceps","Feb 23, 2025, 3:10 PM","Feb 23, 2025, 3:50 PM","","Preacher Curl (Machine)",,"",1,"failure",55,8,,,
"Back/ Biceps","Feb 23, 2025, 3:10 PM","Feb 23, 2025, 3:50 PM","","Preacher Curl (Machine)",,"",2,"failure",60,6,,,
"Chest/Tricep","Feb 22, 2025, 1:26 PM","Feb 22, 2025, 2:28 PM","Fell off hard cuz rest maxxing","Bench Press (Barbell)",,"Im black",0,"warmup",20,15,,,
"Chest/Tricep","Feb 22, 2025, 1:26 PM","Feb 22, 2025, 2:28 PM","Fell off hard cuz rest maxxing","Bench Press (Barbell)",,"Im black",1,"normal",60,12,,,
"Chest/Tricep","Feb 22, 2025, 1:26 PM","Feb 22, 2025, 2:28 PM","Fell off hard cuz rest maxxing","Bench Press (Barbell)",,"Im black",2,"failure",75,5,,,
"Chest/Tricep","Feb 22, 2025, 1:26 PM","Feb 22, 2025, 2:28 PM","Fell off hard cuz rest maxxing","Tricep Extension (Cable)",0,"Madness",0,"normal",28.75,12,,,
"Chest/Tricep","Feb 22, 2025, 1:26 PM","Feb 22, 2025, 2:28 PM","Fell off hard cuz rest maxxing","Tricep Extension (Cable)",0,"Madness",1,"failure",31.25,10,,,
"Chest/Tricep","Feb 22, 2025, 1:26 PM","Feb 22, 2025, 2:28 PM","Fell off hard cuz rest maxxing","Tricep Extension (Cable)",0,"Madness",2,"failure",33.75,8,,,
"Chest/Tricep","Feb 22, 2025, 1:26 PM","Feb 22, 2025, 2:28 PM","Fell off hard cuz rest maxxing","Decline Sit Ups",0,"For funsies",0,"normal",,20,,,
"Chest/Tricep","Feb 22, 2025, 1:26 PM","Feb 22, 2025, 2:28 PM","Fell off hard cuz rest maxxing","Decline Sit Ups",0,"For funsies",1,"normal",,15,,,
"Chest/Tricep","Feb 22, 2025, 1:26 PM","Feb 22, 2025, 2:28 PM","Fell off hard cuz rest maxxing","Decline Sit Ups",0,"For funsies",2,"failure",,15,,,
"Chest/Tricep","Feb 22, 2025, 1:26 PM","Feb 22, 2025, 2:28 PM","Fell off hard cuz rest maxxing","Incline Bench Press (Barbell)",,"",0,"normal",20,15,,,
"Chest/Tricep","Feb 22, 2025, 1:26 PM","Feb 22, 2025, 2:28 PM","Fell off hard cuz rest maxxing","Incline Bench Press (Barbell)",,"",1,"normal",50,12,,,
"Chest/Tricep","Feb 22, 2025, 1:26 PM","Feb 22, 2025, 2:28 PM","Fell off hard cuz rest maxxing","Incline Bench Press (Barbell)",,"",2,"failure",60,7,,,
"Chest/Tricep","Feb 22, 2025, 1:26 PM","Feb 22, 2025, 2:28 PM","Fell off hard cuz rest maxxing","Triceps Pushdown",,"",0,"normal",28.75,12,,,
"Chest/Tricep","Feb 22, 2025, 1:26 PM","Feb 22, 2025, 2:28 PM","Fell off hard cuz rest maxxing","Triceps Pushdown",,"",1,"failure",33.75,12,,,
"Chest/Tricep","Feb 22, 2025, 1:26 PM","Feb 22, 2025, 2:28 PM","Fell off hard cuz rest maxxing","Chest Fly (Machine)",,"Got bored",0,"warmup",70,12,,,
"Chest/Tricep","Feb 22, 2025, 1:26 PM","Feb 22, 2025, 2:28 PM","Fell off hard cuz rest maxxing","Chest Fly (Machine)",,"Got bored",1,"failure",100,5,,,
"Legs","Feb 17, 2025, 11:39 AM","Feb 17, 2025, 12:48 PM","Rom out of the window","Leg Press (Machine)",,"Diddy rom",0,"warmup",147,12,,,
"Legs","Feb 17, 2025, 11:39 AM","Feb 17, 2025, 12:48 PM","Rom out of the window","Leg Press (Machine)",,"Diddy rom",1,"normal",247,12,,,
"Legs","Feb 17, 2025, 11:39 AM","Feb 17, 2025, 12:48 PM","Rom out of the window","Leg Press (Machine)",,"Diddy rom",2,"failure",297,7,,,
"Legs","Feb 17, 2025, 11:39 AM","Feb 17, 2025, 12:48 PM","Rom out of the window","Lying Leg Curl (Machine)",,"",0,"normal",50,12,,,
"Legs","Feb 17, 2025, 11:39 AM","Feb 17, 2025, 12:48 PM","Rom out of the window","Lying Leg Curl (Machine)",,"",1,"failure",65,12,,,
"Legs","Feb 17, 2025, 11:39 AM","Feb 17, 2025, 12:48 PM","Rom out of the window","Lying Leg Curl (Machine)",,"",2,"failure",70,7,,,
"Legs","Feb 17, 2025, 11:39 AM","Feb 17, 2025, 12:48 PM","Rom out of the window","Seated Calf Raise",,"Cardio 💔",0,"warmup",93,20,,,
"Legs","Feb 17, 2025, 11:39 AM","Feb 17, 2025, 12:48 PM","Rom out of the window","Seated Calf Raise",,"Cardio 💔",1,"normal",113,15,,,
"Legs","Feb 17, 2025, 11:39 AM","Feb 17, 2025, 12:48 PM","Rom out of the window","Seated Calf Raise",,"Cardio 💔",2,"failure",123,14,,,
"Legs","Feb 17, 2025, 11:39 AM","Feb 17, 2025, 12:48 PM","Rom out of the window","Squat (Barbell)",,"Just need more practice",0,"warmup",50,12,,,
"Legs","Feb 17, 2025, 11:39 AM","Feb 17, 2025, 12:48 PM","Rom out of the window","Squat (Barbell)",,"Just need more practice",1,"failure",60,12,,,
"Legs","Feb 17, 2025, 11:39 AM","Feb 17, 2025, 12:48 PM","Rom out of the window","Leg Extension (Machine)",,"Knee day",0,"warmup",80,12,,,
"Legs","Feb 17, 2025, 11:39 AM","Feb 17, 2025, 12:48 PM","Rom out of the window","Leg Extension (Machine)",,"Knee day",1,"normal",120,12,,,
"Legs","Feb 17, 2025, 11:39 AM","Feb 17, 2025, 12:48 PM","Rom out of the window","Leg Extension (Machine)",,"Knee day",2,"failure",135,8,,,
"Back/ Biceps","Feb 16, 2025, 11:10 AM","Feb 16, 2025, 12:14 PM","","Lat Pulldown (Cable)",,"Mag grip",0,"normal",60,12,,,
"Back/ Biceps","Feb 16, 2025, 11:10 AM","Feb 16, 2025, 12:14 PM","","Lat Pulldown (Cable)",,"Mag grip",1,"failure",70,12,,,
"Back/ Biceps","Feb 16, 2025, 11:10 AM","Feb 16, 2025, 12:14 PM","","Lat Pulldown (Cable)",,"Mag grip",2,"failure",80,5,,,
"Back/ Biceps","Feb 16, 2025, 11:10 AM","Feb 16, 2025, 12:14 PM","","Hammer Curl (Dumbbell)",,"",0,"normal",16,12,,,
"Back/ Biceps","Feb 16, 2025, 11:10 AM","Feb 16, 2025, 12:14 PM","","Hammer Curl (Dumbbell)",,"",1,"failure",18,12,,,
"Back/ Biceps","Feb 16, 2025, 11:10 AM","Feb 16, 2025, 12:14 PM","","Hammer Curl (Dumbbell)",,"",2,"failure",20,5,,,
"Back/ Biceps","Feb 16, 2025, 11:10 AM","Feb 16, 2025, 12:14 PM","","Iso-Lateral Row (Machine)",,"",0,"warmup",111,12,,,
"Back/ Biceps","Feb 16, 2025, 11:10 AM","Feb 16, 2025, 12:14 PM","","Iso-Lateral Row (Machine)",,"",1,"failure",161,9,,,
"Back/ Biceps","Feb 16, 2025, 11:10 AM","Feb 16, 2025, 12:14 PM","","Iso-Lateral Row (Machine)",,"",2,"failure",161,7,,,
"Back/ Biceps","Feb 16, 2025, 11:10 AM","Feb 16, 2025, 12:14 PM","","Preacher Curl (Machine)",,"Fell off",0,"normal",50,12,,,
"Back/ Biceps","Feb 16, 2025, 11:10 AM","Feb 16, 2025, 12:14 PM","","Preacher Curl (Machine)",,"Fell off",1,"failure",55,8,,,
"Back/ Biceps","Feb 16, 2025, 11:10 AM","Feb 16, 2025, 12:14 PM","","Preacher Curl (Machine)",,"Fell off",2,"failure",60,5,,,
"Back/ Biceps","Feb 16, 2025, 11:10 AM","Feb 16, 2025, 12:14 PM","","Rear Delt Reverse Fly (Machine)",,"Elbow pain",0,"normal",50,12,,,
"Shoulders / Arms","Feb 12, 2025, 2:49 PM","Feb 12, 2025, 4:00 PM","","Shoulder Press (Dumbbell)",,"",0,"warmup",16,12,,,
"Shoulders / Arms","Feb 12, 2025, 2:49 PM","Feb 12, 2025, 4:00 PM","","Shoulder Press (Dumbbell)",,"",1,"normal",20,12,,,
"Shoulders / Arms","Feb 12, 2025, 2:49 PM","Feb 12, 2025, 4:00 PM","","Shoulder Press (Dumbbell)",,"",2,"failure",22,7,,,
"Shoulders / Arms","Feb 12, 2025, 2:49 PM","Feb 12, 2025, 4:00 PM","","Preacher Curl (Machine)",,"",0,"normal",50,12,,,
"Shoulders / Arms","Feb 12, 2025, 2:49 PM","Feb 12, 2025, 4:00 PM","","Preacher Curl (Machine)",,"",1,"failure",55,9,,,
"Shoulders / Arms","Feb 12, 2025, 2:49 PM","Feb 12, 2025, 4:00 PM","","Preacher Curl (Machine)",,"",2,"failure",60,6,,,
"Shoulders / Arms","Feb 12, 2025, 2:49 PM","Feb 12, 2025, 4:00 PM","","Triceps Pushdown",,"",0,"normal",28.75,12,,,
"Shoulders / Arms","Feb 12, 2025, 2:49 PM","Feb 12, 2025, 4:00 PM","","Triceps Pushdown",,"",1,"normal",33.75,12,,,
"Shoulders / Arms","Feb 12, 2025, 2:49 PM","Feb 12, 2025, 4:00 PM","","Triceps Pushdown",,"",2,"failure",36.25,8,,,
"Shoulders / Arms","Feb 12, 2025, 2:49 PM","Feb 12, 2025, 4:00 PM","","Hammer Curl (Dumbbell)",,"",0,"normal",14,12,,,
"Shoulders / Arms","Feb 12, 2025, 2:49 PM","Feb 12, 2025, 4:00 PM","","Hammer Curl (Dumbbell)",,"",1,"failure",18,10,,,
"Shoulders / Arms","Feb 12, 2025, 2:49 PM","Feb 12, 2025, 4:00 PM","","Hammer Curl (Dumbbell)",,"",2,"failure",20,8,,,
"Shoulders / Arms","Feb 12, 2025, 2:49 PM","Feb 12, 2025, 4:00 PM","","Lateral Raise (Dumbbell)",,"Thumbs down at peak of rep for less traps",0,"normal",6,12,,,
"Shoulders / Arms","Feb 12, 2025, 2:49 PM","Feb 12, 2025, 4:00 PM","","Lateral Raise (Dumbbell)",,"Thumbs down at peak of rep for less traps",1,"failure",8,12,,,
"Shoulders / Arms","Feb 12, 2025, 2:49 PM","Feb 12, 2025, 4:00 PM","","Lateral Raise (Dumbbell)",,"Thumbs down at peak of rep for less traps",2,"failure",10,12,,,
"Shoulders / Arms","Feb 12, 2025, 2:49 PM","Feb 12, 2025, 4:00 PM","","Tricep Extension (Cable)",,"",0,"warmup",25,12,,,
"Shoulders / Arms","Feb 12, 2025, 2:49 PM","Feb 12, 2025, 4:00 PM","","Tricep Extension (Cable)",,"",1,"normal",28.75,12,,,
"Shoulders / Arms","Feb 12, 2025, 2:49 PM","Feb 12, 2025, 4:00 PM","","Tricep Extension (Cable)",,"",2,"failure",32.5,12,,,
"Chest/Tricep","Feb 10, 2025, 7:13 PM","Feb 10, 2025, 7:30 PM","I ripped my fucking trousers","Bench Press (Dumbbell)",,"Per arm",0,"warmup",20,12,,,
"Chest/Tricep","Feb 10, 2025, 7:13 PM","Feb 10, 2025, 7:30 PM","I ripped my fucking trousers","Bench Press (Dumbbell)",,"Per arm",1,"failure",26,12,,,
"Back/ Biceps","Feb 9, 2025, 11:11 AM","Feb 9, 2025, 12:10 PM","","Pull Up (Assisted)",,"Fell off",0,"normal",37.5,12,,,
"Back/ Biceps","Feb 9, 2025, 11:11 AM","Feb 9, 2025, 12:10 PM","","Pull Up (Assisted)",,"Fell off",1,"failure",34.38,9,,,
"Back/ Biceps","Feb 9, 2025, 11:11 AM","Feb 9, 2025, 12:10 PM","","Pull Up (Assisted)",,"Fell off",2,"failure",31.25,5,,,
"Back/ Biceps","Feb 9, 2025, 11:11 AM","Feb 9, 2025, 12:10 PM","","Hammer Curl (Dumbbell)",,"",0,"normal",16,12,,,
"Back/ Biceps","Feb 9, 2025, 11:11 AM","Feb 9, 2025, 12:10 PM","","Hammer Curl (Dumbbell)",,"",1,"failure",18,8,,,
"Back/ Biceps","Feb 9, 2025, 11:11 AM","Feb 9, 2025, 12:10 PM","","Hammer Curl (Dumbbell)",,"",2,"failure",20,3,,,
"Back/ Biceps","Feb 9, 2025, 11:11 AM","Feb 9, 2025, 12:10 PM","","Iso-Lateral Row (Machine)",,"Wide grip",0,"warmup",91,12,,,
"Back/ Biceps","Feb 9, 2025, 11:11 AM","Feb 9, 2025, 12:10 PM","","Iso-Lateral Row (Machine)",,"Wide grip",1,"failure",161,9,,,
"Back/ Biceps","Feb 9, 2025, 11:11 AM","Feb 9, 2025, 12:10 PM","","Iso-Lateral Row (Machine)",,"Wide grip",2,"failure",171,6,,,
"Back/ Biceps","Feb 9, 2025, 11:11 AM","Feb 9, 2025, 12:10 PM","","Preacher Curl (Machine)",0,"",0,"normal",50,12,,,
"Back/ Biceps","Feb 9, 2025, 11:11 AM","Feb 9, 2025, 12:10 PM","","Preacher Curl (Machine)",0,"",1,"failure",55,9,,,
"Back/ Biceps","Feb 9, 2025, 11:11 AM","Feb 9, 2025, 12:10 PM","","Preacher Curl (Machine)",0,"",2,"failure",60,7,,,
"Back/ Biceps","Feb 9, 2025, 11:11 AM","Feb 9, 2025, 12:10 PM","","Rear Delt Reverse Fly (Machine)",0,"",0,"normal",45,12,,,
"Back/ Biceps","Feb 9, 2025, 11:11 AM","Feb 9, 2025, 12:10 PM","","Rear Delt Reverse Fly (Machine)",0,"",1,"normal",50,12,,,
"Back/ Biceps","Feb 9, 2025, 11:11 AM","Feb 9, 2025, 12:10 PM","","Rear Delt Reverse Fly (Machine)",0,"",2,"failure",60,11,,,
"Back/ Biceps","Feb 9, 2025, 11:11 AM","Feb 9, 2025, 12:10 PM","","Deadlift (Barbell)",,"",0,"normal",110,1,,,
"Back/ Biceps","Feb 9, 2025, 11:11 AM","Feb 9, 2025, 12:10 PM","","Deadlift (Barbell)",,"",1,"normal",130,1,,,
"Chest/Tricep","Feb 8, 2025, 8:57 AM","Feb 8, 2025, 10:07 AM","Awful","Bench Press (Barbell)",,"This sucks",0,"warmup",20,15,,,
"Chest/Tricep","Feb 8, 2025, 8:57 AM","Feb 8, 2025, 10:07 AM","Awful","Bench Press (Barbell)",,"This sucks",1,"warmup",60,6,,,
"Chest/Tricep","Feb 8, 2025, 8:57 AM","Feb 8, 2025, 10:07 AM","Awful","Bench Press (Barbell)",,"This sucks",2,"failure",75,4,,,
"Chest/Tricep","Feb 8, 2025, 8:57 AM","Feb 8, 2025, 10:07 AM","Awful","Tricep Extension (Cable)",,"",0,"normal",25,12,,,
"Chest/Tricep","Feb 8, 2025, 8:57 AM","Feb 8, 2025, 10:07 AM","Awful","Tricep Extension (Cable)",,"",1,"normal",28.75,12,,,
"Chest/Tricep","Feb 8, 2025, 8:57 AM","Feb 8, 2025, 10:07 AM","Awful","Tricep Extension (Cable)",,"",2,"failure",32.5,8,,,
"Chest/Tricep","Feb 8, 2025, 8:57 AM","Feb 8, 2025, 10:07 AM","Awful","Incline Bench Press (Barbell)",,"",0,"normal",20,15,,,
"Chest/Tricep","Feb 8, 2025, 8:57 AM","Feb 8, 2025, 10:07 AM","Awful","Incline Bench Press (Barbell)",,"",1,"failure",50,12,,,
"Chest/Tricep","Feb 8, 2025, 8:57 AM","Feb 8, 2025, 10:07 AM","Awful","Incline Bench Press (Barbell)",,"",2,"failure",60,6,,,
"Chest/Tricep","Feb 8, 2025, 8:57 AM","Feb 8, 2025, 10:07 AM","Awful","Triceps Pushdown",,"",0,"normal",28.75,12,,,
"Chest/Tricep","Feb 8, 2025, 8:57 AM","Feb 8, 2025, 10:07 AM","Awful","Triceps Pushdown",,"",1,"failure",32.5,12,,,
"Chest/Tricep","Feb 8, 2025, 8:57 AM","Feb 8, 2025, 10:07 AM","Awful","Triceps Pushdown",,"",2,"failure",36.25,8,,,
"Legs","Feb 6, 2025, 7:14 PM","Feb 6, 2025, 8:27 PM","Quite pleased with gains","Leg Press (Machine)",,"Rom might’ve been questionable",0,"warmup",147,12,,,
"Legs","Feb 6, 2025, 7:14 PM","Feb 6, 2025, 8:27 PM","Quite pleased with gains","Leg Press (Machine)",,"Rom might’ve been questionable",1,"normal",247,12,,,
"Legs","Feb 6, 2025, 7:14 PM","Feb 6, 2025, 8:27 PM","Quite pleased with gains","Leg Press (Machine)",,"Rom might’ve been questionable",2,"failure",297,7,,,
"Legs","Feb 6, 2025, 7:14 PM","Feb 6, 2025, 8:27 PM","Quite pleased with gains","Seated Calf Raise",,"Holy cardio",0,"warmup",73,30,,,
"Legs","Feb 6, 2025, 7:14 PM","Feb 6, 2025, 8:27 PM","Quite pleased with gains","Seated Calf Raise",,"Holy cardio",1,"failure",103,20,,,
"Legs","Feb 6, 2025, 7:14 PM","Feb 6, 2025, 8:27 PM","Quite pleased with gains","Seated Calf Raise",,"Holy cardio",2,"failure",113,18,,,
"Legs","Feb 6, 2025, 7:14 PM","Feb 6, 2025, 8:27 PM","Quite pleased with gains","Hip Adduction (Machine)",,"",0,"normal",70,12,,,
"Legs","Feb 6, 2025, 7:14 PM","Feb 6, 2025, 8:27 PM","Quite pleased with gains","Hip Adduction (Machine)",,"",1,"normal",85,12,,,
"Legs","Feb 6, 2025, 7:14 PM","Feb 6, 2025, 8:27 PM","Quite pleased with gains","Hip Adduction (Machine)",,"",2,"failure",95,6,,,
"Legs","Feb 6, 2025, 7:14 PM","Feb 6, 2025, 8:27 PM","Quite pleased with gains","Leg Extension (Machine)",,"Erm",0,"warmup",80,12,,,
"Legs","Feb 6, 2025, 7:14 PM","Feb 6, 2025, 8:27 PM","Quite pleased with gains","Leg Extension (Machine)",,"Erm",1,"normal",120,12,,,
"Legs","Feb 6, 2025, 7:14 PM","Feb 6, 2025, 8:27 PM","Quite pleased with gains","Leg Extension (Machine)",,"Erm",2,"failure",130,8,,,
"Legs","Feb 6, 2025, 7:14 PM","Feb 6, 2025, 8:27 PM","Quite pleased with gains","Lying Leg Curl (Machine)",,"",0,"normal",50,12,,,
"Legs","Feb 6, 2025, 7:14 PM","Feb 6, 2025, 8:27 PM","Quite pleased with gains","Lying Leg Curl (Machine)",,"",1,"failure",65,12,,,
"Legs","Feb 6, 2025, 7:14 PM","Feb 6, 2025, 8:27 PM","Quite pleased with gains","Lying Leg Curl (Machine)",,"",2,"failure",70,5,,,
"Legs","Feb 6, 2025, 7:14 PM","Feb 6, 2025, 8:27 PM","Quite pleased with gains","Squat (Barbell)",,"Im new king - close to failure on end set",0,"warmup",40,10,,,
"Legs","Feb 6, 2025, 7:14 PM","Feb 6, 2025, 8:27 PM","Quite pleased with gains","Squat (Barbell)",,"Im new king - close to failure on end set",1,"failure",60,12,,,
"Legs","Feb 6, 2025, 7:14 PM","Feb 6, 2025, 8:27 PM","Quite pleased with gains","Squat (Barbell)",,"Im new king - close to failure on end set",2,"normal",70,6,,,
"Shoulders / Arms","Feb 5, 2025, 4:01 PM","Feb 5, 2025, 5:14 PM","","Shoulder Press (Dumbbell)",,"Odd",0,"normal",18,12,,,
"Shoulders / Arms","Feb 5, 2025, 4:01 PM","Feb 5, 2025, 5:14 PM","","Shoulder Press (Dumbbell)",,"Odd",1,"failure",20,10,,,
"Shoulders / Arms","Feb 5, 2025, 4:01 PM","Feb 5, 2025, 5:14 PM","","Shoulder Press (Dumbbell)",,"Odd",2,"failure",22,6,,,
"Shoulders / Arms","Feb 5, 2025, 4:01 PM","Feb 5, 2025, 5:14 PM","","Hammer Curl (Dumbbell)",,"",0,"normal",14,12,,,
"Shoulders / Arms","Feb 5, 2025, 4:01 PM","Feb 5, 2025, 5:14 PM","","Hammer Curl (Dumbbell)",,"",1,"failure",16,12,,,
"Shoulders / Arms","Feb 5, 2025, 4:01 PM","Feb 5, 2025, 5:14 PM","","Hammer Curl (Dumbbell)",,"",2,"failure",18,9,,,
"Shoulders / Arms","Feb 5, 2025, 4:01 PM","Feb 5, 2025, 5:14 PM","","Lateral Raise (Dumbbell)",,"",0,"normal",8,12,,,
"Shoulders / Arms","Feb 5, 2025, 4:01 PM","Feb 5, 2025, 5:14 PM","","Lateral Raise (Dumbbell)",,"",1,"failure",10,12,,,
"Shoulders / Arms","Feb 5, 2025, 4:01 PM","Feb 5, 2025, 5:14 PM","","Lateral Raise (Dumbbell)",,"",2,"failure",12,5,,,
"Shoulders / Arms","Feb 5, 2025, 4:01 PM","Feb 5, 2025, 5:14 PM","","Tricep Extension (Cable)",,"",0,"normal",21.25,12,,,
"Shoulders / Arms","Feb 5, 2025, 4:01 PM","Feb 5, 2025, 5:14 PM","","Tricep Extension (Cable)",,"",1,"normal",26.25,11,,,
"Shoulders / Arms","Feb 5, 2025, 4:01 PM","Feb 5, 2025, 5:14 PM","","Tricep Extension (Cable)",,"",2,"failure",31.25,8,,,
"Shoulders / Arms","Feb 5, 2025, 4:01 PM","Feb 5, 2025, 5:14 PM","","Preacher Curl (Machine)",,"",0,"normal",50,12,,,
"Shoulders / Arms","Feb 5, 2025, 4:01 PM","Feb 5, 2025, 5:14 PM","","Preacher Curl (Machine)",,"",1,"normal",55,8,,,
"Shoulders / Arms","Feb 5, 2025, 4:01 PM","Feb 5, 2025, 5:14 PM","","Preacher Curl (Machine)",,"",2,"failure",60,7,,,
"Shoulders / Arms","Feb 5, 2025, 4:01 PM","Feb 5, 2025, 5:14 PM","","Triceps Pushdown",,"",0,"warmup",23.75,12,,,
"Shoulders / Arms","Feb 5, 2025, 4:01 PM","Feb 5, 2025, 5:14 PM","","Triceps Pushdown",,"",1,"normal",28.75,12,,,
"Shoulders / Arms","Feb 5, 2025, 4:01 PM","Feb 5, 2025, 5:14 PM","","Triceps Pushdown",,"",2,"failure",36.25,7,,,
"Chest/Tricep","Feb 3, 2025, 4:44 PM","Feb 3, 2025, 5:27 PM","","Bench Press (Barbell)",,"Unusual",0,"warmup",20,15,,,
"Chest/Tricep","Feb 3, 2025, 4:44 PM","Feb 3, 2025, 5:27 PM","","Bench Press (Barbell)",,"Unusual",1,"normal",60,12,,,
"Chest/Tricep","Feb 3, 2025, 4:44 PM","Feb 3, 2025, 5:27 PM","","Bench Press (Barbell)",,"Unusual",2,"failure",75,5,,,
"Chest/Tricep","Feb 3, 2025, 4:44 PM","Feb 3, 2025, 5:27 PM","","Tricep Extension (Cable)",,"Go up",0,"normal",21.25,12,,,
"Chest/Tricep","Feb 3, 2025, 4:44 PM","Feb 3, 2025, 5:27 PM","","Tricep Extension (Cable)",,"Go up",1,"normal",25,12,,,
"Chest/Tricep","Feb 3, 2025, 4:44 PM","Feb 3, 2025, 5:27 PM","","Tricep Extension (Cable)",,"Go up",2,"failure",28.75,10,,,
"Chest/Tricep","Feb 3, 2025, 4:44 PM","Feb 3, 2025, 5:27 PM","","Chest Fly (Machine)",,"",0,"warmup",70,12,,,
"Chest/Tricep","Feb 3, 2025, 4:44 PM","Feb 3, 2025, 5:27 PM","","Chest Fly (Machine)",,"",1,"failure",90,10,,,
"Chest/Tricep","Feb 3, 2025, 4:44 PM","Feb 3, 2025, 5:27 PM","","Chest Fly (Machine)",,"",2,"failure",100,6,,,
"Chest/Tricep","Feb 3, 2025, 4:44 PM","Feb 3, 2025, 5:27 PM","","Triceps Pushdown",,"Triceps are shitting bricks",0,"normal",28.75,12,,,
"Chest/Tricep","Feb 3, 2025, 4:44 PM","Feb 3, 2025, 5:27 PM","","Triceps Pushdown",,"Triceps are shitting bricks",1,"failure",33.75,8,,,
"Chest/Tricep","Feb 3, 2025, 4:44 PM","Feb 3, 2025, 5:27 PM","","Triceps Pushdown",,"Triceps are shitting bricks",2,"failure",36.25,5,,,
"Back/ Biceps","Feb 2, 2025, 11:13 AM","Feb 2, 2025, 12:14 PM","","Lat Pulldown (Cable)",,"Mag grip",0,"normal",61,12,,,
"Back/ Biceps","Feb 2, 2025, 11:13 AM","Feb 2, 2025, 12:14 PM","","Lat Pulldown (Cable)",,"Mag grip",1,"failure",68,9,,,
"Back/ Biceps","Feb 2, 2025, 11:13 AM","Feb 2, 2025, 12:14 PM","","Lat Pulldown (Cable)",,"Mag grip",2,"failure",75,5,,,
"Back/ Biceps","Feb 2, 2025, 11:13 AM","Feb 2, 2025, 12:14 PM","","Hammer Curl (Dumbbell)",,"",0,"normal",14,12,,,
"Back/ Biceps","Feb 2, 2025, 11:13 AM","Feb 2, 2025, 12:14 PM","","Hammer Curl (Dumbbell)",,"",1,"failure",16,12,,,
"Back/ Biceps","Feb 2, 2025, 11:13 AM","Feb 2, 2025, 12:14 PM","","Hammer Curl (Dumbbell)",,"",2,"failure",18,8,,,
"Back/ Biceps","Feb 2, 2025, 11:13 AM","Feb 2, 2025, 12:14 PM","","Iso-Lateral Row (Machine)",,"",0,"warmup",91,12,,,
"Back/ Biceps","Feb 2, 2025, 11:13 AM","Feb 2, 2025, 12:14 PM","","Iso-Lateral Row (Machine)",,"",1,"failure",161,7,,,
"Back/ Biceps","Feb 2, 2025, 11:13 AM","Feb 2, 2025, 12:14 PM","","Iso-Lateral Row (Machine)",,"",2,"failure",171,4,,,
"Back/ Biceps","Feb 2, 2025, 11:13 AM","Feb 2, 2025, 12:14 PM","","Preacher Curl (Machine)",,"",0,"normal",45,12,,,
"Back/ Biceps","Feb 2, 2025, 11:13 AM","Feb 2, 2025, 12:14 PM","","Preacher Curl (Machine)",,"",1,"failure",55,7,,,
"Back/ Biceps","Feb 2, 2025, 11:13 AM","Feb 2, 2025, 12:14 PM","","Preacher Curl (Machine)",,"",2,"failure",60,5,,,
"Back/ Biceps","Feb 2, 2025, 11:13 AM","Feb 2, 2025, 12:14 PM","","Seated Cable Row - V Grip (Cable)",,"",0,"normal",60,12,,,
"Back/ Biceps","Feb 2, 2025, 11:13 AM","Feb 2, 2025, 12:14 PM","","Seated Cable Row - V Grip (Cable)",,"",1,"failure",70,9,,,
"Chest/Tricep","Feb 1, 2025, 11:10 AM","Feb 1, 2025, 12:06 PM","","Incline Bench Press (Barbell)",,"",0,"normal",20,15,,,
"Chest/Tricep","Feb 1, 2025, 11:10 AM","Feb 1, 2025, 12:06 PM","","Incline Bench Press (Barbell)",,"",1,"normal",40,12,,,
"Chest/Tricep","Feb 1, 2025, 11:10 AM","Feb 1, 2025, 12:06 PM","","Incline Bench Press (Barbell)",,"",2,"failure",60,8,,,
"Chest/Tricep","Feb 1, 2025, 11:10 AM","Feb 1, 2025, 12:06 PM","","Tricep Extension (Cable)",,"",0,"normal",17.5,12,,,
"Chest/Tricep","Feb 1, 2025, 11:10 AM","Feb 1, 2025, 12:06 PM","","Tricep Extension (Cable)",,"",1,"failure",25,11,,,
"Chest/Tricep","Feb 1, 2025, 11:10 AM","Feb 1, 2025, 12:06 PM","","Tricep Extension (Cable)",,"",2,"failure",28.75,9,,,
"Chest/Tricep","Feb 1, 2025, 11:10 AM","Feb 1, 2025, 12:06 PM","","Chest Fly (Machine)",,"",0,"warmup",70,12,,,
"Chest/Tricep","Feb 1, 2025, 11:10 AM","Feb 1, 2025, 12:06 PM","","Chest Fly (Machine)",,"",1,"failure",90,8,,,
"Chest/Tricep","Feb 1, 2025, 11:10 AM","Feb 1, 2025, 12:06 PM","","Chest Fly (Machine)",,"",2,"failure",100,4,,,
"Chest/Tricep","Feb 1, 2025, 11:10 AM","Feb 1, 2025, 12:06 PM","","Triceps Pushdown",,"My triceps hurrrt",0,"normal",25,12,,,
"Chest/Tricep","Feb 1, 2025, 11:10 AM","Feb 1, 2025, 12:06 PM","","Triceps Pushdown",,"My triceps hurrrt",1,"failure",32.5,12,,,
"Chest/Tricep","Feb 1, 2025, 11:10 AM","Feb 1, 2025, 12:06 PM","","Triceps Pushdown",,"My triceps hurrrt",2,"failure",36.25,5,,,
"Chest/Tricep","Feb 1, 2025, 11:10 AM","Feb 1, 2025, 12:06 PM","","Bench Press (Dumbbell)",,"Bench was perma taken (Per arm)",0,"warmup",18,12,,,
"Chest/Tricep","Feb 1, 2025, 11:10 AM","Feb 1, 2025, 12:06 PM","","Bench Press (Dumbbell)",,"Bench was perma taken (Per arm)",1,"failure",24,12,,,
"Legs","Jan 30, 2025, 4:25 PM","Jan 30, 2025, 5:19 PM","Hammy hurt past the first leg press set 🙁","Bench Press (Barbell)",,"",0,"normal",20,12,,,
"Legs","Jan 30, 2025, 4:25 PM","Jan 30, 2025, 5:19 PM","Hammy hurt past the first leg press set 🙁","Bench Press (Barbell)",,"",1,"normal",40,12,,,
"Legs","Jan 30, 2025, 4:25 PM","Jan 30, 2025, 5:19 PM","Hammy hurt past the first leg press set 🙁","Bench Press (Barbell)",,"",2,"normal",65,10,,,
"Legs","Jan 30, 2025, 4:25 PM","Jan 30, 2025, 5:19 PM","Hammy hurt past the first leg press set 🙁","Leg Press (Machine)",,"Hammy hurt on 2nd set",0,"normal",147,12,,,
"Legs","Jan 30, 2025, 4:25 PM","Jan 30, 2025, 5:19 PM","Hammy hurt past the first leg press set 🙁","Leg Press (Machine)",,"Hammy hurt on 2nd set",1,"normal",247,10,,,
"Legs","Jan 30, 2025, 4:25 PM","Jan 30, 2025, 5:19 PM","Hammy hurt past the first leg press set 🙁","Leg Press (Machine)",,"Hammy hurt on 2nd set",2,"failure",297,4,,,
"Legs","Jan 30, 2025, 4:25 PM","Jan 30, 2025, 5:19 PM","Hammy hurt past the first leg press set 🙁","Seated Calf Raise",,"Need to go up",0,"warmup",73,20,,,
"Legs","Jan 30, 2025, 4:25 PM","Jan 30, 2025, 5:19 PM","Hammy hurt past the first leg press set 🙁","Seated Calf Raise",,"Need to go up",1,"normal",93,15,,,
"Legs","Jan 30, 2025, 4:25 PM","Jan 30, 2025, 5:19 PM","Hammy hurt past the first leg press set 🙁","Seated Calf Raise",,"Need to go up",2,"failure",103,24,,,
"Legs","Jan 30, 2025, 4:25 PM","Jan 30, 2025, 5:19 PM","Hammy hurt past the first leg press set 🙁","Leg Extension (Machine)",0,"",0,"warmup",75,12,,,
"Legs","Jan 30, 2025, 4:25 PM","Jan 30, 2025, 5:19 PM","Hammy hurt past the first leg press set 🙁","Leg Extension (Machine)",0,"",1,"normal",100,12,,,
"Legs","Jan 30, 2025, 4:25 PM","Jan 30, 2025, 5:19 PM","Hammy hurt past the first leg press set 🙁","Leg Extension (Machine)",0,"",2,"failure",120,8,,,
"Legs","Jan 30, 2025, 4:25 PM","Jan 30, 2025, 5:19 PM","Hammy hurt past the first leg press set 🙁","Hip Adduction (Machine)",0,"",0,"normal",60,12,,,
"Legs","Jan 30, 2025, 4:25 PM","Jan 30, 2025, 5:19 PM","Hammy hurt past the first leg press set 🙁","Hip Adduction (Machine)",0,"",1,"normal",85,12,,,
"Legs","Jan 30, 2025, 4:25 PM","Jan 30, 2025, 5:19 PM","Hammy hurt past the first leg press set 🙁","Hip Adduction (Machine)",0,"",2,"failure",90,6,,,
"Legs","Jan 30, 2025, 4:25 PM","Jan 30, 2025, 5:19 PM","Hammy hurt past the first leg press set 🙁","Lying Leg Curl (Machine)",,"",0,"warmup",40,12,,,
"Legs","Jan 30, 2025, 4:25 PM","Jan 30, 2025, 5:19 PM","Hammy hurt past the first leg press set 🙁","Lying Leg Curl (Machine)",,"",1,"normal",50,12,,,
"Legs","Jan 30, 2025, 4:25 PM","Jan 30, 2025, 5:19 PM","Hammy hurt past the first leg press set 🙁","Lying Leg Curl (Machine)",,"",2,"failure",65,7,,,
"Shoulders / Arms","Jan 29, 2025, 2:47 PM","Jan 29, 2025, 4:12 PM","","Shoulder Press (Dumbbell)",,"",0,"normal",16,12,,,
"Shoulders / Arms","Jan 29, 2025, 2:47 PM","Jan 29, 2025, 4:12 PM","","Shoulder Press (Dumbbell)",,"",1,"normal",18,12,,,
"Shoulders / Arms","Jan 29, 2025, 2:47 PM","Jan 29, 2025, 4:12 PM","","Shoulder Press (Dumbbell)",,"",2,"failure",20,12,,,
"Shoulders / Arms","Jan 29, 2025, 2:47 PM","Jan 29, 2025, 4:12 PM","","Hammer Curl (Dumbbell)",,"",0,"normal",12,12,,,
"Shoulders / Arms","Jan 29, 2025, 2:47 PM","Jan 29, 2025, 4:12 PM","","Hammer Curl (Dumbbell)",,"",1,"failure",16,12,,,
"Shoulders / Arms","Jan 29, 2025, 2:47 PM","Jan 29, 2025, 4:12 PM","","Hammer Curl (Dumbbell)",,"",2,"failure",18,7,,,
"Shoulders / Arms","Jan 29, 2025, 2:47 PM","Jan 29, 2025, 4:12 PM","","Tricep Extension (Cable)",,"",0,"normal",15,12,,,
"Shoulders / Arms","Jan 29, 2025, 2:47 PM","Jan 29, 2025, 4:12 PM","","Tricep Extension (Cable)",,"",1,"normal",17.5,12,,,
"Shoulders / Arms","Jan 29, 2025, 2:47 PM","Jan 29, 2025, 4:12 PM","","Tricep Extension (Cable)",,"",2,"failure",25,7,,,
"Shoulders / Arms","Jan 29, 2025, 2:47 PM","Jan 29, 2025, 4:12 PM","","Lateral Raise (Dumbbell)",,"",0,"normal",8,12,,,
"Shoulders / Arms","Jan 29, 2025, 2:47 PM","Jan 29, 2025, 4:12 PM","","Lateral Raise (Dumbbell)",,"",1,"failure",10,10,,,
"Shoulders / Arms","Jan 29, 2025, 2:47 PM","Jan 29, 2025, 4:12 PM","","Lateral Raise (Dumbbell)",,"",2,"failure",12,4,,,
"Shoulders / Arms","Jan 29, 2025, 2:47 PM","Jan 29, 2025, 4:12 PM","","Preacher Curl (Machine)",,"Hard stuck",0,"normal",40,12,,,
"Shoulders / Arms","Jan 29, 2025, 2:47 PM","Jan 29, 2025, 4:12 PM","","Preacher Curl (Machine)",,"Hard stuck",1,"normal",50,12,,,
"Shoulders / Arms","Jan 29, 2025, 2:47 PM","Jan 29, 2025, 4:12 PM","","Preacher Curl (Machine)",,"Hard stuck",2,"failure",55,7,,,
"Shoulders / Arms","Jan 29, 2025, 2:47 PM","Jan 29, 2025, 4:12 PM","","Triceps Pushdown",,"",0,"warmup",23.75,12,,,
"Shoulders / Arms","Jan 29, 2025, 2:47 PM","Jan 29, 2025, 4:12 PM","","Triceps Pushdown",,"",1,"normal",28.75,12,,,
"Shoulders / Arms","Jan 29, 2025, 2:47 PM","Jan 29, 2025, 4:12 PM","","Triceps Pushdown",,"",2,"failure",36.25,5,,,
"Shoulders / Arms","Jan 29, 2025, 2:47 PM","Jan 29, 2025, 4:12 PM","","Push Up",,"Arms are hurting",0,"failure",,17,,,
"Chest/Tricep","Jan 27, 2025, 7:42 AM","Jan 27, 2025, 9:27 AM","Yes king","Shoulder Press (Dumbbell)",,"Filler",0,"normal",14,12,,,
"Chest/Tricep","Jan 27, 2025, 7:42 AM","Jan 27, 2025, 9:27 AM","Yes king","Bench Press (Barbell)",,"Beast",0,"warmup",20,15,,,
"Chest/Tricep","Jan 27, 2025, 7:42 AM","Jan 27, 2025, 9:27 AM","Yes king","Bench Press (Barbell)",,"Beast",1,"normal",40,8,,,
"Chest/Tricep","Jan 27, 2025, 7:42 AM","Jan 27, 2025, 9:27 AM","Yes king","Bench Press (Barbell)",,"Beast",2,"normal",85,1,,,
"Chest/Tricep","Jan 27, 2025, 7:42 AM","Jan 27, 2025, 9:27 AM","Yes king","Tricep Extension (Cable)",,"",0,"normal",17.5,12,,,
"Chest/Tricep","Jan 27, 2025, 7:42 AM","Jan 27, 2025, 9:27 AM","Yes king","Tricep Extension (Cable)",,"",1,"failure",18.75,12,,,
"Chest/Tricep","Jan 27, 2025, 7:42 AM","Jan 27, 2025, 9:27 AM","Yes king","Tricep Extension (Cable)",,"",2,"failure",21.25,9,,,
"Chest/Tricep","Jan 27, 2025, 7:42 AM","Jan 27, 2025, 9:27 AM","Yes king","Incline Bench Press (Barbell)",,"",0,"normal",20,15,,,
"Chest/Tricep","Jan 27, 2025, 7:42 AM","Jan 27, 2025, 9:27 AM","Yes king","Incline Bench Press (Barbell)",,"",1,"normal",50,12,,,
"Chest/Tricep","Jan 27, 2025, 7:42 AM","Jan 27, 2025, 9:27 AM","Yes king","Incline Bench Press (Barbell)",,"",2,"failure",60,6,,,
"Chest/Tricep","Jan 27, 2025, 7:42 AM","Jan 27, 2025, 9:27 AM","Yes king","Triceps Pushdown",,"",0,"normal",28.75,12,,,
"Chest/Tricep","Jan 27, 2025, 7:42 AM","Jan 27, 2025, 9:27 AM","Yes king","Triceps Pushdown",,"",1,"failure",33.75,7,,,
"Chest/Tricep","Jan 27, 2025, 7:42 AM","Jan 27, 2025, 9:27 AM","Yes king","Triceps Pushdown",,"",2,"failure",36.25,5,,,
"Chest/Tricep","Jan 27, 2025, 7:42 AM","Jan 27, 2025, 9:27 AM","Yes king","Chest Fly (Machine)",,"Dafuq",0,"warmup",50,12,,,
"Chest/Tricep","Jan 27, 2025, 7:42 AM","Jan 27, 2025, 9:27 AM","Yes king","Chest Fly (Machine)",,"Dafuq",1,"normal",70,12,,,
"Chest/Tricep","Jan 27, 2025, 7:42 AM","Jan 27, 2025, 9:27 AM","Yes king","Chest Fly (Machine)",,"Dafuq",2,"failure",85,12,,,
"Back/ Biceps","Jan 26, 2025, 11:12 AM","Jan 26, 2025, 12:14 PM","Who made that mess???","Lat Pulldown - Close Grip (Cable)",,"",0,"normal",54,12,,,
"Back/ Biceps","Jan 26, 2025, 11:12 AM","Jan 26, 2025, 12:14 PM","Who made that mess???","Lat Pulldown - Close Grip (Cable)",,"",1,"normal",61,12,,,
"Back/ Biceps","Jan 26, 2025, 11:12 AM","Jan 26, 2025, 12:14 PM","Who made that mess???","Lat Pulldown - Close Grip (Cable)",,"",2,"failure",75,6,,,
"Back/ Biceps","Jan 26, 2025, 11:12 AM","Jan 26, 2025, 12:14 PM","Who made that mess???","Hammer Curl (Dumbbell)",,"",0,"normal",12,12,,,
"Back/ Biceps","Jan 26, 2025, 11:12 AM","Jan 26, 2025, 12:14 PM","Who made that mess???","Hammer Curl (Dumbbell)",,"",1,"normal",14,12,,,
"Back/ Biceps","Jan 26, 2025, 11:12 AM","Jan 26, 2025, 12:14 PM","Who made that mess???","Hammer Curl (Dumbbell)",,"",2,"failure",18,7,,,
"Back/ Biceps","Jan 26, 2025, 11:12 AM","Jan 26, 2025, 12:14 PM","Who made that mess???","Shrug (Dumbbell)",,"Strapfest",0,"normal",20,20,,,
"Back/ Biceps","Jan 26, 2025, 11:12 AM","Jan 26, 2025, 12:14 PM","Who made that mess???","Shrug (Dumbbell)",,"Strapfest",1,"failure",26,20,,,
"Back/ Biceps","Jan 26, 2025, 11:12 AM","Jan 26, 2025, 12:14 PM","Who made that mess???","Iso-Lateral Row (Machine)",,"Grip feels awful from shrugs",0,"warmup",91,12,,,
"Back/ Biceps","Jan 26, 2025, 11:12 AM","Jan 26, 2025, 12:14 PM","Who made that mess???","Iso-Lateral Row (Machine)",,"Grip feels awful from shrugs",1,"normal",131,12,,,
"Back/ Biceps","Jan 26, 2025, 11:12 AM","Jan 26, 2025, 12:14 PM","Who made that mess???","Iso-Lateral Row (Machine)",,"Grip feels awful from shrugs",2,"failure",151,7,,,
"Back/ Biceps","Jan 26, 2025, 11:12 AM","Jan 26, 2025, 12:14 PM","Who made that mess???","Preacher Curl (Machine)",,"Yes king",0,"normal",40,12,,,
"Back/ Biceps","Jan 26, 2025, 11:12 AM","Jan 26, 2025, 12:14 PM","Who made that mess???","Preacher Curl (Machine)",,"Yes king",1,"failure",45,12,,,
"Back/ Biceps","Jan 26, 2025, 11:12 AM","Jan 26, 2025, 12:14 PM","Who made that mess???","Preacher Curl (Machine)",,"Yes king",2,"failure",55,8,,,
"Chest/Tricep","Jan 25, 2025, 10:55 AM","Jan 25, 2025, 12:20 PM","Yes king","Decline Sit Ups",,"Filler cuz got here early",0,"normal",,15,,,
"Chest/Tricep","Jan 25, 2025, 10:55 AM","Jan 25, 2025, 12:20 PM","Yes king","Decline Sit Ups",,"Filler cuz got here early",1,"normal",,15,,,
"Chest/Tricep","Jan 25, 2025, 10:55 AM","Jan 25, 2025, 12:20 PM","Yes king","Decline Sit Ups",,"Filler cuz got here early",2,"failure",,12,,,
"Chest/Tricep","Jan 25, 2025, 10:55 AM","Jan 25, 2025, 12:20 PM","Yes king","Bench Press (Barbell)",,"Yes king",0,"warmup",20,15,,,
"Chest/Tricep","Jan 25, 2025, 10:55 AM","Jan 25, 2025, 12:20 PM","Yes king","Bench Press (Barbell)",,"Yes king",1,"normal",40,12,,,
"Chest/Tricep","Jan 25, 2025, 10:55 AM","Jan 25, 2025, 12:20 PM","Yes king","Bench Press (Barbell)",,"Yes king",2,"failure",70,8,,,
"Chest/Tricep","Jan 25, 2025, 10:55 AM","Jan 25, 2025, 12:20 PM","Yes king","Tricep Extension (Cable)",,"Diff grip on end set",0,"normal",16.25,12,,,
"Chest/Tricep","Jan 25, 2025, 10:55 AM","Jan 25, 2025, 12:20 PM","Yes king","Tricep Extension (Cable)",,"Diff grip on end set",1,"failure",18.75,8,,,
"Chest/Tricep","Jan 25, 2025, 10:55 AM","Jan 25, 2025, 12:20 PM","Yes king","Tricep Extension (Cable)",,"Diff grip on end set",2,"failure",18.75,9,,,
"Chest/Tricep","Jan 25, 2025, 10:55 AM","Jan 25, 2025, 12:20 PM","Yes king","Chest Fly (Machine)",,"Honking",0,"warmup",50,12,,,
"Chest/Tricep","Jan 25, 2025, 10:55 AM","Jan 25, 2025, 12:20 PM","Yes king","Chest Fly (Machine)",,"Honking",1,"normal",70,12,,,
"Chest/Tricep","Jan 25, 2025, 10:55 AM","Jan 25, 2025, 12:20 PM","Yes king","Chest Fly (Machine)",,"Honking",2,"failure",80,6,,,
"Chest/Tricep","Jan 25, 2025, 10:55 AM","Jan 25, 2025, 12:20 PM","Yes king","Triceps Pushdown",,"Awful top set",0,"normal",28.75,12,,,
"Chest/Tricep","Jan 25, 2025, 10:55 AM","Jan 25, 2025, 12:20 PM","Yes king","Triceps Pushdown",,"Awful top set",1,"failure",32.5,6,,,
"Chest/Tricep","Jan 25, 2025, 10:55 AM","Jan 25, 2025, 12:20 PM","Yes king","Triceps Pushdown",,"Awful top set",2,"failure",36.25,3,,,
"Chest/Tricep","Jan 25, 2025, 10:55 AM","Jan 25, 2025, 12:20 PM","Yes king","Incline Bench Press (Barbell)",,"",0,"normal",20,15,,,
"Chest/Tricep","Jan 25, 2025, 10:55 AM","Jan 25, 2025, 12:20 PM","Yes king","Incline Bench Press (Barbell)",,"",1,"normal",40,12,,,
"Chest/Tricep","Jan 25, 2025, 10:55 AM","Jan 25, 2025, 12:20 PM","Yes king","Incline Bench Press (Barbell)",,"",2,"failure",60,5,,,
"Legs","Jan 23, 2025, 4:01 PM","Jan 23, 2025, 5:03 PM","Superset Sasquatch","Leg Press (Machine)",,"",0,"normal",147,12,,,
"Legs","Jan 23, 2025, 4:01 PM","Jan 23, 2025, 5:03 PM","Superset Sasquatch","Leg Press (Machine)",,"",1,"normal",197,12,,,
"Legs","Jan 23, 2025, 4:01 PM","Jan 23, 2025, 5:03 PM","Superset Sasquatch","Leg Press (Machine)",,"",2,"failure",247,12,,,
"Legs","Jan 23, 2025, 4:01 PM","Jan 23, 2025, 5:03 PM","Superset Sasquatch","Leg Extension (Machine)",,"",0,"warmup",75,12,,,
"Legs","Jan 23, 2025, 4:01 PM","Jan 23, 2025, 5:03 PM","Superset Sasquatch","Leg Extension (Machine)",,"",1,"normal",100,12,,,
"Legs","Jan 23, 2025, 4:01 PM","Jan 23, 2025, 5:03 PM","Superset Sasquatch","Leg Extension (Machine)",,"",2,"failure",115,10,,,
"Legs","Jan 23, 2025, 4:01 PM","Jan 23, 2025, 5:03 PM","Superset Sasquatch","Lying Leg Curl (Machine)",0,"",0,"warmup",40,12,,,
"Legs","Jan 23, 2025, 4:01 PM","Jan 23, 2025, 5:03 PM","Superset Sasquatch","Lying Leg Curl (Machine)",0,"",1,"normal",50,12,,,
"Legs","Jan 23, 2025, 4:01 PM","Jan 23, 2025, 5:03 PM","Superset Sasquatch","Hip Adduction (Machine)",0,"",0,"normal",60,12,,,
"Legs","Jan 23, 2025, 4:01 PM","Jan 23, 2025, 5:03 PM","Superset Sasquatch","Hip Adduction (Machine)",0,"",1,"normal",80,12,,,
"Legs","Jan 23, 2025, 4:01 PM","Jan 23, 2025, 5:03 PM","Superset Sasquatch","Hip Adduction (Machine)",0,"",2,"dropset",85,7,,,
"Legs","Jan 23, 2025, 4:01 PM","Jan 23, 2025, 5:03 PM","Superset Sasquatch","Hip Adduction (Machine)",0,"",3,"failure",45,12,,,
"Legs","Jan 23, 2025, 4:01 PM","Jan 23, 2025, 5:03 PM","Superset Sasquatch","Seated Calf Raise",1,"",0,"warmup",73,20,,,
"Legs","Jan 23, 2025, 4:01 PM","Jan 23, 2025, 5:03 PM","Superset Sasquatch","Seated Calf Raise",1,"",1,"normal",83,12,,,
"Legs","Jan 23, 2025, 4:01 PM","Jan 23, 2025, 5:03 PM","Superset Sasquatch","Squat (Barbell)",1,"",0,"normal",40,12,,,
"Legs","Jan 23, 2025, 4:01 PM","Jan 23, 2025, 5:03 PM","Superset Sasquatch","Squat (Barbell)",1,"",1,"failure",60,10,,,
"Shoulders / Arms","Jan 22, 2025, 4:02 PM","Jan 22, 2025, 5:11 PM","Busy as Diddy can be","Preacher Curl (Machine)",,"",0,"normal",40,12,,,
"Shoulders / Arms","Jan 22, 2025, 4:02 PM","Jan 22, 2025, 5:11 PM","Busy as Diddy can be","Preacher Curl (Machine)",,"",1,"normal",45,12,,,
"Shoulders / Arms","Jan 22, 2025, 4:02 PM","Jan 22, 2025, 5:11 PM","Busy as Diddy can be","Preacher Curl (Machine)",,"",2,"failure",55,8,,,
"Shoulders / Arms","Jan 22, 2025, 4:02 PM","Jan 22, 2025, 5:11 PM","Busy as Diddy can be","Shoulder Press (Dumbbell)",,"",0,"normal",16,12,,,
"Shoulders / Arms","Jan 22, 2025, 4:02 PM","Jan 22, 2025, 5:11 PM","Busy as Diddy can be","Shoulder Press (Dumbbell)",,"",1,"failure",18,11,,,
"Shoulders / Arms","Jan 22, 2025, 4:02 PM","Jan 22, 2025, 5:11 PM","Busy as Diddy can be","Shoulder Press (Dumbbell)",,"",2,"failure",20,6,,,
"Shoulders / Arms","Jan 22, 2025, 4:02 PM","Jan 22, 2025, 5:11 PM","Busy as Diddy can be","Triceps Extension (Machine)",,"Sigma",0,"normal",40,12,,,
"Shoulders / Arms","Jan 22, 2025, 4:02 PM","Jan 22, 2025, 5:11 PM","Busy as Diddy can be","Triceps Extension (Machine)",,"Sigma",1,"failure",45,12,,,
"Shoulders / Arms","Jan 22, 2025, 4:02 PM","Jan 22, 2025, 5:11 PM","Busy as Diddy can be","Triceps Extension (Machine)",,"Sigma",2,"failure",50,8,,,
"Shoulders / Arms","Jan 22, 2025, 4:02 PM","Jan 22, 2025, 5:11 PM","Busy as Diddy can be","Hammer Curl (Dumbbell)",,"Holy fall off",0,"normal",14,12,,,
"Shoulders / Arms","Jan 22, 2025, 4:02 PM","Jan 22, 2025, 5:11 PM","Busy as Diddy can be","Hammer Curl (Dumbbell)",,"Holy fall off",1,"failure",16,8,,,
"Shoulders / Arms","Jan 22, 2025, 4:02 PM","Jan 22, 2025, 5:11 PM","Busy as Diddy can be","Hammer Curl (Dumbbell)",,"Holy fall off",2,"failure",18,3,,,
"Shoulders / Arms","Jan 22, 2025, 4:02 PM","Jan 22, 2025, 5:11 PM","Busy as Diddy can be","Lateral Raise (Dumbbell)",,"",0,"normal",8,12,,,
"Shoulders / Arms","Jan 22, 2025, 4:02 PM","Jan 22, 2025, 5:11 PM","Busy as Diddy can be","Lateral Raise (Dumbbell)",,"",1,"failure",10,10,,,
"Shoulders / Arms","Jan 22, 2025, 4:02 PM","Jan 22, 2025, 5:11 PM","Busy as Diddy can be","Lateral Raise (Dumbbell)",,"",2,"failure",10,7,,,
"Shoulders / Arms","Jan 22, 2025, 4:02 PM","Jan 22, 2025, 5:11 PM","Busy as Diddy can be","JM Press (Barbell)",,"Awful",0,"normal",20,12,,,
"Shoulders / Arms","Jan 22, 2025, 4:02 PM","Jan 22, 2025, 5:11 PM","Busy as Diddy can be","JM Press (Barbell)",,"Awful",1,"normal",30,12,,,
"Shoulders / Arms","Jan 22, 2025, 4:02 PM","Jan 22, 2025, 5:11 PM","Busy as Diddy can be","Triceps Pushdown",,"",0,"normal",23.75,12,,,
"Shoulders / Arms","Jan 22, 2025, 4:02 PM","Jan 22, 2025, 5:11 PM","Busy as Diddy can be","Triceps Pushdown",,"",1,"normal",28.75,12,,,
"Shoulders / Arms","Jan 22, 2025, 4:02 PM","Jan 22, 2025, 5:11 PM","Busy as Diddy can be","Triceps Pushdown",,"",2,"failure",31.25,7,,,
"Shoulders / Arms","Jan 22, 2025, 4:02 PM","Jan 22, 2025, 5:11 PM","Busy as Diddy can be","Bicep Curl (Dumbbell)",,"",0,"failure",14,8,,,
"Shoulders / Arms","Jan 22, 2025, 4:02 PM","Jan 22, 2025, 5:11 PM","Busy as Diddy can be","Bicep Curl (Dumbbell)",,"",1,"failure",14,6,,,
"Shoulders / Arms","Jan 22, 2025, 4:02 PM","Jan 22, 2025, 5:11 PM","Busy as Diddy can be","Bicep Curl (Dumbbell)",,"",2,"failure",14,6,,,
"Chest/Tricep","Jan 19, 2025, 11:09 AM","Jan 19, 2025, 12:22 PM","Fest","Bench Press (Barbell)",,"",0,"warmup",20,10,,,
"Chest/Tricep","Jan 19, 2025, 11:09 AM","Jan 19, 2025, 12:22 PM","Fest","Bench Press (Barbell)",,"",1,"normal",50,12,,,
"Chest/Tricep","Jan 19, 2025, 11:09 AM","Jan 19, 2025, 12:22 PM","Fest","Bench Press (Barbell)",,"",2,"failure",70,6,,,
"Chest/Tricep","Jan 19, 2025, 11:09 AM","Jan 19, 2025, 12:22 PM","Fest","Tricep Extension (Cable)",,"",0,"normal",15,12,,,
"Chest/Tricep","Jan 19, 2025, 11:09 AM","Jan 19, 2025, 12:22 PM","Fest","Tricep Extension (Cable)",,"",1,"failure",17.5,8,,,
"Chest/Tricep","Jan 19, 2025, 11:09 AM","Jan 19, 2025, 12:22 PM","Fest","Tricep Extension (Cable)",,"",2,"failure",21.25,5,,,
"Chest/Tricep","Jan 19, 2025, 11:09 AM","Jan 19, 2025, 12:22 PM","Fest","Chest Fly (Machine)",,"",0,"warmup",50,12,,,
"Chest/Tricep","Jan 19, 2025, 11:09 AM","Jan 19, 2025, 12:22 PM","Fest","Chest Fly (Machine)",,"",1,"normal",70,12,,,
"Chest/Tricep","Jan 19, 2025, 11:09 AM","Jan 19, 2025, 12:22 PM","Fest","Chest Fly (Machine)",,"",2,"failure",80,8,,,
"Chest/Tricep","Jan 19, 2025, 11:09 AM","Jan 19, 2025, 12:22 PM","Fest","Triceps Pushdown",,"",0,"normal",21.25,12,,,
"Chest/Tricep","Jan 19, 2025, 11:09 AM","Jan 19, 2025, 12:22 PM","Fest","Triceps Pushdown",,"",1,"normal",28.75,12,,,
"Chest/Tricep","Jan 19, 2025, 11:09 AM","Jan 19, 2025, 12:22 PM","Fest","Triceps Pushdown",,"",2,"failure",32.5,6,,,
"Chest/Tricep","Jan 19, 2025, 11:09 AM","Jan 19, 2025, 12:22 PM","Fest","Decline Bench Press (Barbell)",,"Giggle and shit",0,"normal",20,12,,,
"Chest/Tricep","Jan 19, 2025, 11:09 AM","Jan 19, 2025, 12:22 PM","Fest","Decline Bench Press (Barbell)",,"Giggle and shit",1,"normal",40,12,,,
"Chest/Tricep","Jan 19, 2025, 11:09 AM","Jan 19, 2025, 12:22 PM","Fest","Decline Bench Press (Barbell)",,"Giggle and shit",2,"failure",60,5,,,
"Back/ Biceps","Jan 18, 2025, 10:29 AM","Jan 18, 2025, 11:37 AM","","Lat Pulldown (Cable)",,"",0,"normal",54,12,,,
"Back/ Biceps","Jan 18, 2025, 10:29 AM","Jan 18, 2025, 11:37 AM","","Lat Pulldown (Cable)",,"",1,"normal",61,10,,,
"Back/ Biceps","Jan 18, 2025, 10:29 AM","Jan 18, 2025, 11:37 AM","","Hammer Curl (Dumbbell)",,"Per arm",0,"normal",14,12,,,
"Back/ Biceps","Jan 18, 2025, 10:29 AM","Jan 18, 2025, 11:37 AM","","Hammer Curl (Dumbbell)",,"Per arm",1,"normal",16,12,,,
"Back/ Biceps","Jan 18, 2025, 10:29 AM","Jan 18, 2025, 11:37 AM","","Hammer Curl (Dumbbell)",,"Per arm",2,"failure",18,5,,,
"Back/ Biceps","Jan 18, 2025, 10:29 AM","Jan 18, 2025, 11:37 AM","","Iso-Lateral Row (Machine)",,"Total w + Straps + wide grip",0,"normal",91,12,,,
"Back/ Biceps","Jan 18, 2025, 10:29 AM","Jan 18, 2025, 11:37 AM","","Iso-Lateral Row (Machine)",,"Total w + Straps + wide grip",1,"normal",131,12,,,
"Back/ Biceps","Jan 18, 2025, 10:29 AM","Jan 18, 2025, 11:37 AM","","Iso-Lateral Row (Machine)",,"Total w + Straps + wide grip",2,"failure",151,6,,,
"Back/ Biceps","Jan 18, 2025, 10:29 AM","Jan 18, 2025, 11:37 AM","","Seated Cable Row - V Grip (Cable)",,"",0,"warmup",50,12,,,
"Back/ Biceps","Jan 18, 2025, 10:29 AM","Jan 18, 2025, 11:37 AM","","Seated Cable Row - V Grip (Cable)",,"",1,"normal",60,12,,,
"Back/ Biceps","Jan 18, 2025, 10:29 AM","Jan 18, 2025, 11:37 AM","","Seated Cable Row - V Grip (Cable)",,"",2,"failure",70,7,,,
"Back/ Biceps","Jan 18, 2025, 10:29 AM","Jan 18, 2025, 11:37 AM","","Preacher Curl (Barbell)",,"",0,"normal",18,12,,,
"Back/ Biceps","Jan 18, 2025, 10:29 AM","Jan 18, 2025, 11:37 AM","","Preacher Curl (Barbell)",,"",1,"failure",23,12,,,
"Back/ Biceps","Jan 18, 2025, 10:29 AM","Jan 18, 2025, 11:37 AM","","Preacher Curl (Barbell)",,"",2,"failure",28,7,,,
"Back/ Biceps","Jan 18, 2025, 10:29 AM","Jan 18, 2025, 11:37 AM","","Shrug (Dumbbell)",,"First time - I dont know about them",0,"normal",20,12,,,
"Back/ Biceps","Jan 18, 2025, 10:29 AM","Jan 18, 2025, 11:37 AM","","Shrug (Dumbbell)",,"First time - I dont know about them",1,"normal",24,12,,,
"Legs","Jan 16, 2025, 5:00 PM","Jan 16, 2025, 5:40 PM","Quick sesh","Leg Extension (Machine)",,"",0,"warmup",70,12,,,
"Legs","Jan 16, 2025, 5:00 PM","Jan 16, 2025, 5:40 PM","Quick sesh","Leg Extension (Machine)",,"",1,"normal",100,12,,,
"Legs","Jan 16, 2025, 5:00 PM","Jan 16, 2025, 5:40 PM","Quick sesh","Leg Extension (Machine)",,"",2,"failure",115,8,,,
"Legs","Jan 16, 2025, 5:00 PM","Jan 16, 2025, 5:40 PM","Quick sesh","Seated Calf Raise",,"Goated",0,"warmup",73,20,,,
"Legs","Jan 16, 2025, 5:00 PM","Jan 16, 2025, 5:40 PM","Quick sesh","Seated Calf Raise",,"Goated",1,"normal",93,12,,,
"Legs","Jan 16, 2025, 5:00 PM","Jan 16, 2025, 5:40 PM","Quick sesh","Seated Calf Raise",,"Goated",2,"failure",113,12,,,
"Legs","Jan 16, 2025, 5:00 PM","Jan 16, 2025, 5:40 PM","Quick sesh","Lying Leg Curl (Machine)",,"Rep range could do with changing",0,"warmup",40,12,,,
"Legs","Jan 16, 2025, 5:00 PM","Jan 16, 2025, 5:40 PM","Quick sesh","Lying Leg Curl (Machine)",,"Rep range could do with changing",1,"normal",50,12,,,
"Legs","Jan 16, 2025, 5:00 PM","Jan 16, 2025, 5:40 PM","Quick sesh","Lying Leg Curl (Machine)",,"Rep range could do with changing",2,"failure",60,8,,,
"Legs","Jan 16, 2025, 5:00 PM","Jan 16, 2025, 5:40 PM","Quick sesh","Leg Press (Machine)",,"Actually no squat racks free",0,"normal",147,12,,,
"Legs","Jan 16, 2025, 5:00 PM","Jan 16, 2025, 5:40 PM","Quick sesh","Leg Press (Machine)",,"Actually no squat racks free",1,"normal",197,12,,,
"Legs","Jan 16, 2025, 5:00 PM","Jan 16, 2025, 5:40 PM","Quick sesh","Leg Press (Machine)",,"Actually no squat racks free",2,"failure",247,7,,,
"Shoulders / Arms","Jan 15, 2025, 3:27 PM","Jan 15, 2025, 4:33 PM","","Preacher Curl (Machine)",0,"Go up?",0,"normal",40,12,,,
"Shoulders / Arms","Jan 15, 2025, 3:27 PM","Jan 15, 2025, 4:33 PM","","Preacher Curl (Machine)",0,"Go up?",1,"normal",45,12,,,
"Shoulders / Arms","Jan 15, 2025, 3:27 PM","Jan 15, 2025, 4:33 PM","","Preacher Curl (Machine)",0,"Go up?",2,"failure",55,7,,,
"Shoulders / Arms","Jan 15, 2025, 3:27 PM","Jan 15, 2025, 4:33 PM","","Triceps Extension (Machine)",0,"",0,"normal",40,12,,,
"Shoulders / Arms","Jan 15, 2025, 3:27 PM","Jan 15, 2025, 4:33 PM","","Triceps Extension (Machine)",0,"",1,"normal",45,12,,,
"Shoulders / Arms","Jan 15, 2025, 3:27 PM","Jan 15, 2025, 4:33 PM","","Triceps Extension (Machine)",0,"",2,"failure",50,11,,,
"Shoulders / Arms","Jan 15, 2025, 3:27 PM","Jan 15, 2025, 4:33 PM","","Shoulder Press (Dumbbell)",,"Per arm",0,"normal",18,12,,,
"Shoulders / Arms","Jan 15, 2025, 3:27 PM","Jan 15, 2025, 4:33 PM","","Shoulder Press (Dumbbell)",,"Per arm",1,"failure",20,8,,,
"Shoulders / Arms","Jan 15, 2025, 3:27 PM","Jan 15, 2025, 4:33 PM","","Shoulder Press (Dumbbell)",,"Per arm",2,"failure",20,6,,,
"Shoulders / Arms","Jan 15, 2025, 3:27 PM","Jan 15, 2025, 4:33 PM","","Seated Lateral Raise (Dumbbell)",1,"Per arm",0,"normal",6,12,,,
"Shoulders / Arms","Jan 15, 2025, 3:27 PM","Jan 15, 2025, 4:33 PM","","Seated Lateral Raise (Dumbbell)",1,"Per arm",1,"failure",8,10,,,
"Shoulders / Arms","Jan 15, 2025, 3:27 PM","Jan 15, 2025, 4:33 PM","","Seated Lateral Raise (Dumbbell)",1,"Per arm",2,"failure",10,6,,,
"Shoulders / Arms","Jan 15, 2025, 3:27 PM","Jan 15, 2025, 4:33 PM","","Bicep Curl (Dumbbell)",1,"Per arm",0,"normal",12,12,,,
"Shoulders / Arms","Jan 15, 2025, 3:27 PM","Jan 15, 2025, 4:33 PM","","Bicep Curl (Dumbbell)",1,"Per arm",1,"failure",14,7,,,
"Shoulders / Arms","Jan 15, 2025, 3:27 PM","Jan 15, 2025, 4:33 PM","","Bicep Curl (Dumbbell)",1,"Per arm",2,"failure",14,5,,,
"Shoulders / Arms","Jan 15, 2025, 3:27 PM","Jan 15, 2025, 4:33 PM","","Tricep Extension (Cable)",,"Trial",0,"failure",17.5,8,,,
"Shoulders / Arms","Jan 15, 2025, 3:27 PM","Jan 15, 2025, 4:33 PM","","Tricep Extension (Cable)",,"Trial",1,"normal",15,12,,,
"Shoulders / Arms","Jan 15, 2025, 3:27 PM","Jan 15, 2025, 4:33 PM","","Tricep Extension (Cable)",,"Trial",2,"failure",21.25,5,,,
"Shoulders / Arms","Jan 15, 2025, 3:27 PM","Jan 15, 2025, 4:33 PM","","Hammer Curl (Dumbbell)",,"Per arm",0,"warmup",12,12,,,
"Shoulders / Arms","Jan 15, 2025, 3:27 PM","Jan 15, 2025, 4:33 PM","","Hammer Curl (Dumbbell)",,"Per arm",1,"failure",16,11,,,
"Shoulders / Arms","Jan 15, 2025, 3:27 PM","Jan 15, 2025, 4:33 PM","","Hammer Curl (Dumbbell)",,"Per arm",2,"failure",18,5,,,
"Back/ Biceps","Jan 12, 2025, 11:17 AM","Jan 12, 2025, 12:35 PM","","Pull Up (Assisted)",,"",0,"normal",37.5,12,,,
"Back/ Biceps","Jan 12, 2025, 11:17 AM","Jan 12, 2025, 12:35 PM","","Pull Up (Assisted)",,"",1,"failure",34.38,12,,,
"Back/ Biceps","Jan 12, 2025, 11:17 AM","Jan 12, 2025, 12:35 PM","","Pull Up (Assisted)",,"",2,"failure",31.25,7,,,
"Back/ Biceps","Jan 12, 2025, 11:17 AM","Jan 12, 2025, 12:35 PM","","Hammer Curl (Dumbbell)",,"",0,"normal",12,12,,,
"Back/ Biceps","Jan 12, 2025, 11:17 AM","Jan 12, 2025, 12:35 PM","","Hammer Curl (Dumbbell)",,"",1,"failure",14,12,,,
"Back/ Biceps","Jan 12, 2025, 11:17 AM","Jan 12, 2025, 12:35 PM","","Hammer Curl (Dumbbell)",,"",2,"failure",16,12,,,
"Back/ Biceps","Jan 12, 2025, 11:17 AM","Jan 12, 2025, 12:35 PM","","Iso-Lateral Row (Machine)",,"Total w + strapfest",0,"normal",111,12,,,
"Back/ Biceps","Jan 12, 2025, 11:17 AM","Jan 12, 2025, 12:35 PM","","Iso-Lateral Row (Machine)",,"Total w + strapfest",1,"failure",161,8,,,
"Back/ Biceps","Jan 12, 2025, 11:17 AM","Jan 12, 2025, 12:35 PM","","Iso-Lateral Row (Machine)",,"Total w + strapfest",2,"failure",191,3,,,
"Back/ Biceps","Jan 12, 2025, 11:17 AM","Jan 12, 2025, 12:35 PM","","Lat Pulldown - Close Grip (Cable)",,"",0,"failure",61,10,,,
"Back/ Biceps","Jan 12, 2025, 11:17 AM","Jan 12, 2025, 12:35 PM","","Lat Pulldown - Close Grip (Cable)",,"",1,"failure",68,8,,,
"Back/ Biceps","Jan 12, 2025, 11:17 AM","Jan 12, 2025, 12:35 PM","","Lat Pulldown - Close Grip (Cable)",,"",2,"failure",75,5,,,
"Back/ Biceps","Jan 12, 2025, 11:17 AM","Jan 12, 2025, 12:35 PM","","Preacher Curl (Machine)",,"",0,"normal",40,12,,,
"Back/ Biceps","Jan 12, 2025, 11:17 AM","Jan 12, 2025, 12:35 PM","","Preacher Curl (Machine)",,"",1,"normal",45,12,,,
"Back/ Biceps","Jan 12, 2025, 11:17 AM","Jan 12, 2025, 12:35 PM","","Rear Delt Reverse Fly (Machine)",,"Traps over delts",0,"normal",45,12,,,
"Back/ Biceps","Jan 12, 2025, 11:17 AM","Jan 12, 2025, 12:35 PM","","Rear Delt Reverse Fly (Machine)",,"Traps over delts",1,"normal",50,12,,,
"Back/ Biceps","Jan 12, 2025, 11:17 AM","Jan 12, 2025, 12:35 PM","","Rear Delt Reverse Fly (Machine)",,"Traps over delts",2,"failure",55,6,,,
"Chest/Tricep","Jan 11, 2025, 9:05 AM","Jan 11, 2025, 10:18 AM","","Bench Press (Barbell)",,"",0,"warmup",20,12,,,
"Chest/Tricep","Jan 11, 2025, 9:05 AM","Jan 11, 2025, 10:18 AM","","Bench Press (Barbell)",,"",1,"normal",40,12,,,
"Chest/Tricep","Jan 11, 2025, 9:05 AM","Jan 11, 2025, 10:18 AM","","Bench Press (Barbell)",,"",2,"failure",70,7,,,
"Chest/Tricep","Jan 11, 2025, 9:05 AM","Jan 11, 2025, 10:18 AM","","Triceps Pushdown",,"",0,"normal",26.25,12,,,
"Chest/Tricep","Jan 11, 2025, 9:05 AM","Jan 11, 2025, 10:18 AM","","Triceps Pushdown",,"",1,"normal",31.25,12,,,
"Chest/Tricep","Jan 11, 2025, 9:05 AM","Jan 11, 2025, 10:18 AM","","Triceps Pushdown",,"",2,"failure",33.75,6,,,
"Chest/Tricep","Jan 11, 2025, 9:05 AM","Jan 11, 2025, 10:18 AM","","Chest Fly (Machine)",,"",0,"warmup",50,12,,,
"Chest/Tricep","Jan 11, 2025, 9:05 AM","Jan 11, 2025, 10:18 AM","","Chest Fly (Machine)",,"",1,"normal",70,12,,,
"Chest/Tricep","Jan 11, 2025, 9:05 AM","Jan 11, 2025, 10:18 AM","","Chest Fly (Machine)",,"",2,"failure",80,8,,,
"Chest/Tricep","Jan 11, 2025, 9:05 AM","Jan 11, 2025, 10:18 AM","","Triceps Extension (Machine)",,"",0,"normal",40,12,,,
"Chest/Tricep","Jan 11, 2025, 9:05 AM","Jan 11, 2025, 10:18 AM","","Triceps Extension (Machine)",,"",1,"normal",45,12,,,
"Chest/Tricep","Jan 11, 2025, 9:05 AM","Jan 11, 2025, 10:18 AM","","Triceps Extension (Machine)",,"",2,"failure",50,8,,,
"Chest/Tricep","Jan 11, 2025, 9:05 AM","Jan 11, 2025, 10:18 AM","","Incline Bench Press (Barbell)",,"",0,"normal",20,12,,,
"Chest/Tricep","Jan 11, 2025, 9:05 AM","Jan 11, 2025, 10:18 AM","","Incline Bench Press (Barbell)",,"",1,"normal",40,12,,,
"Chest/Tricep","Jan 11, 2025, 9:05 AM","Jan 11, 2025, 10:18 AM","","Incline Bench Press (Barbell)",,"",2,"failure",60,3,,,
"Legs","Jan 9, 2025, 4:04 PM","Jan 9, 2025, 5:11 PM","Busy as Diddy","Lying Leg Curl (Machine)",,"",0,"normal",40,12,,,
"Legs","Jan 9, 2025, 4:04 PM","Jan 9, 2025, 5:11 PM","Busy as Diddy","Lying Leg Curl (Machine)",,"",1,"normal",50,12,,,
"Legs","Jan 9, 2025, 4:04 PM","Jan 9, 2025, 5:11 PM","Busy as Diddy","Lying Leg Curl (Machine)",,"",2,"failure",60,10,,,
"Legs","Jan 9, 2025, 4:04 PM","Jan 9, 2025, 5:11 PM","Busy as Diddy","Hip Adduction (Machine)",,"Filler",0,"normal",70,12,,,
"Legs","Jan 9, 2025, 4:04 PM","Jan 9, 2025, 5:11 PM","Busy as Diddy","Hip Adduction (Machine)",,"Filler",1,"normal",80,12,,,
"Legs","Jan 9, 2025, 4:04 PM","Jan 9, 2025, 5:11 PM","Busy as Diddy","Leg Press (Machine)",,"",0,"normal",147,12,,,
"Legs","Jan 9, 2025, 4:04 PM","Jan 9, 2025, 5:11 PM","Busy as Diddy","Leg Press (Machine)",,"",1,"normal",197,12,,,
"Legs","Jan 9, 2025, 4:04 PM","Jan 9, 2025, 5:11 PM","Busy as Diddy","Leg Press (Machine)",,"",2,"failure",247,9,,,
"Legs","Jan 9, 2025, 4:04 PM","Jan 9, 2025, 5:11 PM","Busy as Diddy","Seated Calf Raise",,"",0,"warmup",73,15,,,
"Legs","Jan 9, 2025, 4:04 PM","Jan 9, 2025, 5:11 PM","Busy as Diddy","Seated Calf Raise",,"",1,"normal",93,12,,,
"Legs","Jan 9, 2025, 4:04 PM","Jan 9, 2025, 5:11 PM","Busy as Diddy","Seated Calf Raise",,"",2,"failure",113,7,,,
"Legs","Jan 9, 2025, 4:04 PM","Jan 9, 2025, 5:11 PM","Busy as Diddy","Squat (Barbell)",,"Diddy squat",0,"warmup",20,10,,,
"Legs","Jan 9, 2025, 4:04 PM","Jan 9, 2025, 5:11 PM","Busy as Diddy","Squat (Barbell)",,"Diddy squat",1,"failure",40,12,,,
"Legs","Jan 9, 2025, 4:04 PM","Jan 9, 2025, 5:11 PM","Busy as Diddy","Squat (Barbell)",,"Diddy squat",2,"failure",60,6,,,
"Shoulders / Arms","Jan 8, 2025, 4:02 PM","Jan 8, 2025, 5:10 PM","","Shoulder Press (Dumbbell)",,"",0,"normal",16,12,,,
"Shoulders / Arms","Jan 8, 2025, 4:02 PM","Jan 8, 2025, 5:10 PM","","Shoulder Press (Dumbbell)",,"",1,"failure",18,12,,,
"Shoulders / Arms","Jan 8, 2025, 4:02 PM","Jan 8, 2025, 5:10 PM","","Shoulder Press (Dumbbell)",,"",2,"failure",20,6,,,
"Shoulders / Arms","Jan 8, 2025, 4:02 PM","Jan 8, 2025, 5:10 PM","","Triceps Extension (Machine)",0,"",0,"normal",40,12,,,
"Shoulders / Arms","Jan 8, 2025, 4:02 PM","Jan 8, 2025, 5:10 PM","","Triceps Extension (Machine)",0,"",1,"failure",45,12,,,
"Shoulders / Arms","Jan 8, 2025, 4:02 PM","Jan 8, 2025, 5:10 PM","","Triceps Extension (Machine)",0,"",2,"failure",50,7,,,
"Shoulders / Arms","Jan 8, 2025, 4:02 PM","Jan 8, 2025, 5:10 PM","","Preacher Curl (Machine)",0,"",0,"normal",40,12,,,
"Shoulders / Arms","Jan 8, 2025, 4:02 PM","Jan 8, 2025, 5:10 PM","","Preacher Curl (Machine)",0,"",1,"failure",50,12,,,
"Shoulders / Arms","Jan 8, 2025, 4:02 PM","Jan 8, 2025, 5:10 PM","","Preacher Curl (Machine)",0,"",2,"failure",55,5,,,
"Shoulders / Arms","Jan 8, 2025, 4:02 PM","Jan 8, 2025, 5:10 PM","","Seated Lateral Raise (Dumbbell)",,"",0,"normal",8,12,,,
"Shoulders / Arms","Jan 8, 2025, 4:02 PM","Jan 8, 2025, 5:10 PM","","Seated Lateral Raise (Dumbbell)",,"",1,"normal",8,12,,,
"Shoulders / Arms","Jan 8, 2025, 4:02 PM","Jan 8, 2025, 5:10 PM","","Seated Lateral Raise (Dumbbell)",,"",2,"normal",10,6,,,
"Shoulders / Arms","Jan 8, 2025, 4:02 PM","Jan 8, 2025, 5:10 PM","","Bicep Curl (Dumbbell)",,"seated + w is per arm",0,"normal",10,12,,,
"Shoulders / Arms","Jan 8, 2025, 4:02 PM","Jan 8, 2025, 5:10 PM","","Bicep Curl (Dumbbell)",,"seated + w is per arm",1,"failure",12,12,,,
"Shoulders / Arms","Jan 8, 2025, 4:02 PM","Jan 8, 2025, 5:10 PM","","Bicep Curl (Dumbbell)",,"seated + w is per arm",2,"failure",14,4,,,
"Shoulders / Arms","Jan 8, 2025, 4:02 PM","Jan 8, 2025, 5:10 PM","","Triceps Pushdown",,"",0,"normal",26.25,12,,,
"Shoulders / Arms","Jan 8, 2025, 4:02 PM","Jan 8, 2025, 5:10 PM","","Triceps Pushdown",,"",1,"failure",31.25,10,,,
"Shoulders / Arms","Jan 8, 2025, 4:02 PM","Jan 8, 2025, 5:10 PM","","Triceps Pushdown",,"",2,"failure",33.75,5,,,
"Chest/Shoulder/Tricep","Jan 5, 2025, 11:11 AM","Jan 5, 2025, 12:35 PM","Diddy","Bench Press (Barbell)",,"Gains",0,"warmup",20,12,,,
"Chest/Shoulder/Tricep","Jan 5, 2025, 11:11 AM","Jan 5, 2025, 12:35 PM","Diddy","Bench Press (Barbell)",,"Gains",1,"normal",40,10,,,
"Chest/Shoulder/Tricep","Jan 5, 2025, 11:11 AM","Jan 5, 2025, 12:35 PM","Diddy","Bench Press (Barbell)",,"Gains",2,"failure",65,10,,,
"Chest/Shoulder/Tricep","Jan 5, 2025, 11:11 AM","Jan 5, 2025, 12:35 PM","Diddy","Shoulder Press (Dumbbell)",,"Per arm",0,"normal",18,12,,,
"Chest/Shoulder/Tricep","Jan 5, 2025, 11:11 AM","Jan 5, 2025, 12:35 PM","Diddy","Shoulder Press (Dumbbell)",,"Per arm",1,"failure",18,10,,,
"Chest/Shoulder/Tricep","Jan 5, 2025, 11:11 AM","Jan 5, 2025, 12:35 PM","Diddy","Triceps Pushdown",,"",0,"warmup",22.5,12,,,
"Chest/Shoulder/Tricep","Jan 5, 2025, 11:11 AM","Jan 5, 2025, 12:35 PM","Diddy","Triceps Pushdown",,"",1,"normal",26.25,12,,,
"Chest/Shoulder/Tricep","Jan 5, 2025, 11:11 AM","Jan 5, 2025, 12:35 PM","Diddy","Triceps Pushdown",,"",2,"failure",31.25,12,,,
"Chest/Shoulder/Tricep","Jan 5, 2025, 11:11 AM","Jan 5, 2025, 12:35 PM","Diddy","Lateral Raise (Dumbbell)",,"",0,"normal",6,12,,,
"Chest/Shoulder/Tricep","Jan 5, 2025, 11:11 AM","Jan 5, 2025, 12:35 PM","Diddy","Lateral Raise (Dumbbell)",,"",1,"normal",8,12,,,
"Chest/Shoulder/Tricep","Jan 5, 2025, 11:11 AM","Jan 5, 2025, 12:35 PM","Diddy","Incline Bench Press (Barbell)",,"",0,"normal",20,12,,,
"Chest/Shoulder/Tricep","Jan 5, 2025, 11:11 AM","Jan 5, 2025, 12:35 PM","Diddy","Incline Bench Press (Barbell)",,"",1,"normal",40,12,,,
"Chest/Shoulder/Tricep","Jan 5, 2025, 11:11 AM","Jan 5, 2025, 12:35 PM","Diddy","Incline Bench Press (Barbell)",,"",2,"failure",60,3,,,
"Chest/Shoulder/Tricep","Jan 5, 2025, 11:11 AM","Jan 5, 2025, 12:35 PM","Diddy","Triceps Extension (Machine)",,"",0,"warmup",40,12,,,
"Chest/Shoulder/Tricep","Jan 5, 2025, 11:11 AM","Jan 5, 2025, 12:35 PM","Diddy","Triceps Extension (Machine)",,"",1,"normal",45,12,,,
"Chest/Shoulder/Tricep","Jan 5, 2025, 11:11 AM","Jan 5, 2025, 12:35 PM","Diddy","Triceps Extension (Machine)",,"",2,"failure",50,8,,,
"Chest/Shoulder/Tricep","Jan 5, 2025, 11:11 AM","Jan 5, 2025, 12:35 PM","Diddy","Chest Fly (Machine)",,"",0,"warmup",50,12,,,
"Chest/Shoulder/Tricep","Jan 5, 2025, 11:11 AM","Jan 5, 2025, 12:35 PM","Diddy","Chest Fly (Machine)",,"",1,"normal",65,12,,,
"Chest/Shoulder/Tricep","Jan 5, 2025, 11:11 AM","Jan 5, 2025, 12:35 PM","Diddy","Chest Fly (Machine)",,"",2,"failure",80,6,,,
"Legs","Jan 4, 2025, 8:42 AM","Jan 4, 2025, 9:46 AM","","Leg Press (Machine)",,"",0,"normal",147,12,,,
"Legs","Jan 4, 2025, 8:42 AM","Jan 4, 2025, 9:46 AM","","Leg Press (Machine)",,"",1,"normal",197,12,,,
"Legs","Jan 4, 2025, 8:42 AM","Jan 4, 2025, 9:46 AM","","Seated Calf Raise",,"",0,"warmup",73,15,,,
"Legs","Jan 4, 2025, 8:42 AM","Jan 4, 2025, 9:46 AM","","Seated Calf Raise",,"",1,"normal",93,12,,,
"Legs","Jan 4, 2025, 8:42 AM","Jan 4, 2025, 9:46 AM","","Seated Calf Raise",,"",2,"failure",113,8,,,
"Legs","Jan 4, 2025, 8:42 AM","Jan 4, 2025, 9:46 AM","","Lying Leg Curl (Machine)",,"",0,"normal",50,12,,,
"Legs","Jan 4, 2025, 8:42 AM","Jan 4, 2025, 9:46 AM","","Lying Leg Curl (Machine)",,"",1,"failure",55,11,,,
"Legs","Jan 4, 2025, 8:42 AM","Jan 4, 2025, 9:46 AM","","Lying Leg Curl (Machine)",,"",2,"failure",60,9,,,
"Legs","Jan 4, 2025, 8:42 AM","Jan 4, 2025, 9:46 AM","","Leg Extension (Machine)",,"What da foq",0,"dropset",70,20,,,
"Legs","Jan 4, 2025, 8:42 AM","Jan 4, 2025, 9:46 AM","","Leg Extension (Machine)",,"What da foq",1,"normal",70,10,,,
"Legs","Jan 4, 2025, 8:42 AM","Jan 4, 2025, 9:46 AM","","Leg Extension (Machine)",,"What da foq",2,"dropset",60,25,,,
"Chest/Shoulder/Tricep","Jan 3, 2025, 10:59 AM","Jan 3, 2025, 12:14 PM","","Bench Press (Barbell)",,"Hardstuck :(",0,"warmup",20,12,,,
"Chest/Shoulder/Tricep","Jan 3, 2025, 10:59 AM","Jan 3, 2025, 12:14 PM","","Bench Press (Barbell)",,"Hardstuck :(",1,"normal",50,12,,,
"Chest/Shoulder/Tricep","Jan 3, 2025, 10:59 AM","Jan 3, 2025, 12:14 PM","","Bench Press (Barbell)",,"Hardstuck :(",2,"failure",65,8,,,
"Chest/Shoulder/Tricep","Jan 3, 2025, 10:59 AM","Jan 3, 2025, 12:14 PM","","Shoulder Press (Dumbbell)",,"Per arm",0,"normal",18,12,,,
"Chest/Shoulder/Tricep","Jan 3, 2025, 10:59 AM","Jan 3, 2025, 12:14 PM","","Shoulder Press (Dumbbell)",,"Per arm",1,"failure",18,10,,,
"Chest/Shoulder/Tricep","Jan 3, 2025, 10:59 AM","Jan 3, 2025, 12:14 PM","","Triceps Pushdown",,"",0,"warmup",21.25,12,,,
"Chest/Shoulder/Tricep","Jan 3, 2025, 10:59 AM","Jan 3, 2025, 12:14 PM","","Triceps Pushdown",,"",1,"normal",26.25,12,,,
"Chest/Shoulder/Tricep","Jan 3, 2025, 10:59 AM","Jan 3, 2025, 12:14 PM","","Triceps Pushdown",,"",2,"failure",31.25,10,,,
"Chest/Shoulder/Tricep","Jan 3, 2025, 10:59 AM","Jan 3, 2025, 12:14 PM","","Chest Fly (Machine)",,"",0,"warmup",50,12,,,
"Chest/Shoulder/Tricep","Jan 3, 2025, 10:59 AM","Jan 3, 2025, 12:14 PM","","Chest Fly (Machine)",,"",1,"normal",65,12,,,
"Chest/Shoulder/Tricep","Jan 3, 2025, 10:59 AM","Jan 3, 2025, 12:14 PM","","Chest Fly (Machine)",,"",2,"failure",80,6,,,
"Chest/Shoulder/Tricep","Jan 3, 2025, 10:59 AM","Jan 3, 2025, 12:14 PM","","Lateral Raise (Dumbbell)",,"",0,"normal",6,12,,,
"Chest/Shoulder/Tricep","Jan 3, 2025, 10:59 AM","Jan 3, 2025, 12:14 PM","","Lateral Raise (Dumbbell)",,"",1,"normal",8,12,,,
"Chest/Shoulder/Tricep","Jan 3, 2025, 10:59 AM","Jan 3, 2025, 12:14 PM","","Lateral Raise (Dumbbell)",,"",2,"failure",10,9,,,
"Chest/Shoulder/Tricep","Jan 3, 2025, 10:59 AM","Jan 3, 2025, 12:14 PM","","Triceps Extension (Machine)",,"",0,"warmup",40,12,,,
"Chest/Shoulder/Tricep","Jan 3, 2025, 10:59 AM","Jan 3, 2025, 12:14 PM","","Triceps Extension (Machine)",,"",1,"normal",45,12,,,
"Chest/Shoulder/Tricep","Jan 3, 2025, 10:59 AM","Jan 3, 2025, 12:14 PM","","Triceps Extension (Machine)",,"",2,"failure",50,6,,,
"Back/ Biceps","Jan 2, 2025, 11:36 AM","Jan 2, 2025, 12:27 PM","Quick sesh","Lat Pulldown (Cable)",,"",0,"warmup",54,12,,,
"Back/ Biceps","Jan 2, 2025, 11:36 AM","Jan 2, 2025, 12:27 PM","Quick sesh","Lat Pulldown (Cable)",,"",1,"failure",61,11,,,
"Back/ Biceps","Jan 2, 2025, 11:36 AM","Jan 2, 2025, 12:27 PM","Quick sesh","Lat Pulldown (Cable)",,"",2,"failure",68,7,,,
"Back/ Biceps","Jan 2, 2025, 11:36 AM","Jan 2, 2025, 12:27 PM","Quick sesh","Hammer Curl (Dumbbell)",,"Per arm",0,"normal",12,12,,,
"Back/ Biceps","Jan 2, 2025, 11:36 AM","Jan 2, 2025, 12:27 PM","Quick sesh","Hammer Curl (Dumbbell)",,"Per arm",1,"failure",14,12,,,
"Back/ Biceps","Jan 2, 2025, 11:36 AM","Jan 2, 2025, 12:27 PM","Quick sesh","Hammer Curl (Dumbbell)",,"Per arm",2,"failure",16,8,,,
"Back/ Biceps","Jan 2, 2025, 11:36 AM","Jan 2, 2025, 12:27 PM","Quick sesh","Iso-Lateral Row (Machine)",,"Total w + wide grip + straps on end set",0,"warmup",91,12,,,
"Back/ Biceps","Jan 2, 2025, 11:36 AM","Jan 2, 2025, 12:27 PM","Quick sesh","Iso-Lateral Row (Machine)",,"Total w + wide grip + straps on end set",1,"failure",131,12,,,
"Back/ Biceps","Jan 2, 2025, 11:36 AM","Jan 2, 2025, 12:27 PM","Quick sesh","Iso-Lateral Row (Machine)",,"Total w + wide grip + straps on end set",2,"failure",161,8,,,
"Back/ Biceps","Jan 2, 2025, 11:36 AM","Jan 2, 2025, 12:27 PM","Quick sesh","Preacher Curl (Machine)",,"Hard stuck = up weight",0,"normal",40,12,,,
"Back/ Biceps","Jan 2, 2025, 11:36 AM","Jan 2, 2025, 12:27 PM","Quick sesh","Preacher Curl (Machine)",,"Hard stuck = up weight",1,"failure",45,11,,,
"Back/ Biceps","Jan 2, 2025, 11:36 AM","Jan 2, 2025, 12:27 PM","Quick sesh","Preacher Curl (Machine)",,"Hard stuck = up weight",2,"failure",55,4,,,
"Chest/Shoulder/Tricep","Dec 31, 2024, 8:33 AM","Dec 31, 2024, 9:31 AM","Awful sesh","Shoulder Press (Dumbbell)",,"",0,"normal",18,12,,,
"Chest/Shoulder/Tricep","Dec 31, 2024, 8:33 AM","Dec 31, 2024, 9:31 AM","Awful sesh","Incline Bench Press (Barbell)",,"",0,"warmup",20,12,,,
"Chest/Shoulder/Tricep","Dec 31, 2024, 8:33 AM","Dec 31, 2024, 9:31 AM","Awful sesh","Incline Bench Press (Barbell)",,"",1,"normal",40,12,,,
"Chest/Shoulder/Tricep","Dec 31, 2024, 8:33 AM","Dec 31, 2024, 9:31 AM","Awful sesh","Incline Bench Press (Barbell)",,"",2,"failure",50,12,,,
"Chest/Shoulder/Tricep","Dec 31, 2024, 8:33 AM","Dec 31, 2024, 9:31 AM","Awful sesh","Triceps Pushdown",,"",0,"warmup",21.25,12,,,
"Chest/Shoulder/Tricep","Dec 31, 2024, 8:33 AM","Dec 31, 2024, 9:31 AM","Awful sesh","Triceps Pushdown",,"",1,"normal",25,12,,,
"Chest/Shoulder/Tricep","Dec 31, 2024, 8:33 AM","Dec 31, 2024, 9:31 AM","Awful sesh","Triceps Pushdown",,"",2,"failure",32.5,8,,,
"Chest/Shoulder/Tricep","Dec 31, 2024, 8:33 AM","Dec 31, 2024, 9:31 AM","Awful sesh","Lateral Raise (Dumbbell)",,"",0,"normal",8,12,,,
"Chest/Shoulder/Tricep","Dec 31, 2024, 8:33 AM","Dec 31, 2024, 9:31 AM","Awful sesh","Lateral Raise (Dumbbell)",,"",1,"failure",10,9,,,
"Chest/Shoulder/Tricep","Dec 31, 2024, 8:33 AM","Dec 31, 2024, 9:31 AM","Awful sesh","Bench Press (Barbell)",,"Awful",0,"failure",20,80,,,
"Chest/Shoulder/Tricep","Dec 31, 2024, 8:33 AM","Dec 31, 2024, 9:31 AM","Awful sesh","Chest Fly (Machine)",,"",0,"warmup",50,12,,,
"Chest/Shoulder/Tricep","Dec 31, 2024, 8:33 AM","Dec 31, 2024, 9:31 AM","Awful sesh","Chest Fly (Machine)",,"",1,"failure",80,5,,,
"Back/ Biceps","Dec 30, 2024, 9:31 AM","Dec 30, 2024, 10:35 AM","","Lat Pulldown (Cable)",,"",0,"warmup",50,12,,,
"Back/ Biceps","Dec 30, 2024, 9:31 AM","Dec 30, 2024, 10:35 AM","","Lat Pulldown (Cable)",,"",1,"failure",60,11,,,
"Back/ Biceps","Dec 30, 2024, 9:31 AM","Dec 30, 2024, 10:35 AM","","Lat Pulldown (Cable)",,"",2,"failure",70,6,,,
"Back/ Biceps","Dec 30, 2024, 9:31 AM","Dec 30, 2024, 10:35 AM","","Hammer Curl (Dumbbell)",,"Per arm",0,"normal",12,12,,,
"Back/ Biceps","Dec 30, 2024, 9:31 AM","Dec 30, 2024, 10:35 AM","","Hammer Curl (Dumbbell)",,"Per arm",1,"failure",14,12,,,
"Back/ Biceps","Dec 30, 2024, 9:31 AM","Dec 30, 2024, 10:35 AM","","Hammer Curl (Dumbbell)",,"Per arm",2,"failure",16,8,,,
"Back/ Biceps","Dec 30, 2024, 9:31 AM","Dec 30, 2024, 10:35 AM","","Iso-Lateral Row (Machine)",,"Total w + straps on end set",0,"warmup",91,12,,,
"Back/ Biceps","Dec 30, 2024, 9:31 AM","Dec 30, 2024, 10:35 AM","","Iso-Lateral Row (Machine)",,"Total w + straps on end set",1,"failure",131,12,,,
"Back/ Biceps","Dec 30, 2024, 9:31 AM","Dec 30, 2024, 10:35 AM","","Iso-Lateral Row (Machine)",,"Total w + straps on end set",2,"failure",161,8,,,
"Back/ Biceps","Dec 30, 2024, 9:31 AM","Dec 30, 2024, 10:35 AM","","Rear Delt Reverse Fly (Machine)",,"Kinda does traps over rear delts",0,"normal",45,12,,,
"Back/ Biceps","Dec 30, 2024, 9:31 AM","Dec 30, 2024, 10:35 AM","","Rear Delt Reverse Fly (Machine)",,"Kinda does traps over rear delts",1,"normal",50,12,,,
"Back/ Biceps","Dec 30, 2024, 9:31 AM","Dec 30, 2024, 10:35 AM","","Rear Delt Reverse Fly (Machine)",,"Kinda does traps over rear delts",2,"failure",55,8,,,
"Back/ Biceps","Dec 30, 2024, 9:31 AM","Dec 30, 2024, 10:35 AM","","Preacher Curl (Machine)",,"",0,"normal",40,12,,,
"Back/ Biceps","Dec 30, 2024, 9:31 AM","Dec 30, 2024, 10:35 AM","","Preacher Curl (Machine)",,"",1,"normal",45,12,,,
"Back/ Biceps","Dec 30, 2024, 9:31 AM","Dec 30, 2024, 10:35 AM","","Preacher Curl (Machine)",,"",2,"failure",50,8,,,
"Chest/Shoulder/Tricep","Dec 28, 2024, 11:59 AM","Dec 28, 2024, 12:51 PM","Gym closed","Bench Press (Barbell)",,"No spotter :3",0,"warmup",20,12,,,
"Chest/Shoulder/Tricep","Dec 28, 2024, 11:59 AM","Dec 28, 2024, 12:51 PM","Gym closed","Bench Press (Barbell)",,"No spotter :3",1,"normal",50,12,,,
"Chest/Shoulder/Tricep","Dec 28, 2024, 11:59 AM","Dec 28, 2024, 12:51 PM","Gym closed","Bench Press (Barbell)",,"No spotter :3",2,"failure",65,8,,,
"Chest/Shoulder/Tricep","Dec 28, 2024, 11:59 AM","Dec 28, 2024, 12:51 PM","Gym closed","Shoulder Press (Dumbbell)",,"Per arm",0,"normal",18,12,,,
"Chest/Shoulder/Tricep","Dec 28, 2024, 11:59 AM","Dec 28, 2024, 12:51 PM","Gym closed","Shoulder Press (Dumbbell)",,"Per arm",1,"failure",18,10,,,
"Chest/Shoulder/Tricep","Dec 28, 2024, 11:59 AM","Dec 28, 2024, 12:51 PM","Gym closed","Shoulder Press (Dumbbell)",,"Per arm",2,"failure",20,6,,,
"Chest/Shoulder/Tricep","Dec 28, 2024, 11:59 AM","Dec 28, 2024, 12:51 PM","Gym closed","Triceps Pushdown",,"Odd last set",0,"normal",23.75,12,,,
"Chest/Shoulder/Tricep","Dec 28, 2024, 11:59 AM","Dec 28, 2024, 12:51 PM","Gym closed","Triceps Pushdown",,"Odd last set",1,"failure",28.75,12,,,
"Chest/Shoulder/Tricep","Dec 28, 2024, 11:59 AM","Dec 28, 2024, 12:51 PM","Gym closed","Triceps Pushdown",,"Odd last set",2,"failure",33.75,4,,,
"Chest/Shoulder/Tricep","Dec 28, 2024, 11:59 AM","Dec 28, 2024, 12:51 PM","Gym closed","Lateral Raise (Dumbbell)",,"Per arm",0,"normal",8,12,,,
"Chest/Shoulder/Tricep","Dec 28, 2024, 11:59 AM","Dec 28, 2024, 12:51 PM","Gym closed","Lateral Raise (Dumbbell)",,"Per arm",1,"normal",8,12,,,
"Chest/Shoulder/Tricep","Dec 28, 2024, 11:59 AM","Dec 28, 2024, 12:51 PM","Gym closed","Lateral Raise (Dumbbell)",,"Per arm",2,"failure",10,9,,,
"Chest/Shoulder/Tricep","Dec 28, 2024, 11:59 AM","Dec 28, 2024, 12:51 PM","Gym closed","Triceps Extension (Machine)",,"",0,"warmup",40,12,,,
"Chest/Shoulder/Tricep","Dec 28, 2024, 11:59 AM","Dec 28, 2024, 12:51 PM","Gym closed","Triceps Extension (Machine)",,"",1,"normal",45,12,,,
"Back/ Biceps","Dec 27, 2024, 9:24 AM","Dec 27, 2024, 10:18 AM","Actually kinda busy","Lat Pulldown (Cable)",,"",0,"normal",50,12,,,
"Back/ Biceps","Dec 27, 2024, 9:24 AM","Dec 27, 2024, 10:18 AM","Actually kinda busy","Lat Pulldown (Cable)",,"",1,"normal",60,12,,,
"Back/ Biceps","Dec 27, 2024, 9:24 AM","Dec 27, 2024, 10:18 AM","Actually kinda busy","Lat Pulldown (Cable)",,"",2,"failure",70,7,,,
"Back/ Biceps","Dec 27, 2024, 9:24 AM","Dec 27, 2024, 10:18 AM","Actually kinda busy","Hammer Curl (Dumbbell)",,"Per arm - fell off",0,"normal",12,12,,,
"Back/ Biceps","Dec 27, 2024, 9:24 AM","Dec 27, 2024, 10:18 AM","Actually kinda busy","Hammer Curl (Dumbbell)",,"Per arm - fell off",1,"failure",14,11,,,
"Back/ Biceps","Dec 27, 2024, 9:24 AM","Dec 27, 2024, 10:18 AM","Actually kinda busy","Hammer Curl (Dumbbell)",,"Per arm - fell off",2,"failure",16,9,,,
"Back/ Biceps","Dec 27, 2024, 9:24 AM","Dec 27, 2024, 10:18 AM","Actually kinda busy","Iso-Lateral Row (Machine)",,"Straps on end set",0,"warmup",91,12,,,
"Back/ Biceps","Dec 27, 2024, 9:24 AM","Dec 27, 2024, 10:18 AM","Actually kinda busy","Iso-Lateral Row (Machine)",,"Straps on end set",1,"failure",131,12,,,
"Back/ Biceps","Dec 27, 2024, 9:24 AM","Dec 27, 2024, 10:18 AM","Actually kinda busy","Iso-Lateral Row (Machine)",,"Straps on end set",2,"failure",161,7,,,
"Back/ Biceps","Dec 27, 2024, 9:24 AM","Dec 27, 2024, 10:18 AM","Actually kinda busy","Bicep Curl (Barbell)",,"",0,"normal",20,12,,,
"Back/ Biceps","Dec 27, 2024, 9:24 AM","Dec 27, 2024, 10:18 AM","Actually kinda busy","Bicep Curl (Barbell)",,"",1,"failure",25,10,,,
"Back/ Biceps","Dec 27, 2024, 9:24 AM","Dec 27, 2024, 10:18 AM","Actually kinda busy","Bicep Curl (Barbell)",,"",2,"failure",30,6,,,
"Chest/Shoulder/Tricep","Dec 23, 2024, 8:57 AM","Dec 23, 2024, 10:03 AM","","Bench Press (Barbell)",,"",0,"warmup",20,12,,,
"Chest/Shoulder/Tricep","Dec 23, 2024, 8:57 AM","Dec 23, 2024, 10:03 AM","","Bench Press (Barbell)",,"",1,"failure",40,12,,,
"Chest/Shoulder/Tricep","Dec 23, 2024, 8:57 AM","Dec 23, 2024, 10:03 AM","","Bench Press (Barbell)",,"",2,"failure",65,8,,,
"Chest/Shoulder/Tricep","Dec 23, 2024, 8:57 AM","Dec 23, 2024, 10:03 AM","","Shoulder Press (Dumbbell)",,"",0,"normal",18,12,,,
"Chest/Shoulder/Tricep","Dec 23, 2024, 8:57 AM","Dec 23, 2024, 10:03 AM","","Shoulder Press (Dumbbell)",,"",1,"failure",20,6,,,
"Chest/Shoulder/Tricep","Dec 23, 2024, 8:57 AM","Dec 23, 2024, 10:03 AM","","Triceps Pushdown",,"",0,"warmup",21.25,12,,,
"Chest/Shoulder/Tricep","Dec 23, 2024, 8:57 AM","Dec 23, 2024, 10:03 AM","","Triceps Pushdown",,"",1,"normal",28.75,12,,,
"Chest/Shoulder/Tricep","Dec 23, 2024, 8:57 AM","Dec 23, 2024, 10:03 AM","","Triceps Pushdown",,"",2,"failure",32.5,8,,,
"Chest/Shoulder/Tricep","Dec 23, 2024, 8:57 AM","Dec 23, 2024, 10:03 AM","","Chest Fly (Machine)",,"",0,"warmup",55,12,,,
"Chest/Shoulder/Tricep","Dec 23, 2024, 8:57 AM","Dec 23, 2024, 10:03 AM","","Chest Fly (Machine)",,"",1,"normal",65,12,,,
"Chest/Shoulder/Tricep","Dec 23, 2024, 8:57 AM","Dec 23, 2024, 10:03 AM","","Chest Fly (Machine)",,"",2,"failure",75,12,,,
"Chest/Shoulder/Tricep","Dec 23, 2024, 8:57 AM","Dec 23, 2024, 10:03 AM","","Lateral Raise (Dumbbell)",,"Per arm",0,"normal",8,12,,,
"Chest/Shoulder/Tricep","Dec 23, 2024, 8:57 AM","Dec 23, 2024, 10:03 AM","","Lateral Raise (Dumbbell)",,"Per arm",1,"failure",10,10,,,
"Chest/Shoulder/Tricep","Dec 23, 2024, 8:57 AM","Dec 23, 2024, 10:03 AM","","Lateral Raise (Dumbbell)",,"Per arm",2,"failure",10,9,,,
"Chest/Shoulder/Tricep","Dec 23, 2024, 8:57 AM","Dec 23, 2024, 10:03 AM","","Incline Bench Press (Barbell)",,"",0,"warmup",20,12,,,
"Chest/Shoulder/Tricep","Dec 23, 2024, 8:57 AM","Dec 23, 2024, 10:03 AM","","Incline Bench Press (Barbell)",,"",1,"normal",40,12,,,
"Chest/Shoulder/Tricep","Dec 23, 2024, 8:57 AM","Dec 23, 2024, 10:03 AM","","Incline Bench Press (Barbell)",,"",2,"failure",50,6,,,
"Back/ Biceps","Dec 21, 2024, 9:03 AM","Dec 21, 2024, 10:13 AM","","Pull Up (Assisted)",,"",0,"normal",37.5,12,,,
"Back/ Biceps","Dec 21, 2024, 9:03 AM","Dec 21, 2024, 10:13 AM","","Pull Up (Assisted)",,"",1,"normal",34.38,12,,,
"Back/ Biceps","Dec 21, 2024, 9:03 AM","Dec 21, 2024, 10:13 AM","","Pull Up (Assisted)",,"",2,"failure",31.25,8,,,
"Back/ Biceps","Dec 21, 2024, 9:03 AM","Dec 21, 2024, 10:13 AM","","Hammer Curl (Dumbbell)",,"",0,"normal",12,12,,,
"Back/ Biceps","Dec 21, 2024, 9:03 AM","Dec 21, 2024, 10:13 AM","","Hammer Curl (Dumbbell)",,"",1,"normal",14,12,,,
"Back/ Biceps","Dec 21, 2024, 9:03 AM","Dec 21, 2024, 10:13 AM","","Hammer Curl (Dumbbell)",,"",2,"failure",16,11,,,
"Back/ Biceps","Dec 21, 2024, 9:03 AM","Dec 21, 2024, 10:13 AM","","Iso-Lateral Row (Machine)",,"Total w",0,"warmup",91,12,,,
"Back/ Biceps","Dec 21, 2024, 9:03 AM","Dec 21, 2024, 10:13 AM","","Iso-Lateral Row (Machine)",,"Total w",1,"failure",131,12,,,
"Back/ Biceps","Dec 21, 2024, 9:03 AM","Dec 21, 2024, 10:13 AM","","Iso-Lateral Row (Machine)",,"Total w",2,"failure",161,5,,,
"Back/ Biceps","Dec 21, 2024, 9:03 AM","Dec 21, 2024, 10:13 AM","","Preacher Curl (Barbell)",,"Total w",0,"normal",18,12,,,
"Back/ Biceps","Dec 21, 2024, 9:03 AM","Dec 21, 2024, 10:13 AM","","Preacher Curl (Barbell)",,"Total w",1,"failure",23,10,,,
"Back/ Biceps","Dec 21, 2024, 9:03 AM","Dec 21, 2024, 10:13 AM","","Preacher Curl (Barbell)",,"Total w",2,"failure",25.5,7,,,
"Chest/Shoulder/Tricep","Dec 20, 2024, 8:35 AM","Dec 20, 2024, 10:03 AM","","Shoulder Press (Dumbbell)",,"Per arm",0,"normal",16,12,,,
"Chest/Shoulder/Tricep","Dec 20, 2024, 8:35 AM","Dec 20, 2024, 10:03 AM","","Shoulder Press (Dumbbell)",,"Per arm",1,"normal",18,12,,,
"Chest/Shoulder/Tricep","Dec 20, 2024, 8:35 AM","Dec 20, 2024, 10:03 AM","","Bench Press (Barbell)",,"",0,"warmup",20,15,,,
"Chest/Shoulder/Tricep","Dec 20, 2024, 8:35 AM","Dec 20, 2024, 10:03 AM","","Bench Press (Barbell)",,"",1,"failure",40,12,,,
"Chest/Shoulder/Tricep","Dec 20, 2024, 8:35 AM","Dec 20, 2024, 10:03 AM","","Bench Press (Barbell)",,"",2,"failure",65,9,,,
"Chest/Shoulder/Tricep","Dec 20, 2024, 8:35 AM","Dec 20, 2024, 10:03 AM","","Lateral Raise (Dumbbell)",,"",0,"normal",6,12,,,
"Chest/Shoulder/Tricep","Dec 20, 2024, 8:35 AM","Dec 20, 2024, 10:03 AM","","Lateral Raise (Dumbbell)",,"",1,"normal",8,12,,,
"Chest/Shoulder/Tricep","Dec 20, 2024, 8:35 AM","Dec 20, 2024, 10:03 AM","","Lateral Raise (Dumbbell)",,"",2,"failure",10,10,,,
"Chest/Shoulder/Tricep","Dec 20, 2024, 8:35 AM","Dec 20, 2024, 10:03 AM","","Triceps Pushdown",,"",0,"warmup",21.25,12,,,
"Chest/Shoulder/Tricep","Dec 20, 2024, 8:35 AM","Dec 20, 2024, 10:03 AM","","Triceps Pushdown",,"",1,"normal",28.75,12,,,
"Chest/Shoulder/Tricep","Dec 20, 2024, 8:35 AM","Dec 20, 2024, 10:03 AM","","Triceps Pushdown",,"",2,"failure",32.5,8,,,
"Chest/Shoulder/Tricep","Dec 20, 2024, 8:35 AM","Dec 20, 2024, 10:03 AM","","Incline Bench Press (Barbell)",,"",0,"warmup",20,12,,,
"Chest/Shoulder/Tricep","Dec 20, 2024, 8:35 AM","Dec 20, 2024, 10:03 AM","","Incline Bench Press (Barbell)",,"",1,"normal",40,12,,,
"Chest/Shoulder/Tricep","Dec 20, 2024, 8:35 AM","Dec 20, 2024, 10:03 AM","","Incline Bench Press (Barbell)",,"",2,"failure",50,9,,,
"Chest/Shoulder/Tricep","Dec 20, 2024, 8:35 AM","Dec 20, 2024, 10:03 AM","","Triceps Extension (Machine)",,"",0,"normal",40,12,,,
"Chest/Shoulder/Tricep","Dec 20, 2024, 8:35 AM","Dec 20, 2024, 10:03 AM","","Triceps Extension (Machine)",,"",1,"normal",45,12,,,
"Chest/Shoulder/Tricep","Dec 20, 2024, 8:35 AM","Dec 20, 2024, 10:03 AM","","Triceps Extension (Machine)",,"",2,"failure",50,6,,,
"Chest/Shoulder/Tricep","Dec 20, 2024, 8:35 AM","Dec 20, 2024, 10:03 AM","","Chest Fly (Machine)",,"",0,"warmup",50,12,,,
"Chest/Shoulder/Tricep","Dec 20, 2024, 8:35 AM","Dec 20, 2024, 10:03 AM","","Chest Fly (Machine)",,"",1,"normal",60,12,,,
"Chest/Shoulder/Tricep","Dec 20, 2024, 8:35 AM","Dec 20, 2024, 10:03 AM","","Chest Fly (Machine)",,"",2,"failure",70,12,,,
"Back/ Biceps","Dec 19, 2024, 9:28 AM","Dec 19, 2024, 10:40 AM","Diddy deadlift","Lat Pulldown (Cable)",,"",0,"normal",50,12,,,
"Back/ Biceps","Dec 19, 2024, 9:28 AM","Dec 19, 2024, 10:40 AM","Diddy deadlift","Lat Pulldown (Cable)",,"",1,"normal",60,12,,,
"Back/ Biceps","Dec 19, 2024, 9:28 AM","Dec 19, 2024, 10:40 AM","Diddy deadlift","Lat Pulldown (Cable)",,"",2,"failure",70,6,,,
"Back/ Biceps","Dec 19, 2024, 9:28 AM","Dec 19, 2024, 10:40 AM","Diddy deadlift","Hammer Curl (Dumbbell)",,"",0,"normal",12,12,,,
"Back/ Biceps","Dec 19, 2024, 9:28 AM","Dec 19, 2024, 10:40 AM","Diddy deadlift","Hammer Curl (Dumbbell)",,"",1,"failure",14,12,,,
"Back/ Biceps","Dec 19, 2024, 9:28 AM","Dec 19, 2024, 10:40 AM","Diddy deadlift","Hammer Curl (Dumbbell)",,"",2,"failure",16,9,,,
"Back/ Biceps","Dec 19, 2024, 9:28 AM","Dec 19, 2024, 10:40 AM","Diddy deadlift","Iso-Lateral Row (Machine)",,"",0,"warmup",91,12,,,
"Back/ Biceps","Dec 19, 2024, 9:28 AM","Dec 19, 2024, 10:40 AM","Diddy deadlift","Iso-Lateral Row (Machine)",,"",1,"failure",131,12,,,
"Back/ Biceps","Dec 19, 2024, 9:28 AM","Dec 19, 2024, 10:40 AM","Diddy deadlift","Iso-Lateral Row (Machine)",,"",2,"failure",161,7,,,
"Back/ Biceps","Dec 19, 2024, 9:28 AM","Dec 19, 2024, 10:40 AM","Diddy deadlift","Bicep Curl (Barbell)",,"",0,"normal",20,12,,,
"Back/ Biceps","Dec 19, 2024, 9:28 AM","Dec 19, 2024, 10:40 AM","Diddy deadlift","Bicep Curl (Barbell)",,"",1,"normal",25,12,,,
"Back/ Biceps","Dec 19, 2024, 9:28 AM","Dec 19, 2024, 10:40 AM","Diddy deadlift","Deadlift (Barbell)",,"L middle set",0,"warmup",70,7,,,
"Back/ Biceps","Dec 19, 2024, 9:28 AM","Dec 19, 2024, 10:40 AM","Diddy deadlift","Deadlift (Barbell)",,"L middle set",1,"normal",90,6,,,
"Back/ Biceps","Dec 19, 2024, 9:28 AM","Dec 19, 2024, 10:40 AM","Diddy deadlift","Deadlift (Barbell)",,"L middle set",2,"normal",120,1,,,
"Chest/Shoulder/Tricep","Dec 17, 2024, 9:18 AM","Dec 17, 2024, 10:25 AM","","Bench Press (Dumbbell)",,"Per arm",0,"warmup",18,12,,,
"Chest/Shoulder/Tricep","Dec 17, 2024, 9:18 AM","Dec 17, 2024, 10:25 AM","","Bench Press (Dumbbell)",,"Per arm",1,"normal",20,12,,,
"Chest/Shoulder/Tricep","Dec 17, 2024, 9:18 AM","Dec 17, 2024, 10:25 AM","","Bench Press (Dumbbell)",,"Per arm",2,"failure",24,11,,,
"Chest/Shoulder/Tricep","Dec 17, 2024, 9:18 AM","Dec 17, 2024, 10:25 AM","","Bench Press (Dumbbell)",,"Per arm",3,"failure",26,7,,,
"Chest/Shoulder/Tricep","Dec 17, 2024, 9:18 AM","Dec 17, 2024, 10:25 AM","","Lateral Raise (Dumbbell)",,"Per arm",0,"normal",8,12,,,
"Chest/Shoulder/Tricep","Dec 17, 2024, 9:18 AM","Dec 17, 2024, 10:25 AM","","Lateral Raise (Dumbbell)",,"Per arm",1,"normal",8,12,,,
"Chest/Shoulder/Tricep","Dec 17, 2024, 9:18 AM","Dec 17, 2024, 10:25 AM","","Lateral Raise (Dumbbell)",,"Per arm",2,"failure",10,9,,,
"Chest/Shoulder/Tricep","Dec 17, 2024, 9:18 AM","Dec 17, 2024, 10:25 AM","","Triceps Pushdown",,"",0,"warmup",21.25,12,,,
"Chest/Shoulder/Tricep","Dec 17, 2024, 9:18 AM","Dec 17, 2024, 10:25 AM","","Triceps Pushdown",,"",1,"normal",28.75,12,,,
"Chest/Shoulder/Tricep","Dec 17, 2024, 9:18 AM","Dec 17, 2024, 10:25 AM","","Triceps Pushdown",,"",2,"failure",32.5,7,,,
"Chest/Shoulder/Tricep","Dec 17, 2024, 9:18 AM","Dec 17, 2024, 10:25 AM","","Chest Fly (Machine)",,"",0,"warmup",50,12,,,
"Chest/Shoulder/Tricep","Dec 17, 2024, 9:18 AM","Dec 17, 2024, 10:25 AM","","Chest Fly (Machine)",,"",1,"normal",60,12,,,
"Chest/Shoulder/Tricep","Dec 17, 2024, 9:18 AM","Dec 17, 2024, 10:25 AM","","Chest Fly (Machine)",,"",2,"failure",70,12,,,
"Chest/Shoulder/Tricep","Dec 17, 2024, 9:18 AM","Dec 17, 2024, 10:25 AM","","Shoulder Press (Dumbbell)",,"Per arm",0,"failure",18,10,,,
"Chest/Shoulder/Tricep","Dec 17, 2024, 9:18 AM","Dec 17, 2024, 10:25 AM","","Shoulder Press (Dumbbell)",,"Per arm",1,"failure",18,9,,,
"Chest/Shoulder/Tricep","Dec 17, 2024, 9:18 AM","Dec 17, 2024, 10:25 AM","","Triceps Extension (Machine)",,"",0,"normal",40,12,,,
"Chest/Shoulder/Tricep","Dec 17, 2024, 9:18 AM","Dec 17, 2024, 10:25 AM","","Triceps Extension (Machine)",,"",1,"failure",50,9,,,
"Back/ Biceps","Dec 15, 2024, 11:37 AM","Dec 15, 2024, 12:50 PM","Rep pr on deadlift","Preacher Curl (Machine)",,"",0,"normal",40,12,,,
"Back/ Biceps","Dec 15, 2024, 11:37 AM","Dec 15, 2024, 12:50 PM","Rep pr on deadlift","Preacher Curl (Machine)",,"",1,"normal",45,12,,,
"Back/ Biceps","Dec 15, 2024, 11:37 AM","Dec 15, 2024, 12:50 PM","Rep pr on deadlift","Preacher Curl (Machine)",,"",2,"failure",50,6,,,
"Back/ Biceps","Dec 15, 2024, 11:37 AM","Dec 15, 2024, 12:50 PM","Rep pr on deadlift","Preacher Curl (Machine)",,"",3,"failure",25,18,,,
"Back/ Biceps","Dec 15, 2024, 11:37 AM","Dec 15, 2024, 12:50 PM","Rep pr on deadlift","Lat Pulldown (Cable)",,"",0,"normal",54,12,,,
"Back/ Biceps","Dec 15, 2024, 11:37 AM","Dec 15, 2024, 12:50 PM","Rep pr on deadlift","Lat Pulldown (Cable)",,"",1,"failure",61,10,,,
"Back/ Biceps","Dec 15, 2024, 11:37 AM","Dec 15, 2024, 12:50 PM","Rep pr on deadlift","Iso-Lateral Row (Machine)",,"",0,"warmup",91,12,,,
"Back/ Biceps","Dec 15, 2024, 11:37 AM","Dec 15, 2024, 12:50 PM","Rep pr on deadlift","Iso-Lateral Row (Machine)",,"",1,"failure",131,12,,,
"Back/ Biceps","Dec 15, 2024, 11:37 AM","Dec 15, 2024, 12:50 PM","Rep pr on deadlift","Iso-Lateral Row (Machine)",,"",2,"failure",161,5,,,
"Back/ Biceps","Dec 15, 2024, 11:37 AM","Dec 15, 2024, 12:50 PM","Rep pr on deadlift","Hammer Curl (Dumbbell)",,"Per arm",0,"normal",12,12,,,
"Back/ Biceps","Dec 15, 2024, 11:37 AM","Dec 15, 2024, 12:50 PM","Rep pr on deadlift","Hammer Curl (Dumbbell)",,"Per arm",1,"failure",14,12,,,
"Back/ Biceps","Dec 15, 2024, 11:37 AM","Dec 15, 2024, 12:50 PM","Rep pr on deadlift","Hammer Curl (Dumbbell)",,"Per arm",2,"failure",16,9,,,
"Back/ Biceps","Dec 15, 2024, 11:37 AM","Dec 15, 2024, 12:50 PM","Rep pr on deadlift","Rear Delt Reverse Fly (Machine)",,"",0,"normal",40,12,,,
"Back/ Biceps","Dec 15, 2024, 11:37 AM","Dec 15, 2024, 12:50 PM","Rep pr on deadlift","Rear Delt Reverse Fly (Machine)",,"",1,"normal",45,12,,,
"Back/ Biceps","Dec 15, 2024, 11:37 AM","Dec 15, 2024, 12:50 PM","Rep pr on deadlift","Rear Delt Reverse Fly (Machine)",,"",2,"failure",50,12,,,
"Back/ Biceps","Dec 15, 2024, 11:37 AM","Dec 15, 2024, 12:50 PM","Rep pr on deadlift","Deadlift (Barbell)",,"Up the rah",0,"warmup",60,6,,,
"Back/ Biceps","Dec 15, 2024, 11:37 AM","Dec 15, 2024, 12:50 PM","Rep pr on deadlift","Deadlift (Barbell)",,"Up the rah",1,"normal",80,6,,,
"Back/ Biceps","Dec 15, 2024, 11:37 AM","Dec 15, 2024, 12:50 PM","Rep pr on deadlift","Deadlift (Barbell)",,"Up the rah",2,"failure",100,6,,,
"Chest/Shoulder/Tricep","Dec 14, 2024, 10:21 AM","Dec 14, 2024, 11:24 AM","Diddy","Bench Press (Dumbbell)",,"Per arm",0,"warmup",18,12,,,
"Chest/Shoulder/Tricep","Dec 14, 2024, 10:21 AM","Dec 14, 2024, 11:24 AM","Diddy","Bench Press (Dumbbell)",,"Per arm",1,"normal",20,12,,,
"Chest/Shoulder/Tricep","Dec 14, 2024, 10:21 AM","Dec 14, 2024, 11:24 AM","Diddy","Bench Press (Dumbbell)",,"Per arm",2,"failure",24,10,,,
"Chest/Shoulder/Tricep","Dec 14, 2024, 10:21 AM","Dec 14, 2024, 11:24 AM","Diddy","Bench Press (Dumbbell)",,"Per arm",3,"failure",24,7,,,
"Chest/Shoulder/Tricep","Dec 14, 2024, 10:21 AM","Dec 14, 2024, 11:24 AM","Diddy","Lateral Raise (Dumbbell)",,"Per arm",0,"normal",8,12,,,
"Chest/Shoulder/Tricep","Dec 14, 2024, 10:21 AM","Dec 14, 2024, 11:24 AM","Diddy","Lateral Raise (Dumbbell)",,"Per arm",1,"normal",8,12,,,
"Chest/Shoulder/Tricep","Dec 14, 2024, 10:21 AM","Dec 14, 2024, 11:24 AM","Diddy","Lateral Raise (Dumbbell)",,"Per arm",2,"failure",10,7,,,
"Chest/Shoulder/Tricep","Dec 14, 2024, 10:21 AM","Dec 14, 2024, 11:24 AM","Diddy","Triceps Pushdown",,"",0,"warmup",21.25,12,,,
"Chest/Shoulder/Tricep","Dec 14, 2024, 10:21 AM","Dec 14, 2024, 11:24 AM","Diddy","Triceps Pushdown",,"",1,"normal",26.25,12,,,
"Chest/Shoulder/Tricep","Dec 14, 2024, 10:21 AM","Dec 14, 2024, 11:24 AM","Diddy","Triceps Pushdown",,"",2,"failure",31.25,8,,,
"Chest/Shoulder/Tricep","Dec 14, 2024, 10:21 AM","Dec 14, 2024, 11:24 AM","Diddy","Chest Fly (Machine)",,"",0,"warmup",50,12,,,
"Chest/Shoulder/Tricep","Dec 14, 2024, 10:21 AM","Dec 14, 2024, 11:24 AM","Diddy","Chest Fly (Machine)",,"",1,"normal",60,12,,,
"Chest/Shoulder/Tricep","Dec 14, 2024, 10:21 AM","Dec 14, 2024, 11:24 AM","Diddy","Chest Fly (Machine)",,"",2,"failure",70,11,,,
"Chest/Shoulder/Tricep","Dec 14, 2024, 10:21 AM","Dec 14, 2024, 11:24 AM","Diddy","Shoulder Press (Dumbbell)",,"Per arm",0,"failure",18,10,,,
"Chest/Shoulder/Tricep","Dec 14, 2024, 10:21 AM","Dec 14, 2024, 11:24 AM","Diddy","Shoulder Press (Dumbbell)",,"Per arm",1,"failure",18,9,,,
"Chest/Shoulder/Tricep","Dec 14, 2024, 10:21 AM","Dec 14, 2024, 11:24 AM","Diddy","Triceps Extension (Machine)",,"",0,"normal",40,12,,,
"Chest/Shoulder/Tricep","Dec 14, 2024, 10:21 AM","Dec 14, 2024, 11:24 AM","Diddy","Triceps Extension (Machine)",,"",1,"failure",50,7,,,
"Legs","Dec 12, 2024, 2:55 PM","Dec 12, 2024, 3:46 PM","Not feeling it","Lying Leg Curl (Machine)",,"Diddy machine",0,"normal",45,12,,,
"Legs","Dec 12, 2024, 2:55 PM","Dec 12, 2024, 3:46 PM","Not feeling it","Lying Leg Curl (Machine)",,"Diddy machine",1,"normal",50,12,,,
"Legs","Dec 12, 2024, 2:55 PM","Dec 12, 2024, 3:46 PM","Not feeling it","Lying Leg Curl (Machine)",,"Diddy machine",2,"failure",60,7,,,
"Legs","Dec 12, 2024, 2:55 PM","Dec 12, 2024, 3:46 PM","Not feeling it","Leg Press (Machine)",,"Actually hardstuck",0,"normal",147,12,,,
"Legs","Dec 12, 2024, 2:55 PM","Dec 12, 2024, 3:46 PM","Not feeling it","Leg Press (Machine)",,"Actually hardstuck",1,"normal",197,12,,,
"Legs","Dec 12, 2024, 2:55 PM","Dec 12, 2024, 3:46 PM","Not feeling it","Leg Press (Machine)",,"Actually hardstuck",2,"failure",247,7,,,
"Legs","Dec 12, 2024, 2:55 PM","Dec 12, 2024, 3:46 PM","Not feeling it","Seated Calf Raise",,"Total w",0,"warmup",73,15,,,
"Legs","Dec 12, 2024, 2:55 PM","Dec 12, 2024, 3:46 PM","Not feeling it","Seated Calf Raise",,"Total w",1,"normal",93,12,,,
"Legs","Dec 12, 2024, 2:55 PM","Dec 12, 2024, 3:46 PM","Not feeling it","Seated Calf Raise",,"Total w",2,"failure",113,7,,,
"Legs","Dec 12, 2024, 2:55 PM","Dec 12, 2024, 3:46 PM","Not feeling it","Leg Extension (Machine)",,"",0,"normal",80,12,,,
"Legs","Dec 12, 2024, 2:55 PM","Dec 12, 2024, 3:46 PM","Not feeling it","Leg Extension (Machine)",,"",1,"failure",100,12,,,
"Back/ Biceps","Dec 11, 2024, 4:10 PM","Dec 11, 2024, 5:35 PM","Diddy workout","Lat Pulldown (Cable)",,"",0,"warmup",50,12,,,
"Back/ Biceps","Dec 11, 2024, 4:10 PM","Dec 11, 2024, 5:35 PM","Diddy workout","Lat Pulldown (Cable)",,"",1,"normal",60,12,,,
"Back/ Biceps","Dec 11, 2024, 4:10 PM","Dec 11, 2024, 5:35 PM","Diddy workout","Lat Pulldown (Cable)",,"",2,"failure",70,5,,,
"Back/ Biceps","Dec 11, 2024, 4:10 PM","Dec 11, 2024, 5:35 PM","Diddy workout","Hammer Curl (Dumbbell)",,"Diff form",0,"normal",12,12,,,
"Back/ Biceps","Dec 11, 2024, 4:10 PM","Dec 11, 2024, 5:35 PM","Diddy workout","Hammer Curl (Dumbbell)",,"Diff form",1,"failure",14,10,,,
"Back/ Biceps","Dec 11, 2024, 4:10 PM","Dec 11, 2024, 5:35 PM","Diddy workout","Hammer Curl (Dumbbell)",,"Diff form",2,"failure",14,8,,,
"Back/ Biceps","Dec 11, 2024, 4:10 PM","Dec 11, 2024, 5:35 PM","Diddy workout","Iso-Lateral Row (Machine)",,"",0,"warmup",61,12,,,
"Back/ Biceps","Dec 11, 2024, 4:10 PM","Dec 11, 2024, 5:35 PM","Diddy workout","Iso-Lateral Row (Machine)",,"",1,"failure",141,9,,,
"Back/ Biceps","Dec 11, 2024, 4:10 PM","Dec 11, 2024, 5:35 PM","Diddy workout","Iso-Lateral Row (Machine)",,"",2,"failure",181,4,,,
"Back/ Biceps","Dec 11, 2024, 4:10 PM","Dec 11, 2024, 5:35 PM","Diddy workout","Deadlift (Barbell)",,"",0,"warmup",40,6,,,
"Back/ Biceps","Dec 11, 2024, 4:10 PM","Dec 11, 2024, 5:35 PM","Diddy workout","Deadlift (Barbell)",,"",1,"normal",60,6,,,
"Back/ Biceps","Dec 11, 2024, 4:10 PM","Dec 11, 2024, 5:35 PM","Diddy workout","Deadlift (Barbell)",,"",2,"normal",100,5,,,
"Back/ Biceps","Dec 11, 2024, 4:10 PM","Dec 11, 2024, 5:35 PM","Diddy workout","Bicep Curl (Barbell)",,"",0,"failure",20,11,,,
"Back/ Biceps","Dec 11, 2024, 4:10 PM","Dec 11, 2024, 5:35 PM","Diddy workout","Bicep Curl (Barbell)",,"",1,"failure",20,10,,,
"Back/ Biceps","Dec 11, 2024, 4:10 PM","Dec 11, 2024, 5:35 PM","Diddy workout","Bicep Curl (Barbell)",,"",2,"failure",30,5,,,
"Back/ Biceps","Dec 11, 2024, 4:10 PM","Dec 11, 2024, 5:35 PM","Diddy workout","Rear Delt Reverse Fly (Machine)",,"",0,"normal",30,12,,,
"Back/ Biceps","Dec 11, 2024, 4:10 PM","Dec 11, 2024, 5:35 PM","Diddy workout","Rear Delt Reverse Fly (Machine)",,"",1,"normal",40,12,,,
"Back/ Biceps","Dec 11, 2024, 4:10 PM","Dec 11, 2024, 5:35 PM","Diddy workout","Bench Press (Barbell)",,"Odd",0,"normal",20,12,,,
"Back/ Biceps","Dec 11, 2024, 4:10 PM","Dec 11, 2024, 5:35 PM","Diddy workout","Bench Press (Barbell)",,"Odd",1,"normal",50,12,,,
"Back/ Biceps","Dec 11, 2024, 4:10 PM","Dec 11, 2024, 5:35 PM","Diddy workout","Bench Press (Barbell)",,"Odd",2,"failure",65,4,,,
"Chest/Shoulder/Tricep","Dec 9, 2024, 3:46 PM","Dec 9, 2024, 4:37 PM","","Bench Press (Dumbbell)",,"Per arm",0,"normal",20,12,,,
"Chest/Shoulder/Tricep","Dec 9, 2024, 3:46 PM","Dec 9, 2024, 4:37 PM","","Bench Press (Dumbbell)",,"Per arm",1,"failure",24,10,,,
"Chest/Shoulder/Tricep","Dec 9, 2024, 3:46 PM","Dec 9, 2024, 4:37 PM","","Bench Press (Dumbbell)",,"Per arm",2,"failure",26,6,,,
"Chest/Shoulder/Tricep","Dec 9, 2024, 3:46 PM","Dec 9, 2024, 4:37 PM","","Lateral Raise (Dumbbell)",,"Per arm",0,"normal",8,12,,,
"Chest/Shoulder/Tricep","Dec 9, 2024, 3:46 PM","Dec 9, 2024, 4:37 PM","","Lateral Raise (Dumbbell)",,"Per arm",1,"normal",8,12,,,
"Chest/Shoulder/Tricep","Dec 9, 2024, 3:46 PM","Dec 9, 2024, 4:37 PM","","Lateral Raise (Dumbbell)",,"Per arm",2,"failure",10,6,,,
"Chest/Shoulder/Tricep","Dec 9, 2024, 3:46 PM","Dec 9, 2024, 4:37 PM","","Triceps Pushdown",,"",0,"warmup",21.25,12,,,
"Chest/Shoulder/Tricep","Dec 9, 2024, 3:46 PM","Dec 9, 2024, 4:37 PM","","Triceps Pushdown",,"",1,"failure",28.75,8,,,
"Chest/Shoulder/Tricep","Dec 9, 2024, 3:46 PM","Dec 9, 2024, 4:37 PM","","Triceps Pushdown",,"",2,"failure",31.25,5,,,
"Chest/Shoulder/Tricep","Dec 9, 2024, 3:46 PM","Dec 9, 2024, 4:37 PM","","Shoulder Press (Dumbbell)",,"Per arm",0,"normal",18,10,,,
"Chest/Shoulder/Tricep","Dec 9, 2024, 3:46 PM","Dec 9, 2024, 4:37 PM","","Shoulder Press (Dumbbell)",,"Per arm",1,"failure",18,8,,,
"Chest/Shoulder/Tricep","Dec 9, 2024, 3:46 PM","Dec 9, 2024, 4:37 PM","","Chest Press (Machine)",,"Filler",0,"warmup",30,12,,,
"Chest/Shoulder/Tricep","Dec 9, 2024, 3:46 PM","Dec 9, 2024, 4:37 PM","","Chest Press (Machine)",,"Filler",1,"failure",40,9,,,
"Chest/Shoulder/Tricep","Dec 9, 2024, 3:46 PM","Dec 9, 2024, 4:37 PM","","Triceps Extension (Machine)",,"",0,"failure",45,10,,,
"Chest/Shoulder/Tricep","Dec 9, 2024, 3:46 PM","Dec 9, 2024, 4:37 PM","","Triceps Extension (Machine)",,"",1,"failure",50,6,,,
"Chest/Shoulder/Tricep","Dec 9, 2024, 3:46 PM","Dec 9, 2024, 4:37 PM","","Chest Fly (Machine)",,"Enough chest",0,"warmup",50,12,,,
"Chest/Shoulder/Tricep","Dec 9, 2024, 3:46 PM","Dec 9, 2024, 4:37 PM","","Chest Fly (Machine)",,"Enough chest",1,"normal",60,12,,,
"Back/ Biceps","Dec 8, 2024, 9:17 AM","Dec 8, 2024, 10:43 AM","My back hurts","Lat Pulldown (Cable)",,"Slow and controlled reps",0,"warmup",50,12,,,
"Back/ Biceps","Dec 8, 2024, 9:17 AM","Dec 8, 2024, 10:43 AM","My back hurts","Lat Pulldown (Cable)",,"Slow and controlled reps",1,"failure",60,11,,,
"Back/ Biceps","Dec 8, 2024, 9:17 AM","Dec 8, 2024, 10:43 AM","My back hurts","Lat Pulldown (Cable)",,"Slow and controlled reps",2,"failure",70,6,,,
"Back/ Biceps","Dec 8, 2024, 9:17 AM","Dec 8, 2024, 10:43 AM","My back hurts","Hammer Curl (Dumbbell)",,"W is per arm",0,"normal",12,12,,,
"Back/ Biceps","Dec 8, 2024, 9:17 AM","Dec 8, 2024, 10:43 AM","My back hurts","Hammer Curl (Dumbbell)",,"W is per arm",1,"failure",14,10,,,
"Back/ Biceps","Dec 8, 2024, 9:17 AM","Dec 8, 2024, 10:43 AM","My back hurts","Hammer Curl (Dumbbell)",,"W is per arm",2,"failure",16,7,,,
"Back/ Biceps","Dec 8, 2024, 9:17 AM","Dec 8, 2024, 10:43 AM","My back hurts","Seated Cable Row - V Grip (Cable)",,"",0,"normal",50,12,,,
"Back/ Biceps","Dec 8, 2024, 9:17 AM","Dec 8, 2024, 10:43 AM","My back hurts","Seated Cable Row - V Grip (Cable)",,"",1,"normal",60,12,,,
"Back/ Biceps","Dec 8, 2024, 9:17 AM","Dec 8, 2024, 10:43 AM","My back hurts","Seated Cable Row - V Grip (Cable)",,"",2,"failure",70,6,,,
"Back/ Biceps","Dec 8, 2024, 9:17 AM","Dec 8, 2024, 10:43 AM","My back hurts","Iso-Lateral Row (Machine)",,"Dafuq",0,"warmup",91,12,,,
"Back/ Biceps","Dec 8, 2024, 9:17 AM","Dec 8, 2024, 10:43 AM","My back hurts","Iso-Lateral Row (Machine)",,"Dafuq",1,"failure",131,9,,,
"Back/ Biceps","Dec 8, 2024, 9:17 AM","Dec 8, 2024, 10:43 AM","My back hurts","Iso-Lateral Row (Machine)",,"Dafuq",2,"failure",161,4,,,
"Back/ Biceps","Dec 8, 2024, 9:17 AM","Dec 8, 2024, 10:43 AM","My back hurts","Rear Delt Reverse Fly (Machine)",,"",0,"warmup",40,12,,,
"Back/ Biceps","Dec 8, 2024, 9:17 AM","Dec 8, 2024, 10:43 AM","My back hurts","Rear Delt Reverse Fly (Machine)",,"",1,"normal",45,12,,,
"Back/ Biceps","Dec 8, 2024, 9:17 AM","Dec 8, 2024, 10:43 AM","My back hurts","Rear Delt Reverse Fly (Machine)",,"",2,"failure",50,9,,,
"Back/ Biceps","Dec 8, 2024, 9:17 AM","Dec 8, 2024, 10:43 AM","My back hurts","Preacher Curl (Machine)",,"Dafuq",0,"normal",40,12,,,
"Back/ Biceps","Dec 8, 2024, 9:17 AM","Dec 8, 2024, 10:43 AM","My back hurts","Preacher Curl (Machine)",,"Dafuq",1,"failure",45,11,,,
"Back/ Biceps","Dec 8, 2024, 9:17 AM","Dec 8, 2024, 10:43 AM","My back hurts","Preacher Curl (Machine)",,"Dafuq",2,"failure",50,6,,,
"Back/ Biceps","Dec 8, 2024, 9:17 AM","Dec 8, 2024, 10:43 AM","My back hurts","Deadlift (Barbell)",,"Last set close to failure",0,"warmup",40,6,,,
"Back/ Biceps","Dec 8, 2024, 9:17 AM","Dec 8, 2024, 10:43 AM","My back hurts","Deadlift (Barbell)",,"Last set close to failure",1,"normal",60,6,,,
"Back/ Biceps","Dec 8, 2024, 9:17 AM","Dec 8, 2024, 10:43 AM","My back hurts","Deadlift (Barbell)",,"Last set close to failure",2,"normal",100,4,,,
"Chest/Shoulder/Tricep","Dec 7, 2024, 8:15 AM","Dec 7, 2024, 9:33 AM","","Bench Press (Barbell)",,"",0,"warmup",20,15,,,
"Chest/Shoulder/Tricep","Dec 7, 2024, 8:15 AM","Dec 7, 2024, 9:33 AM","","Bench Press (Barbell)",,"",1,"normal",40,12,,,
"Chest/Shoulder/Tricep","Dec 7, 2024, 8:15 AM","Dec 7, 2024, 9:33 AM","","Bench Press (Barbell)",,"",2,"failure",65,6,,,
"Chest/Shoulder/Tricep","Dec 7, 2024, 8:15 AM","Dec 7, 2024, 9:33 AM","","Bench Press (Barbell)",,"",3,"failure",65,4,,,
"Chest/Shoulder/Tricep","Dec 7, 2024, 8:15 AM","Dec 7, 2024, 9:33 AM","","Lateral Raise (Dumbbell)",,"",0,"normal",6,12,,,
"Chest/Shoulder/Tricep","Dec 7, 2024, 8:15 AM","Dec 7, 2024, 9:33 AM","","Lateral Raise (Dumbbell)",,"",1,"normal",8,12,,,
"Chest/Shoulder/Tricep","Dec 7, 2024, 8:15 AM","Dec 7, 2024, 9:33 AM","","Lateral Raise (Dumbbell)",,"",2,"failure",10,5,,,
"Chest/Shoulder/Tricep","Dec 7, 2024, 8:15 AM","Dec 7, 2024, 9:33 AM","","Triceps Pushdown",,"",0,"warmup",21.25,15,,,
"Chest/Shoulder/Tricep","Dec 7, 2024, 8:15 AM","Dec 7, 2024, 9:33 AM","","Triceps Pushdown",,"",1,"failure",28.75,12,,,
"Chest/Shoulder/Tricep","Dec 7, 2024, 8:15 AM","Dec 7, 2024, 9:33 AM","","Triceps Pushdown",,"",2,"failure",32.5,4,,,
"Chest/Shoulder/Tricep","Dec 7, 2024, 8:15 AM","Dec 7, 2024, 9:33 AM","","Chest Fly (Machine)",,"",0,"normal",50,12,,,
"Chest/Shoulder/Tricep","Dec 7, 2024, 8:15 AM","Dec 7, 2024, 9:33 AM","","Chest Fly (Machine)",,"",1,"normal",60,12,,,
"Chest/Shoulder/Tricep","Dec 7, 2024, 8:15 AM","Dec 7, 2024, 9:33 AM","","Chest Fly (Machine)",,"",2,"failure",70,9,,,
"Chest/Shoulder/Tricep","Dec 7, 2024, 8:15 AM","Dec 7, 2024, 9:33 AM","","Shoulder Press (Dumbbell)",,"",0,"normal",16,12,,,
"Chest/Shoulder/Tricep","Dec 7, 2024, 8:15 AM","Dec 7, 2024, 9:33 AM","","Shoulder Press (Dumbbell)",,"",1,"failure",18,6,,,
"Chest/Shoulder/Tricep","Dec 7, 2024, 8:15 AM","Dec 7, 2024, 9:33 AM","","Incline Bench Press (Barbell)",,"Awful",0,"warmup",30,12,,,
"Chest/Shoulder/Tricep","Dec 7, 2024, 8:15 AM","Dec 7, 2024, 9:33 AM","","Incline Bench Press (Barbell)",,"Awful",1,"failure",50,5,,,
"Chest/Shoulder/Tricep","Dec 7, 2024, 8:15 AM","Dec 7, 2024, 9:33 AM","","Triceps Extension (Machine)",,"",0,"normal",45,12,,,
"Chest/Shoulder/Tricep","Dec 7, 2024, 8:15 AM","Dec 7, 2024, 9:33 AM","","Triceps Extension (Machine)",,"",1,"failure",50,6,,,
"Legs","Dec 5, 2024, 4:16 PM","Dec 5, 2024, 5:32 PM","Bench pr","Leg Press (Machine)",,"",0,"warmup",147,12,,,
"Legs","Dec 5, 2024, 4:16 PM","Dec 5, 2024, 5:32 PM","Bench pr","Leg Press (Machine)",,"",1,"normal",197,12,,,
"Legs","Dec 5, 2024, 4:16 PM","Dec 5, 2024, 5:32 PM","Bench pr","Leg Press (Machine)",,"",2,"failure",247,7,,,
"Legs","Dec 5, 2024, 4:16 PM","Dec 5, 2024, 5:32 PM","Bench pr","Lying Leg Curl (Machine)",,"",0,"warmup",45,12,,,
"Legs","Dec 5, 2024, 4:16 PM","Dec 5, 2024, 5:32 PM","Bench pr","Lying Leg Curl (Machine)",,"",1,"normal",50,12,,,
"Legs","Dec 5, 2024, 4:16 PM","Dec 5, 2024, 5:32 PM","Bench pr","Lying Leg Curl (Machine)",,"",2,"failure",60,7,,,
"Legs","Dec 5, 2024, 4:16 PM","Dec 5, 2024, 5:32 PM","Bench pr","Seated Calf Raise",,"",0,"warmup",73,15,,,
"Legs","Dec 5, 2024, 4:16 PM","Dec 5, 2024, 5:32 PM","Bench pr","Seated Calf Raise",,"",1,"normal",83,12,,,
"Legs","Dec 5, 2024, 4:16 PM","Dec 5, 2024, 5:32 PM","Bench pr","Seated Calf Raise",,"",2,"failure",103,12,,,
"Legs","Dec 5, 2024, 4:16 PM","Dec 5, 2024, 5:32 PM","Bench pr","Leg Extension (Machine)",,"",0,"warmup",80,12,,,
"Legs","Dec 5, 2024, 4:16 PM","Dec 5, 2024, 5:32 PM","Bench pr","Leg Extension (Machine)",,"",1,"failure",115,7,,,
"Legs","Dec 5, 2024, 4:16 PM","Dec 5, 2024, 5:32 PM","Bench pr","Bench Press (Barbell)",,"",0,"normal",50,10,,,
"Legs","Dec 5, 2024, 4:16 PM","Dec 5, 2024, 5:32 PM","Bench pr","Bench Press (Barbell)",,"",1,"failure",80,1,,,
"Back/ Biceps","Dec 2, 2024, 4:09 PM","Dec 2, 2024, 5:26 PM","","Lat Pulldown (Cable)",,"",0,"warmup",50,12,,,
"Back/ Biceps","Dec 2, 2024, 4:09 PM","Dec 2, 2024, 5:26 PM","","Lat Pulldown (Cable)",,"",1,"normal",60,12,,,
"Back/ Biceps","Dec 2, 2024, 4:09 PM","Dec 2, 2024, 5:26 PM","","Lat Pulldown (Cable)",,"",2,"failure",70,5,,,
"Back/ Biceps","Dec 2, 2024, 4:09 PM","Dec 2, 2024, 5:26 PM","","Hammer Curl (Dumbbell)",,"Have never gone up",0,"normal",12,12,,,
"Back/ Biceps","Dec 2, 2024, 4:09 PM","Dec 2, 2024, 5:26 PM","","Hammer Curl (Dumbbell)",,"Have never gone up",1,"failure",14,11,,,
"Back/ Biceps","Dec 2, 2024, 4:09 PM","Dec 2, 2024, 5:26 PM","","Hammer Curl (Dumbbell)",,"Have never gone up",2,"failure",16,5,,,
"Back/ Biceps","Dec 2, 2024, 4:09 PM","Dec 2, 2024, 5:26 PM","","Seated Cable Row - V Grip (Cable)",,"",0,"normal",50,12,,,
"Back/ Biceps","Dec 2, 2024, 4:09 PM","Dec 2, 2024, 5:26 PM","","Seated Cable Row - V Grip (Cable)",,"",1,"failure",60,12,,,
"Back/ Biceps","Dec 2, 2024, 4:09 PM","Dec 2, 2024, 5:26 PM","","Seated Cable Row - V Grip (Cable)",,"",2,"failure",70,5,,,
"Back/ Biceps","Dec 2, 2024, 4:09 PM","Dec 2, 2024, 5:26 PM","","Iso-Lateral Row (Machine)",,"",0,"warmup",91,12,,,
"Back/ Biceps","Dec 2, 2024, 4:09 PM","Dec 2, 2024, 5:26 PM","","Iso-Lateral Row (Machine)",,"",1,"failure",131,11,,,
"Back/ Biceps","Dec 2, 2024, 4:09 PM","Dec 2, 2024, 5:26 PM","","Iso-Lateral Row (Machine)",,"",2,"dropset",151,7,,,
"Back/ Biceps","Dec 2, 2024, 4:09 PM","Dec 2, 2024, 5:26 PM","","Iso-Lateral Row (Machine)",,"",3,"failure",91,9,,,
"Back/ Biceps","Dec 2, 2024, 4:09 PM","Dec 2, 2024, 5:26 PM","","Bicep Curl (Barbell)",,"Preacher busy",0,"normal",20,12,,,
"Back/ Biceps","Dec 2, 2024, 4:09 PM","Dec 2, 2024, 5:26 PM","","Bicep Curl (Barbell)",,"Preacher busy",1,"failure",25,6,,,
"Back/ Biceps","Dec 2, 2024, 4:09 PM","Dec 2, 2024, 5:26 PM","","Deadlift (Barbell)",,"W",0,"warmup",40,6,,,
"Back/ Biceps","Dec 2, 2024, 4:09 PM","Dec 2, 2024, 5:26 PM","","Deadlift (Barbell)",,"W",1,"normal",60,6,,,
"Back/ Biceps","Dec 2, 2024, 4:09 PM","Dec 2, 2024, 5:26 PM","","Deadlift (Barbell)",,"W",2,"normal",120,1,,,
"Chest/Shoulder/Tricep","Dec 1, 2024, 11:09 AM","Dec 1, 2024, 12:23 PM","","Bench Press (Barbell)",,"",0,"warmup",20,15,,,
"Chest/Shoulder/Tricep","Dec 1, 2024, 11:09 AM","Dec 1, 2024, 12:23 PM","","Bench Press (Barbell)",,"",1,"normal",40,12,,,
"Chest/Shoulder/Tricep","Dec 1, 2024, 11:09 AM","Dec 1, 2024, 12:23 PM","","Bench Press (Barbell)",,"",2,"failure",65,4,,,
"Chest/Shoulder/Tricep","Dec 1, 2024, 11:09 AM","Dec 1, 2024, 12:23 PM","","Shoulder Press (Dumbbell)",,"Per arm",0,"normal",18,12,,,
"Chest/Shoulder/Tricep","Dec 1, 2024, 11:09 AM","Dec 1, 2024, 12:23 PM","","Shoulder Press (Dumbbell)",,"Per arm",1,"failure",20,7,,,
"Chest/Shoulder/Tricep","Dec 1, 2024, 11:09 AM","Dec 1, 2024, 12:23 PM","","Triceps Pushdown",,"Straight bar",0,"normal",21.25,12,,,
"Chest/Shoulder/Tricep","Dec 1, 2024, 11:09 AM","Dec 1, 2024, 12:23 PM","","Triceps Pushdown",,"Straight bar",1,"normal",26.25,12,,,
"Chest/Shoulder/Tricep","Dec 1, 2024, 11:09 AM","Dec 1, 2024, 12:23 PM","","Triceps Pushdown",,"Straight bar",2,"failure",28.75,12,,,
"Chest/Shoulder/Tricep","Dec 1, 2024, 11:09 AM","Dec 1, 2024, 12:23 PM","","Chest Fly (Machine)",,"",0,"normal",50,12,,,
"Chest/Shoulder/Tricep","Dec 1, 2024, 11:09 AM","Dec 1, 2024, 12:23 PM","","Chest Fly (Machine)",,"",1,"normal",60,12,,,
"Chest/Shoulder/Tricep","Dec 1, 2024, 11:09 AM","Dec 1, 2024, 12:23 PM","","Chest Fly (Machine)",,"",2,"failure",70,9,,,
"Chest/Shoulder/Tricep","Dec 1, 2024, 11:09 AM","Dec 1, 2024, 12:23 PM","","Lateral Raise (Dumbbell)",,"W is per arm",0,"normal",8,12,,,
"Chest/Shoulder/Tricep","Dec 1, 2024, 11:09 AM","Dec 1, 2024, 12:23 PM","","Lateral Raise (Dumbbell)",,"W is per arm",1,"failure",10,8,,,
"Chest/Shoulder/Tricep","Dec 1, 2024, 11:09 AM","Dec 1, 2024, 12:23 PM","","Lateral Raise (Dumbbell)",,"W is per arm",2,"failure",10,6,,,
"Chest/Shoulder/Tricep","Dec 1, 2024, 11:09 AM","Dec 1, 2024, 12:23 PM","","Incline Bench Press (Barbell)",,"",0,"warmup",20,12,,,
"Chest/Shoulder/Tricep","Dec 1, 2024, 11:09 AM","Dec 1, 2024, 12:23 PM","","Incline Bench Press (Barbell)",,"",1,"failure",40,11,,,
"Chest/Shoulder/Tricep","Dec 1, 2024, 11:09 AM","Dec 1, 2024, 12:23 PM","","Incline Bench Press (Barbell)",,"",2,"failure",50,6,,,
"Chest/Shoulder/Tricep","Dec 1, 2024, 11:09 AM","Dec 1, 2024, 12:23 PM","","Triceps Extension (Machine)",,"",0,"normal",40,12,,,
"Chest/Shoulder/Tricep","Dec 1, 2024, 11:09 AM","Dec 1, 2024, 12:23 PM","","Triceps Extension (Machine)",,"",1,"failure",50,9,,,
"Back/ Biceps","Nov 30, 2024, 9:10 AM","Nov 30, 2024, 10:34 AM","Diddy party","Pull Up (Assisted)",,"",0,"normal",37.5,12,,,
"Back/ Biceps","Nov 30, 2024, 9:10 AM","Nov 30, 2024, 10:34 AM","Diddy party","Pull Up (Assisted)",,"",1,"failure",34.38,10,,,
"Back/ Biceps","Nov 30, 2024, 9:10 AM","Nov 30, 2024, 10:34 AM","Diddy party","Pull Up (Assisted)",,"",2,"failure",31.25,7,,,
"Back/ Biceps","Nov 30, 2024, 9:10 AM","Nov 30, 2024, 10:34 AM","Diddy party","Hammer Curl (Dumbbell)",,"Per arm",0,"normal",12,12,,,
"Back/ Biceps","Nov 30, 2024, 9:10 AM","Nov 30, 2024, 10:34 AM","Diddy party","Hammer Curl (Dumbbell)",,"Per arm",1,"failure",14,13,,,
"Back/ Biceps","Nov 30, 2024, 9:10 AM","Nov 30, 2024, 10:34 AM","Diddy party","Hammer Curl (Dumbbell)",,"Per arm",2,"failure",16,7,,,
"Back/ Biceps","Nov 30, 2024, 9:10 AM","Nov 30, 2024, 10:34 AM","Diddy party","Iso-Lateral Row (Machine)",,"Total w + no straps",0,"warmup",91,12,,,
"Back/ Biceps","Nov 30, 2024, 9:10 AM","Nov 30, 2024, 10:34 AM","Diddy party","Iso-Lateral Row (Machine)",,"Total w + no straps",1,"failure",131,12,,,
"Back/ Biceps","Nov 30, 2024, 9:10 AM","Nov 30, 2024, 10:34 AM","Diddy party","Iso-Lateral Row (Machine)",,"Total w + no straps",2,"failure",151,7,,,
"Back/ Biceps","Nov 30, 2024, 9:10 AM","Nov 30, 2024, 10:34 AM","Diddy party","Preacher Curl (Machine)",0,"",0,"normal",40,12,,,
"Back/ Biceps","Nov 30, 2024, 9:10 AM","Nov 30, 2024, 10:34 AM","Diddy party","Preacher Curl (Machine)",0,"",1,"failure",45,10,,,
"Back/ Biceps","Nov 30, 2024, 9:10 AM","Nov 30, 2024, 10:34 AM","Diddy party","Preacher Curl (Machine)",0,"",2,"failure",50,7,,,
"Back/ Biceps","Nov 30, 2024, 9:10 AM","Nov 30, 2024, 10:34 AM","Diddy party","Rear Delt Reverse Fly (Machine)",0,"Low w for rear delt",0,"normal",20,20,,,
"Back/ Biceps","Nov 30, 2024, 9:10 AM","Nov 30, 2024, 10:34 AM","Diddy party","Rear Delt Reverse Fly (Machine)",0,"Low w for rear delt",1,"normal",30,20,,,
"Back/ Biceps","Nov 30, 2024, 9:10 AM","Nov 30, 2024, 10:34 AM","Diddy party","Rear Delt Reverse Fly (Machine)",0,"Low w for rear delt",2,"failure",40,15,,,
"Back/ Biceps","Nov 30, 2024, 9:10 AM","Nov 30, 2024, 10:34 AM","Diddy party","Deadlift (Barbell)",,"Rizz",0,"warmup",30,12,,,
"Back/ Biceps","Nov 30, 2024, 9:10 AM","Nov 30, 2024, 10:34 AM","Diddy party","Deadlift (Barbell)",,"Rizz",1,"normal",60,6,,,
"Back/ Biceps","Nov 30, 2024, 9:10 AM","Nov 30, 2024, 10:34 AM","Diddy party","Deadlift (Barbell)",,"Rizz",2,"normal",100,1,,,
"Chest/Shoulder/Tricep","Nov 29, 2024, 7:45 AM","Nov 29, 2024, 9:34 AM","","Bench Press (Barbell)",,"",0,"warmup",20,15,,,
"Chest/Shoulder/Tricep","Nov 29, 2024, 7:45 AM","Nov 29, 2024, 9:34 AM","","Bench Press (Barbell)",,"",1,"normal",40,12,,,
"Chest/Shoulder/Tricep","Nov 29, 2024, 7:45 AM","Nov 29, 2024, 9:34 AM","","Bench Press (Barbell)",,"",2,"failure",60,11,,,
"Chest/Shoulder/Tricep","Nov 29, 2024, 7:45 AM","Nov 29, 2024, 9:34 AM","","Shoulder Press (Dumbbell)",,"",0,"normal",18,12,,,
"Chest/Shoulder/Tricep","Nov 29, 2024, 7:45 AM","Nov 29, 2024, 9:34 AM","","Shoulder Press (Dumbbell)",,"",1,"failure",20,8,,,
"Chest/Shoulder/Tricep","Nov 29, 2024, 7:45 AM","Nov 29, 2024, 9:34 AM","","Shoulder Press (Dumbbell)",,"",2,"failure",22,4,,,
"Chest/Shoulder/Tricep","Nov 29, 2024, 7:45 AM","Nov 29, 2024, 9:34 AM","","Chest Fly (Machine)",,"Go up",0,"normal",50,12,,,
"Chest/Shoulder/Tricep","Nov 29, 2024, 7:45 AM","Nov 29, 2024, 9:34 AM","","Chest Fly (Machine)",,"Go up",1,"normal",60,12,,,
"Chest/Shoulder/Tricep","Nov 29, 2024, 7:45 AM","Nov 29, 2024, 9:34 AM","","Chest Fly (Machine)",,"Go up",2,"failure",70,9,,,
"Chest/Shoulder/Tricep","Nov 29, 2024, 7:45 AM","Nov 29, 2024, 9:34 AM","","Lateral Raise (Dumbbell)",,"",0,"normal",6,12,,,
"Chest/Shoulder/Tricep","Nov 29, 2024, 7:45 AM","Nov 29, 2024, 9:34 AM","","Lateral Raise (Dumbbell)",,"",1,"normal",8,12,,,
"Chest/Shoulder/Tricep","Nov 29, 2024, 7:45 AM","Nov 29, 2024, 9:34 AM","","Lateral Raise (Dumbbell)",,"",2,"failure",10,8,,,
"Chest/Shoulder/Tricep","Nov 29, 2024, 7:45 AM","Nov 29, 2024, 9:34 AM","","Incline Bench Press (Barbell)",,"",0,"warmup",20,12,,,
"Chest/Shoulder/Tricep","Nov 29, 2024, 7:45 AM","Nov 29, 2024, 9:34 AM","","Incline Bench Press (Barbell)",,"",1,"normal",40,12,,,
"Chest/Shoulder/Tricep","Nov 29, 2024, 7:45 AM","Nov 29, 2024, 9:34 AM","","Incline Bench Press (Barbell)",,"",2,"failure",50,8,,,
"Chest/Shoulder/Tricep","Nov 29, 2024, 7:45 AM","Nov 29, 2024, 9:34 AM","","Triceps Extension (Machine)",,"",0,"normal",40,12,,,
"Chest/Shoulder/Tricep","Nov 29, 2024, 7:45 AM","Nov 29, 2024, 9:34 AM","","Triceps Extension (Machine)",,"",1,"failure",45,11,,,
"Chest/Shoulder/Tricep","Nov 29, 2024, 7:45 AM","Nov 29, 2024, 9:34 AM","","Triceps Extension (Machine)",,"",2,"failure",50,7,,,
"Legs","Nov 28, 2024, 3:02 PM","Nov 28, 2024, 3:51 PM","Insanely fast legs","Leg Press (Machine)",,"Total w",0,"normal",147,12,,,
"Legs","Nov 28, 2024, 3:02 PM","Nov 28, 2024, 3:51 PM","Insanely fast legs","Leg Press (Machine)",,"Total w",1,"normal",197,12,,,
"Legs","Nov 28, 2024, 3:02 PM","Nov 28, 2024, 3:51 PM","Insanely fast legs","Leg Press (Machine)",,"Total w",2,"failure",247,8,,,
"Legs","Nov 28, 2024, 3:02 PM","Nov 28, 2024, 3:51 PM","Insanely fast legs","Seated Calf Raise",,"Total w",0,"warmup",63,15,,,
"Legs","Nov 28, 2024, 3:02 PM","Nov 28, 2024, 3:51 PM","Insanely fast legs","Seated Calf Raise",,"Total w",1,"normal",83,13,,,
"Legs","Nov 28, 2024, 3:02 PM","Nov 28, 2024, 3:51 PM","Insanely fast legs","Seated Calf Raise",,"Total w",2,"normal",93,15,,,
"Legs","Nov 28, 2024, 3:02 PM","Nov 28, 2024, 3:51 PM","Insanely fast legs","Leg Extension (Machine)",,"",0,"warmup",77.5,12,,,
"Legs","Nov 28, 2024, 3:02 PM","Nov 28, 2024, 3:51 PM","Insanely fast legs","Leg Extension (Machine)",,"",1,"normal",100,12,,,
"Legs","Nov 28, 2024, 3:02 PM","Nov 28, 2024, 3:51 PM","Insanely fast legs","Leg Extension (Machine)",,"",2,"failure",110,11,,,
"Legs","Nov 28, 2024, 3:02 PM","Nov 28, 2024, 3:51 PM","Insanely fast legs","Lying Leg Curl (Machine)",,"",0,"warmup",45,12,,,
"Legs","Nov 28, 2024, 3:02 PM","Nov 28, 2024, 3:51 PM","Insanely fast legs","Lying Leg Curl (Machine)",,"",1,"normal",50,12,,,
"Legs","Nov 28, 2024, 3:02 PM","Nov 28, 2024, 3:51 PM","Insanely fast legs","Lying Leg Curl (Machine)",,"",2,"failure",60,6,,,
"Back/ Biceps","Nov 27, 2024, 4:10 PM","Nov 27, 2024, 5:12 PM","Solo run","Lat Pulldown (Cable)",,"",0,"warmup",50,12,,,
"Back/ Biceps","Nov 27, 2024, 4:10 PM","Nov 27, 2024, 5:12 PM","Solo run","Lat Pulldown (Cable)",,"",1,"normal",60,12,,,
"Back/ Biceps","Nov 27, 2024, 4:10 PM","Nov 27, 2024, 5:12 PM","Solo run","Lat Pulldown (Cable)",,"",2,"failure",70,6,,,
"Back/ Biceps","Nov 27, 2024, 4:10 PM","Nov 27, 2024, 5:12 PM","Solo run","Iso-Lateral Row (Machine)",,"No straps - w is total",0,"warmup",91,12,,,
"Back/ Biceps","Nov 27, 2024, 4:10 PM","Nov 27, 2024, 5:12 PM","Solo run","Iso-Lateral Row (Machine)",,"No straps - w is total",1,"failure",131,11,,,
"Back/ Biceps","Nov 27, 2024, 4:10 PM","Nov 27, 2024, 5:12 PM","Solo run","Iso-Lateral Row (Machine)",,"No straps - w is total",2,"failure",151,5,,,
"Back/ Biceps","Nov 27, 2024, 4:10 PM","Nov 27, 2024, 5:12 PM","Solo run","Hammer Curl (Dumbbell)",,"W is per arm",0,"normal",12,12,,,
"Back/ Biceps","Nov 27, 2024, 4:10 PM","Nov 27, 2024, 5:12 PM","Solo run","Hammer Curl (Dumbbell)",,"W is per arm",1,"failure",14,10,,,
"Back/ Biceps","Nov 27, 2024, 4:10 PM","Nov 27, 2024, 5:12 PM","Solo run","Hammer Curl (Dumbbell)",,"W is per arm",2,"failure",16,8,,,
"Back/ Biceps","Nov 27, 2024, 4:10 PM","Nov 27, 2024, 5:12 PM","Solo run","Back Extension (Machine)",,"Filler",0,"normal",100,12,,,
"Back/ Biceps","Nov 27, 2024, 4:10 PM","Nov 27, 2024, 5:12 PM","Solo run","Preacher Curl (Machine)",,"Effectively back-to-back bicep exercises",0,"normal",40,12,,,
"Back/ Biceps","Nov 27, 2024, 4:10 PM","Nov 27, 2024, 5:12 PM","Solo run","Preacher Curl (Machine)",,"Effectively back-to-back bicep exercises",1,"failure",45,10,,,
"Back/ Biceps","Nov 27, 2024, 4:10 PM","Nov 27, 2024, 5:12 PM","Solo run","Preacher Curl (Machine)",,"Effectively back-to-back bicep exercises",2,"failure",50,7,,,
"Back/ Biceps","Nov 27, 2024, 4:10 PM","Nov 27, 2024, 5:12 PM","Solo run","Seated Cable Row - V Grip (Cable)",,"",0,"normal",60,12,,,
"Back/ Biceps","Nov 27, 2024, 4:10 PM","Nov 27, 2024, 5:12 PM","Solo run","Seated Cable Row - V Grip (Cable)",,"",1,"failure",70,7,,,
"Back/ Biceps","Nov 27, 2024, 4:10 PM","Nov 27, 2024, 5:12 PM","Solo run","Rear Delt Reverse Fly (Machine)",,"",0,"normal",40,12,,,
"Back/ Biceps","Nov 27, 2024, 4:10 PM","Nov 27, 2024, 5:12 PM","Solo run","Rear Delt Reverse Fly (Machine)",,"",1,"failure",50,8,,,
"Back/ Biceps","Nov 27, 2024, 4:10 PM","Nov 27, 2024, 5:12 PM","Solo run","Rear Delt Reverse Fly (Machine)",,"",2,"failure",55,7,,,
"Chest/Shoulder/Tricep","Nov 25, 2024, 5:02 PM","Nov 25, 2024, 5:53 PM","","Bench Press (Dumbbell)",,"W is per arm",0,"warmup",18,12,,,
"Chest/Shoulder/Tricep","Nov 25, 2024, 5:02 PM","Nov 25, 2024, 5:53 PM","","Bench Press (Dumbbell)",,"W is per arm",1,"normal",20,12,,,
"Chest/Shoulder/Tricep","Nov 25, 2024, 5:02 PM","Nov 25, 2024, 5:53 PM","","Bench Press (Dumbbell)",,"W is per arm",2,"failure",24,9,,,
"Chest/Shoulder/Tricep","Nov 25, 2024, 5:02 PM","Nov 25, 2024, 5:53 PM","","Shoulder Press (Dumbbell)",,"W is per arm",0,"normal",18,12,,,
"Chest/Shoulder/Tricep","Nov 25, 2024, 5:02 PM","Nov 25, 2024, 5:53 PM","","Shoulder Press (Dumbbell)",,"W is per arm",1,"failure",18,10,,,
"Chest/Shoulder/Tricep","Nov 25, 2024, 5:02 PM","Nov 25, 2024, 5:53 PM","","Triceps Extension (Machine)",,"",0,"warmup",40,12,,,
"Chest/Shoulder/Tricep","Nov 25, 2024, 5:02 PM","Nov 25, 2024, 5:53 PM","","Triceps Extension (Machine)",,"",1,"normal",45,10,,,
"Chest/Shoulder/Tricep","Nov 25, 2024, 5:02 PM","Nov 25, 2024, 5:53 PM","","Triceps Extension (Machine)",,"",2,"failure",50,6,,,
"Chest/Shoulder/Tricep","Nov 25, 2024, 5:02 PM","Nov 25, 2024, 5:53 PM","","Lateral Raise (Dumbbell)",,"No 10kg available",0,"warmup",6,12,,,
"Chest/Shoulder/Tricep","Nov 25, 2024, 5:02 PM","Nov 25, 2024, 5:53 PM","","Lateral Raise (Dumbbell)",,"No 10kg available",1,"normal",8,12,,,
"Chest/Shoulder/Tricep","Nov 25, 2024, 5:02 PM","Nov 25, 2024, 5:53 PM","","Lateral Raise (Dumbbell)",,"No 10kg available",2,"failure",12,4,,,
"Chest/Shoulder/Tricep","Nov 25, 2024, 5:02 PM","Nov 25, 2024, 5:53 PM","","Incline Bench Press (Dumbbell)",,"",0,"normal",18,12,,,
"Chest/Shoulder/Tricep","Nov 25, 2024, 5:02 PM","Nov 25, 2024, 5:53 PM","","Incline Bench Press (Dumbbell)",,"",1,"failure",20,10,,,
"Chest/Shoulder/Tricep","Nov 25, 2024, 5:02 PM","Nov 25, 2024, 5:53 PM","","Incline Bench Press (Dumbbell)",,"",2,"failure",20,10,,,
"Chest/Shoulder/Tricep","Nov 25, 2024, 5:02 PM","Nov 25, 2024, 5:53 PM","","Triceps Pushdown",,"",0,"warmup",21.25,12,,,
"Chest/Shoulder/Tricep","Nov 25, 2024, 5:02 PM","Nov 25, 2024, 5:53 PM","","Triceps Pushdown",,"",1,"failure",26.25,11,,,
"Chest/Shoulder/Tricep","Nov 25, 2024, 5:02 PM","Nov 25, 2024, 5:53 PM","","Triceps Pushdown",,"",2,"failure",28.75,7,,,
"Back/ Biceps","Nov 24, 2024, 11:07 AM","Nov 24, 2024, 12:27 PM","","Lat Pulldown (Cable)",,"",0,"normal",54,12,,,
"Back/ Biceps","Nov 24, 2024, 11:07 AM","Nov 24, 2024, 12:27 PM","","Lat Pulldown (Cable)",,"",1,"failure",61,10,,,
"Back/ Biceps","Nov 24, 2024, 11:07 AM","Nov 24, 2024, 12:27 PM","","Lat Pulldown (Cable)",,"",2,"failure",68,9,,,
"Back/ Biceps","Nov 24, 2024, 11:07 AM","Nov 24, 2024, 12:27 PM","","Lat Pulldown (Cable)",,"",3,"failure",75,4,,,
"Back/ Biceps","Nov 24, 2024, 11:07 AM","Nov 24, 2024, 12:27 PM","","Hammer Curl (Dumbbell)",,"",0,"normal",12,12,,,
"Back/ Biceps","Nov 24, 2024, 11:07 AM","Nov 24, 2024, 12:27 PM","","Hammer Curl (Dumbbell)",,"",1,"failure",14,10,,,
"Back/ Biceps","Nov 24, 2024, 11:07 AM","Nov 24, 2024, 12:27 PM","","Hammer Curl (Dumbbell)",,"",2,"failure",16,8,,,
"Back/ Biceps","Nov 24, 2024, 11:07 AM","Nov 24, 2024, 12:27 PM","","Lat Pulldown (Machine)",,"Overall w",0,"failure",70,10,,,
"Back/ Biceps","Nov 24, 2024, 11:07 AM","Nov 24, 2024, 12:27 PM","","Lat Pulldown (Machine)",,"Overall w",1,"failure",70,9,,,
"Back/ Biceps","Nov 24, 2024, 11:07 AM","Nov 24, 2024, 12:27 PM","","Lat Pulldown (Machine)",,"Overall w",2,"failure",80,5,,,
"Back/ Biceps","Nov 24, 2024, 11:07 AM","Nov 24, 2024, 12:27 PM","","Seated Cable Row - V Grip (Cable)",,"",0,"warmup",50,12,,,
"Back/ Biceps","Nov 24, 2024, 11:07 AM","Nov 24, 2024, 12:27 PM","","Seated Cable Row - V Grip (Cable)",,"",1,"failure",60,12,,,
"Back/ Biceps","Nov 24, 2024, 11:07 AM","Nov 24, 2024, 12:27 PM","","Seated Cable Row - V Grip (Cable)",,"",2,"failure",70,8,,,
"Back/ Biceps","Nov 24, 2024, 11:07 AM","Nov 24, 2024, 12:27 PM","","Iso-Lateral Row (Machine)",,"Rizz straps on last set",0,"normal",111,12,,,
"Back/ Biceps","Nov 24, 2024, 11:07 AM","Nov 24, 2024, 12:27 PM","","Iso-Lateral Row (Machine)",,"Rizz straps on last set",1,"failure",141,8,,,
"Back/ Biceps","Nov 24, 2024, 11:07 AM","Nov 24, 2024, 12:27 PM","","Iso-Lateral Row (Machine)",,"Rizz straps on last set",2,"failure",161,5,,,
"Back/ Biceps","Nov 24, 2024, 11:07 AM","Nov 24, 2024, 12:27 PM","","Back Extension (Machine)",,"Filler",0,"normal",80,12,,,
"Back/ Biceps","Nov 24, 2024, 11:07 AM","Nov 24, 2024, 12:27 PM","","Back Extension (Machine)",,"Filler",1,"normal",110,12,,,
"Back/ Biceps","Nov 24, 2024, 11:07 AM","Nov 24, 2024, 12:27 PM","","Back Extension (Machine)",,"Filler",2,"normal",125,12,,,
"Back/ Biceps","Nov 24, 2024, 11:07 AM","Nov 24, 2024, 12:27 PM","","Preacher Curl (Machine)",,"",0,"normal",40,12,,,
"Back/ Biceps","Nov 24, 2024, 11:07 AM","Nov 24, 2024, 12:27 PM","","Preacher Curl (Machine)",,"",1,"failure",45,10,,,
"Back/ Biceps","Nov 24, 2024, 11:07 AM","Nov 24, 2024, 12:27 PM","","Preacher Curl (Machine)",,"",2,"failure",50,6,,,
"Chest/Shoulder/Tricep","Nov 23, 2024, 9:13 AM","Nov 23, 2024, 10:48 AM","","Bench Press (Barbell)",,"",0,"warmup",20,15,,,
"Chest/Shoulder/Tricep","Nov 23, 2024, 9:13 AM","Nov 23, 2024, 10:48 AM","","Bench Press (Barbell)",,"",1,"normal",40,12,,,
"Chest/Shoulder/Tricep","Nov 23, 2024, 9:13 AM","Nov 23, 2024, 10:48 AM","","Bench Press (Barbell)",,"",2,"failure",60,9,,,
"Chest/Shoulder/Tricep","Nov 23, 2024, 9:13 AM","Nov 23, 2024, 10:48 AM","","Shoulder Press (Dumbbell)",,"",0,"normal",16,12,,,
"Chest/Shoulder/Tricep","Nov 23, 2024, 9:13 AM","Nov 23, 2024, 10:48 AM","","Shoulder Press (Dumbbell)",,"",1,"failure",18,9,,,
"Chest/Shoulder/Tricep","Nov 23, 2024, 9:13 AM","Nov 23, 2024, 10:48 AM","","Shoulder Press (Dumbbell)",,"",2,"failure",20,7,,,
"Chest/Shoulder/Tricep","Nov 23, 2024, 9:13 AM","Nov 23, 2024, 10:48 AM","","Triceps Extension (Machine)",,"",0,"normal",40,12,,,
"Chest/Shoulder/Tricep","Nov 23, 2024, 9:13 AM","Nov 23, 2024, 10:48 AM","","Triceps Extension (Machine)",,"",1,"failure",45,12,,,
"Chest/Shoulder/Tricep","Nov 23, 2024, 9:13 AM","Nov 23, 2024, 10:48 AM","","Triceps Extension (Machine)",,"",2,"failure",50,7,,,
"Chest/Shoulder/Tricep","Nov 23, 2024, 9:13 AM","Nov 23, 2024, 10:48 AM","","Chest Fly (Machine)",,"",0,"normal",60,12,,,
"Chest/Shoulder/Tricep","Nov 23, 2024, 9:13 AM","Nov 23, 2024, 10:48 AM","","Chest Fly (Machine)",,"",1,"normal",65,12,,,
"Chest/Shoulder/Tricep","Nov 23, 2024, 9:13 AM","Nov 23, 2024, 10:48 AM","","Chest Fly (Machine)",,"",2,"failure",70,8,,,
"Chest/Shoulder/Tricep","Nov 23, 2024, 9:13 AM","Nov 23, 2024, 10:48 AM","","Lateral Raise (Dumbbell)",,"",0,"normal",6,12,,,
"Chest/Shoulder/Tricep","Nov 23, 2024, 9:13 AM","Nov 23, 2024, 10:48 AM","","Lateral Raise (Dumbbell)",,"",1,"normal",8,12,,,
"Chest/Shoulder/Tricep","Nov 23, 2024, 9:13 AM","Nov 23, 2024, 10:48 AM","","Lateral Raise (Dumbbell)",,"",2,"failure",10,8,,,
"Chest/Shoulder/Tricep","Nov 23, 2024, 9:13 AM","Nov 23, 2024, 10:48 AM","","Incline Bench Press (Dumbbell)",,"",0,"normal",18,12,,,
"Chest/Shoulder/Tricep","Nov 23, 2024, 9:13 AM","Nov 23, 2024, 10:48 AM","","Incline Bench Press (Dumbbell)",,"",1,"failure",20,10,,,
"Chest/Shoulder/Tricep","Nov 23, 2024, 9:13 AM","Nov 23, 2024, 10:48 AM","","Incline Bench Press (Dumbbell)",,"",2,"failure",22,8,,,
"Back/ Biceps","Nov 21, 2024, 4:16 PM","Nov 21, 2024, 5:32 PM","Gang of 8","Hammer Curl (Dumbbell)",,"",0,"normal",12,12,,,
"Back/ Biceps","Nov 21, 2024, 4:16 PM","Nov 21, 2024, 5:32 PM","Gang of 8","Hammer Curl (Dumbbell)",,"",1,"failure",14,12,,,
"Back/ Biceps","Nov 21, 2024, 4:16 PM","Nov 21, 2024, 5:32 PM","Gang of 8","Hammer Curl (Dumbbell)",,"",2,"failure",16,8,,,
"Back/ Biceps","Nov 21, 2024, 4:16 PM","Nov 21, 2024, 5:32 PM","Gang of 8","Lat Pulldown (Cable)",,"",0,"normal",47,12,,,
"Back/ Biceps","Nov 21, 2024, 4:16 PM","Nov 21, 2024, 5:32 PM","Gang of 8","Lat Pulldown (Cable)",,"",1,"failure",61,12,,,
"Back/ Biceps","Nov 21, 2024, 4:16 PM","Nov 21, 2024, 5:32 PM","Gang of 8","Lat Pulldown (Cable)",,"",2,"failure",68,8,,,
"Back/ Biceps","Nov 21, 2024, 4:16 PM","Nov 21, 2024, 5:32 PM","Gang of 8","Preacher Curl (Machine)",,"",0,"normal",40,12,,,
"Back/ Biceps","Nov 21, 2024, 4:16 PM","Nov 21, 2024, 5:32 PM","Gang of 8","Preacher Curl (Machine)",,"",1,"normal",45,12,,,
"Back/ Biceps","Nov 21, 2024, 4:16 PM","Nov 21, 2024, 5:32 PM","Gang of 8","Preacher Curl (Machine)",,"",2,"failure",50,8,,,
"Back/ Biceps","Nov 21, 2024, 4:16 PM","Nov 21, 2024, 5:32 PM","Gang of 8","Iso-Lateral Row (Machine)",,"With staps on last set",0,"warmup",91,13,,,
"Back/ Biceps","Nov 21, 2024, 4:16 PM","Nov 21, 2024, 5:32 PM","Gang of 8","Iso-Lateral Row (Machine)",,"With staps on last set",1,"failure",121,12,,,
"Back/ Biceps","Nov 21, 2024, 4:16 PM","Nov 21, 2024, 5:32 PM","Gang of 8","Iso-Lateral Row (Machine)",,"With staps on last set",2,"failure",131,13,,,
"Back/ Biceps","Nov 21, 2024, 4:16 PM","Nov 21, 2024, 5:32 PM","Gang of 8","Seated Cable Row - V Grip (Cable)",,"",0,"normal",60,12,,,
"Back/ Biceps","Nov 21, 2024, 4:16 PM","Nov 21, 2024, 5:32 PM","Gang of 8","Seated Cable Row - V Grip (Cable)",,"",1,"failure",70,8,,,
"Chest/Shoulder/Tricep","Nov 20, 2024, 2:54 PM","Nov 20, 2024, 4:08 PM","Actually an awful sesh","Shoulder Press (Dumbbell)",,"Filler cuz bench + deeper rep range",0,"normal",14,12,,,
"Chest/Shoulder/Tricep","Nov 20, 2024, 2:54 PM","Nov 20, 2024, 4:08 PM","Actually an awful sesh","Shoulder Press (Dumbbell)",,"Filler cuz bench + deeper rep range",1,"normal",16,12,,,
"Chest/Shoulder/Tricep","Nov 20, 2024, 2:54 PM","Nov 20, 2024, 4:08 PM","Actually an awful sesh","Shoulder Press (Dumbbell)",,"Filler cuz bench + deeper rep range",2,"failure",18,7,,,
"Chest/Shoulder/Tricep","Nov 20, 2024, 2:54 PM","Nov 20, 2024, 4:08 PM","Actually an awful sesh","Lateral Raise (Dumbbell)",,"Bench filler",0,"normal",6,12,,,
"Chest/Shoulder/Tricep","Nov 20, 2024, 2:54 PM","Nov 20, 2024, 4:08 PM","Actually an awful sesh","Lateral Raise (Dumbbell)",,"Bench filler",1,"normal",8,12,,,
"Chest/Shoulder/Tricep","Nov 20, 2024, 2:54 PM","Nov 20, 2024, 4:08 PM","Actually an awful sesh","Lateral Raise (Dumbbell)",,"Bench filler",2,"failure",10,7,,,
"Chest/Shoulder/Tricep","Nov 20, 2024, 2:54 PM","Nov 20, 2024, 4:08 PM","Actually an awful sesh","Incline Bench Press (Barbell)",,"",0,"normal",20,12,,,
"Chest/Shoulder/Tricep","Nov 20, 2024, 2:54 PM","Nov 20, 2024, 4:08 PM","Actually an awful sesh","Incline Bench Press (Barbell)",,"",1,"normal",30,12,,,
"Chest/Shoulder/Tricep","Nov 20, 2024, 2:54 PM","Nov 20, 2024, 4:08 PM","Actually an awful sesh","Incline Bench Press (Barbell)",,"",2,"failure",40,12,,,
"Chest/Shoulder/Tricep","Nov 20, 2024, 2:54 PM","Nov 20, 2024, 4:08 PM","Actually an awful sesh","Triceps Pushdown",,"",0,"warmup",21.25,12,,,
"Chest/Shoulder/Tricep","Nov 20, 2024, 2:54 PM","Nov 20, 2024, 4:08 PM","Actually an awful sesh","Triceps Pushdown",,"",1,"normal",26.25,12,,,
"Chest/Shoulder/Tricep","Nov 20, 2024, 2:54 PM","Nov 20, 2024, 4:08 PM","Actually an awful sesh","Triceps Pushdown",,"",2,"failure",28.75,7,,,
"Chest/Shoulder/Tricep","Nov 20, 2024, 2:54 PM","Nov 20, 2024, 4:08 PM","Actually an awful sesh","Bench Press (Barbell)",,"Pr :)",0,"warmup",20,15,,,
"Chest/Shoulder/Tricep","Nov 20, 2024, 2:54 PM","Nov 20, 2024, 4:08 PM","Actually an awful sesh","Bench Press (Barbell)",,"Pr :)",1,"normal",40,12,,,
"Chest/Shoulder/Tricep","Nov 20, 2024, 2:54 PM","Nov 20, 2024, 4:08 PM","Actually an awful sesh","Bench Press (Barbell)",,"Pr :)",2,"failure",75,1,,,
"Chest/Shoulder/Tricep","Nov 18, 2024, 4:36 PM","Nov 18, 2024, 5:40 PM","Tried sum shit out","Bench Press (Dumbbell)",,"Tryout - w is per arm",0,"warmup",16,12,,,
"Chest/Shoulder/Tricep","Nov 18, 2024, 4:36 PM","Nov 18, 2024, 5:40 PM","Tried sum shit out","Bench Press (Dumbbell)",,"Tryout - w is per arm",1,"normal",20,12,,,
"Chest/Shoulder/Tricep","Nov 18, 2024, 4:36 PM","Nov 18, 2024, 5:40 PM","Tried sum shit out","Bench Press (Dumbbell)",,"Tryout - w is per arm",2,"failure",24,8,,,
"Chest/Shoulder/Tricep","Nov 18, 2024, 4:36 PM","Nov 18, 2024, 5:40 PM","Tried sum shit out","Shoulder Press (Dumbbell)",,"Didn’t feel like doing the 3rd set",0,"normal",20,12,,,
"Chest/Shoulder/Tricep","Nov 18, 2024, 4:36 PM","Nov 18, 2024, 5:40 PM","Tried sum shit out","Shoulder Press (Dumbbell)",,"Didn’t feel like doing the 3rd set",1,"failure",20,10,,,
"Chest/Shoulder/Tricep","Nov 18, 2024, 4:36 PM","Nov 18, 2024, 5:40 PM","Tried sum shit out","Triceps Pushdown",,"Wavy bar",0,"warmup",21.25,12,,,
"Chest/Shoulder/Tricep","Nov 18, 2024, 4:36 PM","Nov 18, 2024, 5:40 PM","Tried sum shit out","Triceps Pushdown",,"Wavy bar",1,"normal",26.25,12,,,
"Chest/Shoulder/Tricep","Nov 18, 2024, 4:36 PM","Nov 18, 2024, 5:40 PM","Tried sum shit out","Triceps Pushdown",,"Wavy bar",2,"failure",28.75,10,,,
"Chest/Shoulder/Tricep","Nov 18, 2024, 4:36 PM","Nov 18, 2024, 5:40 PM","Tried sum shit out","Incline Chest Press (Machine)",,"",0,"normal",50,12,,,
"Chest/Shoulder/Tricep","Nov 18, 2024, 4:36 PM","Nov 18, 2024, 5:40 PM","Tried sum shit out","Incline Chest Press (Machine)",,"",1,"failure",60,11,,,
"Chest/Shoulder/Tricep","Nov 18, 2024, 4:36 PM","Nov 18, 2024, 5:40 PM","Tried sum shit out","Incline Chest Press (Machine)",,"",2,"failure",70,7,,,
"Chest/Shoulder/Tricep","Nov 18, 2024, 4:36 PM","Nov 18, 2024, 5:40 PM","Tried sum shit out","Chest Fly (Machine)",,"",0,"normal",60,12,,,
"Chest/Shoulder/Tricep","Nov 18, 2024, 4:36 PM","Nov 18, 2024, 5:40 PM","Tried sum shit out","Chest Fly (Machine)",,"",1,"normal",65,12,,,
"Chest/Shoulder/Tricep","Nov 18, 2024, 4:36 PM","Nov 18, 2024, 5:40 PM","Tried sum shit out","Chest Fly (Machine)",,"",2,"failure",70,8,,,
"Chest/Shoulder/Tricep","Nov 18, 2024, 4:36 PM","Nov 18, 2024, 5:40 PM","Tried sum shit out","Triceps Extension (Machine)",,"",0,"normal",40,12,,,
"Chest/Shoulder/Tricep","Nov 18, 2024, 4:36 PM","Nov 18, 2024, 5:40 PM","Tried sum shit out","Triceps Extension (Machine)",,"",1,"failure",45,10,,,
"Chest/Shoulder/Tricep","Nov 18, 2024, 4:36 PM","Nov 18, 2024, 5:40 PM","Tried sum shit out","Triceps Extension (Machine)",,"",2,"failure",50,5,,,
"Chest/Shoulder/Tricep","Nov 18, 2024, 4:36 PM","Nov 18, 2024, 5:40 PM","Tried sum shit out","Lateral Raise (Machine)",,"Tryout - weird",0,"normal",20,12,,,
"Chest/Shoulder/Tricep","Nov 18, 2024, 4:36 PM","Nov 18, 2024, 5:40 PM","Tried sum shit out","Lateral Raise (Machine)",,"Tryout - weird",1,"normal",30,12,,,
"Chest/Shoulder/Tricep","Nov 18, 2024, 4:36 PM","Nov 18, 2024, 5:40 PM","Tried sum shit out","Lateral Raise (Machine)",,"Tryout - weird",2,"failure",40,7,,,
"Back/ Biceps","Nov 17, 2024, 11:09 AM","Nov 17, 2024, 12:14 PM","","Lat Pulldown (Cable)",,"Long’un",0,"normal",54,12,,,
"Back/ Biceps","Nov 17, 2024, 11:09 AM","Nov 17, 2024, 12:14 PM","","Lat Pulldown (Cable)",,"Long’un",1,"failure",61,8,,,
"Back/ Biceps","Nov 17, 2024, 11:09 AM","Nov 17, 2024, 12:14 PM","","Lat Pulldown (Cable)",,"Long’un",2,"failure",61,9,,,
"Back/ Biceps","Nov 17, 2024, 11:09 AM","Nov 17, 2024, 12:14 PM","","Hammer Curl (Dumbbell)",,"",0,"normal",12,12,,,
"Back/ Biceps","Nov 17, 2024, 11:09 AM","Nov 17, 2024, 12:14 PM","","Hammer Curl (Dumbbell)",,"",1,"failure",14,11,,,
"Back/ Biceps","Nov 17, 2024, 11:09 AM","Nov 17, 2024, 12:14 PM","","Hammer Curl (Dumbbell)",,"",2,"failure",16,7,,,
"Back/ Biceps","Nov 17, 2024, 11:09 AM","Nov 17, 2024, 12:14 PM","","Iso-Lateral Row (Machine)",,"",0,"warmup",91,13,,,
"Back/ Biceps","Nov 17, 2024, 11:09 AM","Nov 17, 2024, 12:14 PM","","Iso-Lateral Row (Machine)",,"",1,"failure",111,12,,,
"Back/ Biceps","Nov 17, 2024, 11:09 AM","Nov 17, 2024, 12:14 PM","","Iso-Lateral Row (Machine)",,"",2,"failure",131,11,,,
"Back/ Biceps","Nov 17, 2024, 11:09 AM","Nov 17, 2024, 12:14 PM","","Rear Delt Reverse Fly (Machine)",,"Low weight for rear delts",0,"normal",40,12,,,
"Back/ Biceps","Nov 17, 2024, 11:09 AM","Nov 17, 2024, 12:14 PM","","Rear Delt Reverse Fly (Machine)",,"Low weight for rear delts",1,"normal",45,12,,,
"Back/ Biceps","Nov 17, 2024, 11:09 AM","Nov 17, 2024, 12:14 PM","","Rear Delt Reverse Fly (Machine)",,"Low weight for rear delts",2,"failure",30,21,,,
"Back/ Biceps","Nov 17, 2024, 11:09 AM","Nov 17, 2024, 12:14 PM","","Preacher Curl (Machine)",,"",0,"normal",40,12,,,
"Back/ Biceps","Nov 17, 2024, 11:09 AM","Nov 17, 2024, 12:14 PM","","Preacher Curl (Machine)",,"",1,"normal",45,12,,,
"Back/ Biceps","Nov 17, 2024, 11:09 AM","Nov 17, 2024, 12:14 PM","","Preacher Curl (Machine)",,"",2,"failure",50,8,,,
"Back/ Biceps","Nov 17, 2024, 11:09 AM","Nov 17, 2024, 12:14 PM","","Seated Cable Row - V Grip (Cable)",,"",0,"failure",60,11,,,
"Back/ Biceps","Nov 17, 2024, 11:09 AM","Nov 17, 2024, 12:14 PM","","Seated Cable Row - V Grip (Cable)",,"",1,"failure",35,20,,,
"Chest/Shoulder/Tricep","Nov 16, 2024, 9:10 AM","Nov 16, 2024, 10:41 AM","","Bench Press (Barbell)",,"Kms",0,"warmup",20,15,,,
"Chest/Shoulder/Tricep","Nov 16, 2024, 9:10 AM","Nov 16, 2024, 10:41 AM","","Bench Press (Barbell)",,"Kms",1,"normal",40,12,,,
"Chest/Shoulder/Tricep","Nov 16, 2024, 9:10 AM","Nov 16, 2024, 10:41 AM","","Bench Press (Barbell)",,"Kms",2,"failure",60,10,,,
"Chest/Shoulder/Tricep","Nov 16, 2024, 9:10 AM","Nov 16, 2024, 10:41 AM","","Shoulder Press (Dumbbell)",,"Diff form",0,"normal",20,11,,,
"Chest/Shoulder/Tricep","Nov 16, 2024, 9:10 AM","Nov 16, 2024, 10:41 AM","","Shoulder Press (Dumbbell)",,"Diff form",1,"failure",20,6,,,
"Chest/Shoulder/Tricep","Nov 16, 2024, 9:10 AM","Nov 16, 2024, 10:41 AM","","Shoulder Press (Dumbbell)",,"Diff form",2,"failure",16,9,,,
"Chest/Shoulder/Tricep","Nov 16, 2024, 9:10 AM","Nov 16, 2024, 10:41 AM","","Incline Bench Press (Barbell)",,"Awful",0,"warmup",20,12,,,
"Chest/Shoulder/Tricep","Nov 16, 2024, 9:10 AM","Nov 16, 2024, 10:41 AM","","Incline Bench Press (Barbell)",,"Awful",1,"normal",30,12,,,
"Chest/Shoulder/Tricep","Nov 16, 2024, 9:10 AM","Nov 16, 2024, 10:41 AM","","Incline Bench Press (Barbell)",,"Awful",2,"normal",40,4,,,
"Chest/Shoulder/Tricep","Nov 16, 2024, 9:10 AM","Nov 16, 2024, 10:41 AM","","Lateral Raise (Dumbbell)",,"",0,"normal",6,12,,,
"Chest/Shoulder/Tricep","Nov 16, 2024, 9:10 AM","Nov 16, 2024, 10:41 AM","","Lateral Raise (Dumbbell)",,"",1,"failure",8,12,,,
"Chest/Shoulder/Tricep","Nov 16, 2024, 9:10 AM","Nov 16, 2024, 10:41 AM","","Lateral Raise (Dumbbell)",,"",2,"failure",8,8,,,
"Chest/Shoulder/Tricep","Nov 16, 2024, 9:10 AM","Nov 16, 2024, 10:41 AM","","Triceps Pushdown",,"",0,"warmup",21.25,12,,,
"Chest/Shoulder/Tricep","Nov 16, 2024, 9:10 AM","Nov 16, 2024, 10:41 AM","","Triceps Pushdown",,"",1,"normal",23.75,12,,,
"Chest/Shoulder/Tricep","Nov 16, 2024, 9:10 AM","Nov 16, 2024, 10:41 AM","","Triceps Pushdown",,"",2,"normal",26.25,12,,,
"Chest/Shoulder/Tricep","Nov 16, 2024, 9:10 AM","Nov 16, 2024, 10:41 AM","","Chest Fly (Machine)",,"",0,"normal",60,12,,,
"Chest/Shoulder/Tricep","Nov 16, 2024, 9:10 AM","Nov 16, 2024, 10:41 AM","","Chest Fly (Machine)",,"",1,"normal",65,12,,,
"Chest/Shoulder/Tricep","Nov 16, 2024, 9:10 AM","Nov 16, 2024, 10:41 AM","","Chest Fly (Machine)",,"",2,"failure",70,8,,,
"Chest/Shoulder/Tricep","Nov 16, 2024, 9:10 AM","Nov 16, 2024, 10:41 AM","","Triceps Extension (Machine)",,"",0,"normal",40,12,,,
"Chest/Shoulder/Tricep","Nov 16, 2024, 9:10 AM","Nov 16, 2024, 10:41 AM","","Triceps Extension (Machine)",,"",1,"failure",42.5,12,,,
"Chest/Shoulder/Tricep","Nov 16, 2024, 9:10 AM","Nov 16, 2024, 10:41 AM","","Triceps Extension (Machine)",,"",2,"failure",45,10,,,
"Legs","Nov 14, 2024, 4:04 PM","Nov 14, 2024, 5:04 PM","","Leg Press (Machine)",,"",0,"normal",147,12,,,
"Legs","Nov 14, 2024, 4:04 PM","Nov 14, 2024, 5:04 PM","","Leg Press (Machine)",,"",1,"normal",197,12,,,
"Legs","Nov 14, 2024, 4:04 PM","Nov 14, 2024, 5:04 PM","","Leg Press (Machine)",,"",2,"failure",247,7,,,
"Legs","Nov 14, 2024, 4:04 PM","Nov 14, 2024, 5:04 PM","","Hip Adduction (Machine)",,"Filler",0,"normal",70,12,,,
"Legs","Nov 14, 2024, 4:04 PM","Nov 14, 2024, 5:04 PM","","Lying Leg Curl (Machine)",,"",0,"normal",45,12,,,
"Legs","Nov 14, 2024, 4:04 PM","Nov 14, 2024, 5:04 PM","","Lying Leg Curl (Machine)",,"",1,"normal",50,12,,,
"Legs","Nov 14, 2024, 4:04 PM","Nov 14, 2024, 5:04 PM","","Lying Leg Curl (Machine)",,"",2,"failure",60,7,,,
"Legs","Nov 14, 2024, 4:04 PM","Nov 14, 2024, 5:04 PM","","Seated Calf Raise",,"Need go up",0,"warmup",63,15,,,
"Legs","Nov 14, 2024, 4:04 PM","Nov 14, 2024, 5:04 PM","","Seated Calf Raise",,"Need go up",1,"normal",73,13,,,
"Legs","Nov 14, 2024, 4:04 PM","Nov 14, 2024, 5:04 PM","","Seated Calf Raise",,"Need go up",2,"failure",93,15,,,
"Legs","Nov 14, 2024, 4:04 PM","Nov 14, 2024, 5:04 PM","","Hip Abduction (Machine)",,"Filler",0,"normal",65,12,,,
"Legs","Nov 14, 2024, 4:04 PM","Nov 14, 2024, 5:04 PM","","Leg Extension (Machine)",,"",0,"normal",70,12,,,
"Legs","Nov 14, 2024, 4:04 PM","Nov 14, 2024, 5:04 PM","","Leg Extension (Machine)",,"",1,"normal",85,12,,,
"Legs","Nov 14, 2024, 4:04 PM","Nov 14, 2024, 5:04 PM","","Leg Extension (Machine)",,"",2,"failure",110,8,,,
"Back/ Biceps","Nov 13, 2024, 3:57 PM","Nov 13, 2024, 4:52 PM","","Pull Up (Assisted)",,"",0,"normal",37.5,12,,,
"Back/ Biceps","Nov 13, 2024, 3:57 PM","Nov 13, 2024, 4:52 PM","","Pull Up (Assisted)",,"",1,"failure",34.38,9,,,
"Back/ Biceps","Nov 13, 2024, 3:57 PM","Nov 13, 2024, 4:52 PM","","Pull Up (Assisted)",,"",2,"failure",34.38,7,,,
"Back/ Biceps","Nov 13, 2024, 3:57 PM","Nov 13, 2024, 4:52 PM","","Hammer Curl (Dumbbell)",,"",0,"normal",12,12,,,
"Back/ Biceps","Nov 13, 2024, 3:57 PM","Nov 13, 2024, 4:52 PM","","Hammer Curl (Dumbbell)",,"",1,"failure",14,10,,,
"Back/ Biceps","Nov 13, 2024, 3:57 PM","Nov 13, 2024, 4:52 PM","","Hammer Curl (Dumbbell)",,"",2,"failure",16,7,,,
"Back/ Biceps","Nov 13, 2024, 3:57 PM","Nov 13, 2024, 4:52 PM","","Iso-Lateral Row (Machine)",,"Same as last time - Total w",0,"warmup",91,12,,,
"Back/ Biceps","Nov 13, 2024, 3:57 PM","Nov 13, 2024, 4:52 PM","","Iso-Lateral Row (Machine)",,"Same as last time - Total w",1,"failure",121,11,,,
"Back/ Biceps","Nov 13, 2024, 3:57 PM","Nov 13, 2024, 4:52 PM","","Iso-Lateral Row (Machine)",,"Same as last time - Total w",2,"failure",131,7,,,
"Back/ Biceps","Nov 13, 2024, 3:57 PM","Nov 13, 2024, 4:52 PM","","Preacher Curl (Machine)",,"",0,"normal",40,12,,,
"Back/ Biceps","Nov 13, 2024, 3:57 PM","Nov 13, 2024, 4:52 PM","","Preacher Curl (Machine)",,"",1,"failure",45,8,,,
"Back/ Biceps","Nov 13, 2024, 3:57 PM","Nov 13, 2024, 4:52 PM","","Preacher Curl (Machine)",,"",2,"failure",50,7,,,
"Back/ Biceps","Nov 13, 2024, 3:57 PM","Nov 13, 2024, 4:52 PM","","Deadlift (Barbell)",,"Bit scary to go to failure",0,"warmup",30,12,,,
"Back/ Biceps","Nov 13, 2024, 3:57 PM","Nov 13, 2024, 4:52 PM","","Deadlift (Barbell)",,"Bit scary to go to failure",1,"normal",60,6,,,
"Back/ Biceps","Nov 13, 2024, 3:57 PM","Nov 13, 2024, 4:52 PM","","Deadlift (Barbell)",,"Bit scary to go to failure",2,"normal",80,5,,,
"Chest/Shoulder/Tricep","Nov 12, 2024, 5:13 PM","Nov 12, 2024, 6:01 PM","Actually the busiest I’ve ever seen it","Bench Press (Barbell)",,"Middle set maybe go up? (Same on 60 = kms)",0,"warmup",20,15,,,
"Chest/Shoulder/Tricep","Nov 12, 2024, 5:13 PM","Nov 12, 2024, 6:01 PM","Actually the busiest I’ve ever seen it","Bench Press (Barbell)",,"Middle set maybe go up? (Same on 60 = kms)",1,"normal",40,12,,,
"Chest/Shoulder/Tricep","Nov 12, 2024, 5:13 PM","Nov 12, 2024, 6:01 PM","Actually the busiest I’ve ever seen it","Bench Press (Barbell)",,"Middle set maybe go up? (Same on 60 = kms)",2,"failure",60,10,,,
"Chest/Shoulder/Tricep","Nov 12, 2024, 5:13 PM","Nov 12, 2024, 6:01 PM","Actually the busiest I’ve ever seen it","Triceps Extension (Machine)",,"Filler",0,"normal",40,12,,,
"Chest/Shoulder/Tricep","Nov 12, 2024, 5:13 PM","Nov 12, 2024, 6:01 PM","Actually the busiest I’ve ever seen it","Triceps Extension (Machine)",,"Filler",1,"failure",42.5,11,,,
"Chest/Shoulder/Tricep","Nov 12, 2024, 5:13 PM","Nov 12, 2024, 6:01 PM","Actually the busiest I’ve ever seen it","Incline Chest Press (Machine)",,"Includes base w",0,"normal",50,12,,,
"Chest/Shoulder/Tricep","Nov 12, 2024, 5:13 PM","Nov 12, 2024, 6:01 PM","Actually the busiest I’ve ever seen it","Incline Chest Press (Machine)",,"Includes base w",1,"failure",60,9,,,
"Chest/Shoulder/Tricep","Nov 12, 2024, 5:13 PM","Nov 12, 2024, 6:01 PM","Actually the busiest I’ve ever seen it","Incline Chest Press (Machine)",,"Includes base w",2,"failure",70,5,,,
"Chest/Shoulder/Tricep","Nov 12, 2024, 5:13 PM","Nov 12, 2024, 6:01 PM","Actually the busiest I’ve ever seen it","Shoulder Press (Dumbbell)",,"Fucked up excercise order
W is per arm",0,"normal",20,10,,,
"Chest/Shoulder/Tricep","Nov 12, 2024, 5:13 PM","Nov 12, 2024, 6:01 PM","Actually the busiest I’ve ever seen it","Shoulder Press (Dumbbell)",,"Fucked up excercise order
W is per arm",1,"failure",20,9,,,
"Chest/Shoulder/Tricep","Nov 12, 2024, 5:13 PM","Nov 12, 2024, 6:01 PM","Actually the busiest I’ve ever seen it","Shoulder Press (Dumbbell)",,"Fucked up excercise order
W is per arm",2,"failure",22,5,,,
"Chest/Shoulder/Tricep","Nov 12, 2024, 5:13 PM","Nov 12, 2024, 6:01 PM","Actually the busiest I’ve ever seen it","Triceps Pushdown",,"Straight bar",0,"warmup",21.25,12,,,
"Chest/Shoulder/Tricep","Nov 12, 2024, 5:13 PM","Nov 12, 2024, 6:01 PM","Actually the busiest I’ve ever seen it","Triceps Pushdown",,"Straight bar",1,"normal",23.75,12,,,
"Chest/Shoulder/Tricep","Nov 12, 2024, 5:13 PM","Nov 12, 2024, 6:01 PM","Actually the busiest I’ve ever seen it","Triceps Pushdown",,"Straight bar",2,"failure",26.25,8,,,
"Back/ Biceps","Nov 10, 2024, 5:15 PM","Nov 10, 2024, 6:06 PM","Gym fucking closed","Lat Pulldown (Cable)",,"Long grip",0,"normal",54,12,,,
"Back/ Biceps","Nov 10, 2024, 5:15 PM","Nov 10, 2024, 6:06 PM","Gym fucking closed","Lat Pulldown (Cable)",,"Long grip",1,"normal",61,9,,,
"Back/ Biceps","Nov 10, 2024, 5:15 PM","Nov 10, 2024, 6:06 PM","Gym fucking closed","Lat Pulldown (Cable)",,"Long grip",2,"failure",61,7,,,
"Back/ Biceps","Nov 10, 2024, 5:15 PM","Nov 10, 2024, 6:06 PM","Gym fucking closed","Hammer Curl (Dumbbell)",,"Fell off",0,"normal",12,12,,,
"Back/ Biceps","Nov 10, 2024, 5:15 PM","Nov 10, 2024, 6:06 PM","Gym fucking closed","Hammer Curl (Dumbbell)",,"Fell off",1,"failure",14,10,,,
"Back/ Biceps","Nov 10, 2024, 5:15 PM","Nov 10, 2024, 6:06 PM","Gym fucking closed","Hammer Curl (Dumbbell)",,"Fell off",2,"failure",16,6,,,
"Back/ Biceps","Nov 10, 2024, 5:15 PM","Nov 10, 2024, 6:06 PM","Gym fucking closed","Iso-Lateral Row (Machine)",,"Used hori grip - still a W",0,"warmup",91,15,,,
"Back/ Biceps","Nov 10, 2024, 5:15 PM","Nov 10, 2024, 6:06 PM","Gym fucking closed","Iso-Lateral Row (Machine)",,"Used hori grip - still a W",1,"failure",121,10,,,
"Back/ Biceps","Nov 10, 2024, 5:15 PM","Nov 10, 2024, 6:06 PM","Gym fucking closed","Iso-Lateral Row (Machine)",,"Used hori grip - still a W",2,"failure",131,7,,,
"Back/ Biceps","Nov 10, 2024, 5:15 PM","Nov 10, 2024, 6:06 PM","Gym fucking closed","Preacher Curl (Machine)",,"",0,"normal",40,12,,,
"Back/ Biceps","Nov 10, 2024, 5:15 PM","Nov 10, 2024, 6:06 PM","Gym fucking closed","Preacher Curl (Machine)",,"",1,"failure",45,8,,,
"Back/ Biceps","Nov 10, 2024, 5:15 PM","Nov 10, 2024, 6:06 PM","Gym fucking closed","Preacher Curl (Machine)",,"",2,"failure",50,5,,,
"Back/ Biceps","Nov 10, 2024, 5:15 PM","Nov 10, 2024, 6:06 PM","Gym fucking closed","Rear Delt Reverse Fly (Machine)",,"",0,"normal",40,12,,,
"Back/ Biceps","Nov 10, 2024, 5:15 PM","Nov 10, 2024, 6:06 PM","Gym fucking closed","Rear Delt Reverse Fly (Machine)",,"",1,"normal",42.5,12,,,
"Back/ Biceps","Nov 10, 2024, 5:15 PM","Nov 10, 2024, 6:06 PM","Gym fucking closed","Rear Delt Reverse Fly (Machine)",,"",2,"failure",50,8,,,
"Chest/Shoulder/Tricep","Nov 9, 2024, 8:14 AM","Nov 9, 2024, 9:16 AM","","Bench Press (Barbell)",,"",0,"warmup",20,20,,,
"Chest/Shoulder/Tricep","Nov 9, 2024, 8:14 AM","Nov 9, 2024, 9:16 AM","","Bench Press (Barbell)",,"",1,"normal",40,12,,,
"Chest/Shoulder/Tricep","Nov 9, 2024, 8:14 AM","Nov 9, 2024, 9:16 AM","","Bench Press (Barbell)",,"",2,"failure",60,10,,,
"Chest/Shoulder/Tricep","Nov 9, 2024, 8:14 AM","Nov 9, 2024, 9:16 AM","","Shoulder Press (Dumbbell)",,"",0,"normal",18,12,,,
"Chest/Shoulder/Tricep","Nov 9, 2024, 8:14 AM","Nov 9, 2024, 9:16 AM","","Shoulder Press (Dumbbell)",,"",1,"failure",20,10,,,
"Chest/Shoulder/Tricep","Nov 9, 2024, 8:14 AM","Nov 9, 2024, 9:16 AM","","Shoulder Press (Dumbbell)",,"",2,"failure",22,7,,,
"Chest/Shoulder/Tricep","Nov 9, 2024, 8:14 AM","Nov 9, 2024, 9:16 AM","","Triceps Extension (Machine)",,"",0,"failure",40,12,,,
"Chest/Shoulder/Tricep","Nov 9, 2024, 8:14 AM","Nov 9, 2024, 9:16 AM","","Triceps Extension (Machine)",,"",1,"failure",42.5,10,,,
"Chest/Shoulder/Tricep","Nov 9, 2024, 8:14 AM","Nov 9, 2024, 9:16 AM","","Triceps Extension (Machine)",,"",2,"failure",45,7,,,
"Chest/Shoulder/Tricep","Nov 9, 2024, 8:14 AM","Nov 9, 2024, 9:16 AM","","Chest Fly (Machine)",,"",0,"normal",60,12,,,
"Chest/Shoulder/Tricep","Nov 9, 2024, 8:14 AM","Nov 9, 2024, 9:16 AM","","Chest Fly (Machine)",,"",1,"failure",65,12,,,
"Chest/Shoulder/Tricep","Nov 9, 2024, 8:14 AM","Nov 9, 2024, 9:16 AM","","Chest Fly (Machine)",,"",2,"failure",70,9,,,
"Legs","Nov 7, 2024, 4:09 PM","Nov 7, 2024, 5:12 PM","","Squat (Barbell)",,"",0,"normal",40,10,,,
"Legs","Nov 7, 2024, 4:09 PM","Nov 7, 2024, 5:12 PM","","Squat (Barbell)",,"",1,"normal",50,10,,,
"Legs","Nov 7, 2024, 4:09 PM","Nov 7, 2024, 5:12 PM","","Squat (Barbell)",,"",2,"failure",60,8,,,
"Legs","Nov 7, 2024, 4:09 PM","Nov 7, 2024, 5:12 PM","","Seated Calf Raise",,"",0,"warmup",63,15,,,
"Legs","Nov 7, 2024, 4:09 PM","Nov 7, 2024, 5:12 PM","","Seated Calf Raise",,"",1,"normal",73,13,,,
"Legs","Nov 7, 2024, 4:09 PM","Nov 7, 2024, 5:12 PM","","Seated Calf Raise",,"",2,"failure",93,12,,,
"Legs","Nov 7, 2024, 4:09 PM","Nov 7, 2024, 5:12 PM","","Lying Leg Curl (Machine)",,"",0,"normal",40,12,,,
"Legs","Nov 7, 2024, 4:09 PM","Nov 7, 2024, 5:12 PM","","Lying Leg Curl (Machine)",,"",1,"normal",45,12,,,
"Legs","Nov 7, 2024, 4:09 PM","Nov 7, 2024, 5:12 PM","","Lying Leg Curl (Machine)",,"",2,"failure",60,7,,,
"Legs","Nov 7, 2024, 4:09 PM","Nov 7, 2024, 5:12 PM","","Leg Extension (Machine)",,"",0,"normal",70,12,,,
"Legs","Nov 7, 2024, 4:09 PM","Nov 7, 2024, 5:12 PM","","Leg Extension (Machine)",,"",1,"normal",80,12,,,
"Legs","Nov 7, 2024, 4:09 PM","Nov 7, 2024, 5:12 PM","","Leg Extension (Machine)",,"",2,"failure",110,7,,,
"Back/ Biceps","Nov 6, 2024, 2:47 PM","Nov 6, 2024, 4:01 PM","","Lat Pulldown (Cable)",,"Diff grip",0,"normal",47,12,,,
"Back/ Biceps","Nov 6, 2024, 2:47 PM","Nov 6, 2024, 4:01 PM","","Lat Pulldown (Cable)",,"Diff grip",1,"normal",54,12,,,
"Back/ Biceps","Nov 6, 2024, 2:47 PM","Nov 6, 2024, 4:01 PM","","Lat Pulldown (Cable)",,"Diff grip",2,"failure",61,5,,,
"Back/ Biceps","Nov 6, 2024, 2:47 PM","Nov 6, 2024, 4:01 PM","","Hammer Curl (Dumbbell)",,"",0,"normal",12,12,,,
"Back/ Biceps","Nov 6, 2024, 2:47 PM","Nov 6, 2024, 4:01 PM","","Hammer Curl (Dumbbell)",,"",1,"failure",14,9,,,
"Back/ Biceps","Nov 6, 2024, 2:47 PM","Nov 6, 2024, 4:01 PM","","Hammer Curl (Dumbbell)",,"",2,"failure",16,5,,,
"Back/ Biceps","Nov 6, 2024, 2:47 PM","Nov 6, 2024, 4:01 PM","","Iso-Lateral Row (Machine)",,"",0,"normal",91,12,,,
"Back/ Biceps","Nov 6, 2024, 2:47 PM","Nov 6, 2024, 4:01 PM","","Iso-Lateral Row (Machine)",,"",1,"normal",101,12,,,
"Back/ Biceps","Nov 6, 2024, 2:47 PM","Nov 6, 2024, 4:01 PM","","Iso-Lateral Row (Machine)",,"",2,"failure",121,8,,,
"Back/ Biceps","Nov 6, 2024, 2:47 PM","Nov 6, 2024, 4:01 PM","","Rear Delt Reverse Fly (Machine)",,"",0,"normal",40,12,,,
"Back/ Biceps","Nov 6, 2024, 2:47 PM","Nov 6, 2024, 4:01 PM","","Rear Delt Reverse Fly (Machine)",,"",1,"normal",42.5,12,,,
"Back/ Biceps","Nov 6, 2024, 2:47 PM","Nov 6, 2024, 4:01 PM","","Rear Delt Reverse Fly (Machine)",,"",2,"failure",45,12,,,
"Back/ Biceps","Nov 6, 2024, 2:47 PM","Nov 6, 2024, 4:01 PM","","Preacher Curl (Machine)",,"",0,"normal",40,12,,,
"Back/ Biceps","Nov 6, 2024, 2:47 PM","Nov 6, 2024, 4:01 PM","","Preacher Curl (Machine)",,"",1,"normal",42.5,11,,,
"Back/ Biceps","Nov 6, 2024, 2:47 PM","Nov 6, 2024, 4:01 PM","","Preacher Curl (Machine)",,"",2,"failure",45,9,,,
"Back/ Biceps","Nov 6, 2024, 2:47 PM","Nov 6, 2024, 4:01 PM","","Seated Cable Row - V Grip (Cable)",,"Finisher",0,"failure",60,10,,,
"Back/ Biceps","Nov 6, 2024, 2:47 PM","Nov 6, 2024, 4:01 PM","","Seated Cable Row - V Grip (Cable)",,"Finisher",1,"failure",70,5,,,
"Chest/Shoulder/Tricep","Nov 5, 2024, 4:01 PM","Nov 5, 2024, 5:17 PM","","Shoulder Press (Dumbbell)",,"More depth achieved (went down further)",0,"normal",18,12,,,
"Chest/Shoulder/Tricep","Nov 5, 2024, 4:01 PM","Nov 5, 2024, 5:17 PM","","Shoulder Press (Dumbbell)",,"More depth achieved (went down further)",1,"failure",20,8,,,
"Chest/Shoulder/Tricep","Nov 5, 2024, 4:01 PM","Nov 5, 2024, 5:17 PM","","Shoulder Press (Dumbbell)",,"More depth achieved (went down further)",2,"failure",20,7,,,
"Chest/Shoulder/Tricep","Nov 5, 2024, 4:01 PM","Nov 5, 2024, 5:17 PM","","Chest Fly (Machine)",0,"",0,"normal",60,12,,,
"Chest/Shoulder/Tricep","Nov 5, 2024, 4:01 PM","Nov 5, 2024, 5:17 PM","","Chest Fly (Machine)",0,"",1,"normal",65,11,,,
"Chest/Shoulder/Tricep","Nov 5, 2024, 4:01 PM","Nov 5, 2024, 5:17 PM","","Triceps Extension (Machine)",0,"",0,"failure",40,11,,,
"Chest/Shoulder/Tricep","Nov 5, 2024, 4:01 PM","Nov 5, 2024, 5:17 PM","","Triceps Extension (Machine)",0,"",1,"normal",40,8,,,
"Chest/Shoulder/Tricep","Nov 5, 2024, 4:01 PM","Nov 5, 2024, 5:17 PM","","Triceps Extension (Machine)",0,"",2,"normal",40,8,,,
"Chest/Shoulder/Tricep","Nov 5, 2024, 4:01 PM","Nov 5, 2024, 5:17 PM","","Bench Press (Barbell)",,"Im killing myself",0,"warmup",20,15,,,
"Chest/Shoulder/Tricep","Nov 5, 2024, 4:01 PM","Nov 5, 2024, 5:17 PM","","Bench Press (Barbell)",,"Im killing myself",1,"normal",40,12,,,
"Chest/Shoulder/Tricep","Nov 5, 2024, 4:01 PM","Nov 5, 2024, 5:17 PM","","Bench Press (Barbell)",,"Im killing myself",2,"failure",60,4,,,
"Chest/Shoulder/Tricep","Nov 5, 2024, 4:01 PM","Nov 5, 2024, 5:17 PM","","Lateral Raise (Dumbbell)",,"",0,"normal",6,12,,,
"Chest/Shoulder/Tricep","Nov 5, 2024, 4:01 PM","Nov 5, 2024, 5:17 PM","","Lateral Raise (Dumbbell)",,"",1,"failure",8,10,,,
"Chest/Shoulder/Tricep","Nov 5, 2024, 4:01 PM","Nov 5, 2024, 5:17 PM","","Lateral Raise (Dumbbell)",,"",2,"failure",8,8,,,
"Chest/Shoulder/Tricep","Nov 5, 2024, 4:01 PM","Nov 5, 2024, 5:17 PM","","Incline Bench Press (Dumbbell)",,"",0,"failure",20,6,,,
"Chest/Shoulder/Tricep","Nov 5, 2024, 4:01 PM","Nov 5, 2024, 5:17 PM","","Incline Bench Press (Dumbbell)",,"",1,"failure",20,7,,,
"Chest/Shoulder/Tricep","Nov 5, 2024, 4:01 PM","Nov 5, 2024, 5:17 PM","","Incline Bench Press (Dumbbell)",,"",2,"failure",20,4,,,
"Chest/Shoulder/Tricep","Nov 5, 2024, 4:01 PM","Nov 5, 2024, 5:17 PM","","Triceps Pushdown",,"",0,"normal",21.25,12,,,
"Chest/Shoulder/Tricep","Nov 5, 2024, 4:01 PM","Nov 5, 2024, 5:17 PM","","Triceps Pushdown",,"",1,"failure",25,12,,,
"Chest/Shoulder/Tricep","Nov 5, 2024, 4:01 PM","Nov 5, 2024, 5:17 PM","","Triceps Pushdown",,"",2,"failure",25,10,,,
"Back/ Biceps","Nov 3, 2024, 11:06 AM","Nov 3, 2024, 12:09 PM","","Pull Up (Assisted)",,"",0,"normal",37.5,12,,,
"Back/ Biceps","Nov 3, 2024, 11:06 AM","Nov 3, 2024, 12:09 PM","","Pull Up (Assisted)",,"",1,"failure",34.38,10,,,
"Back/ Biceps","Nov 3, 2024, 11:06 AM","Nov 3, 2024, 12:09 PM","","Pull Up (Assisted)",,"",2,"failure",34.38,7,,,
"Back/ Biceps","Nov 3, 2024, 11:06 AM","Nov 3, 2024, 12:09 PM","","Hammer Curl (Dumbbell)",,"",0,"normal",10,12,,,
"Back/ Biceps","Nov 3, 2024, 11:06 AM","Nov 3, 2024, 12:09 PM","","Hammer Curl (Dumbbell)",,"",1,"normal",12,12,,,
"Back/ Biceps","Nov 3, 2024, 11:06 AM","Nov 3, 2024, 12:09 PM","","Hammer Curl (Dumbbell)",,"",2,"failure",14,6,,,
"Back/ Biceps","Nov 3, 2024, 11:06 AM","Nov 3, 2024, 12:09 PM","","Iso-Lateral Row (Machine)",,"",0,"warmup",51,12,,,
"Back/ Biceps","Nov 3, 2024, 11:06 AM","Nov 3, 2024, 12:09 PM","","Iso-Lateral Row (Machine)",,"",1,"normal",91,12,,,
"Back/ Biceps","Nov 3, 2024, 11:06 AM","Nov 3, 2024, 12:09 PM","","Iso-Lateral Row (Machine)",,"",2,"failure",121,7,,,
"Back/ Biceps","Nov 3, 2024, 11:06 AM","Nov 3, 2024, 12:09 PM","","Preacher Curl (Machine)",,"",0,"normal",40,12,,,
"Back/ Biceps","Nov 3, 2024, 11:06 AM","Nov 3, 2024, 12:09 PM","","Preacher Curl (Machine)",,"",1,"normal",42.5,11,,,
"Back/ Biceps","Nov 3, 2024, 11:06 AM","Nov 3, 2024, 12:09 PM","","Preacher Curl (Machine)",,"",2,"failure",45,7,,,
"Back/ Biceps","Nov 3, 2024, 11:06 AM","Nov 3, 2024, 12:09 PM","","Rear Delt Reverse Fly (Machine)",,"",0,"normal",40,12,,,
"Back/ Biceps","Nov 3, 2024, 11:06 AM","Nov 3, 2024, 12:09 PM","","Rear Delt Reverse Fly (Machine)",,"",1,"normal",42.5,12,,,
"Back/ Biceps","Nov 3, 2024, 11:06 AM","Nov 3, 2024, 12:09 PM","","Rear Delt Reverse Fly (Machine)",,"",2,"failure",45,10,,,
"Chest/Shoulder/Tricep","Nov 2, 2024, 11:08 AM","Nov 2, 2024, 12:18 PM","","Bench Press (Barbell)",,"",0,"warmup",20,15,,,
"Chest/Shoulder/Tricep","Nov 2, 2024, 11:08 AM","Nov 2, 2024, 12:18 PM","","Bench Press (Barbell)",,"",1,"normal",40,12,,,
"Chest/Shoulder/Tricep","Nov 2, 2024, 11:08 AM","Nov 2, 2024, 12:18 PM","","Bench Press (Barbell)",,"",2,"failure",60,10,,,
"Chest/Shoulder/Tricep","Nov 2, 2024, 11:08 AM","Nov 2, 2024, 12:18 PM","","Shoulder Press (Dumbbell)",,"",0,"normal",18,12,,,
"Chest/Shoulder/Tricep","Nov 2, 2024, 11:08 AM","Nov 2, 2024, 12:18 PM","","Shoulder Press (Dumbbell)",,"",1,"normal",18,12,,,
"Chest/Shoulder/Tricep","Nov 2, 2024, 11:08 AM","Nov 2, 2024, 12:18 PM","","Shoulder Press (Dumbbell)",,"",2,"failure",24,8,,,
"Chest/Shoulder/Tricep","Nov 2, 2024, 11:08 AM","Nov 2, 2024, 12:18 PM","","Lateral Raise (Dumbbell)",,"",0,"normal",6,12,,,
"Chest/Shoulder/Tricep","Nov 2, 2024, 11:08 AM","Nov 2, 2024, 12:18 PM","","Lateral Raise (Dumbbell)",,"",1,"failure",8,10,,,
"Chest/Shoulder/Tricep","Nov 2, 2024, 11:08 AM","Nov 2, 2024, 12:18 PM","","Lateral Raise (Dumbbell)",,"",2,"failure",8,8,,,
"Chest/Shoulder/Tricep","Nov 2, 2024, 11:08 AM","Nov 2, 2024, 12:18 PM","","Chest Fly (Machine)",,"",0,"normal",55,12,,,
"Chest/Shoulder/Tricep","Nov 2, 2024, 11:08 AM","Nov 2, 2024, 12:18 PM","","Chest Fly (Machine)",,"",1,"normal",65,12,,,
"Chest/Shoulder/Tricep","Nov 2, 2024, 11:08 AM","Nov 2, 2024, 12:18 PM","","Chest Fly (Machine)",,"",2,"failure",70,8,,,
"Chest/Shoulder/Tricep","Nov 2, 2024, 11:08 AM","Nov 2, 2024, 12:18 PM","","Incline Bench Press (Barbell)",,"First time - high rep range",0,"normal",20,12,,,
"Chest/Shoulder/Tricep","Nov 2, 2024, 11:08 AM","Nov 2, 2024, 12:18 PM","","Incline Bench Press (Barbell)",,"First time - high rep range",1,"normal",30,12,,,
"Chest/Shoulder/Tricep","Nov 2, 2024, 11:08 AM","Nov 2, 2024, 12:18 PM","","Incline Bench Press (Barbell)",,"First time - high rep range",2,"failure",25,19,,,
"Chest/Shoulder/Tricep","Nov 2, 2024, 11:08 AM","Nov 2, 2024, 12:18 PM","","Triceps Pushdown",,"",0,"normal",18.75,12,,,
"Chest/Shoulder/Tricep","Nov 2, 2024, 11:08 AM","Nov 2, 2024, 12:18 PM","","Triceps Pushdown",,"",1,"normal",21.25,12,,,
"Chest/Shoulder/Tricep","Nov 2, 2024, 11:08 AM","Nov 2, 2024, 12:18 PM","","Triceps Pushdown",,"",2,"failure",26.25,11,,,
"Legs","Oct 31, 2024, 4:07 PM","Oct 31, 2024, 4:27 PM","Got kicked out","Squat (Barbell)",,"",0,"normal",40,12,,,
"Legs","Oct 31, 2024, 4:07 PM","Oct 31, 2024, 4:27 PM","Got kicked out","Squat (Barbell)",,"",1,"normal",50,10,,,
"Back/ Biceps","Oct 30, 2024, 4:06 PM","Oct 30, 2024, 5:04 PM","","Lat Pulldown (Cable)",,"",0,"normal",54,12,,,
"Back/ Biceps","Oct 30, 2024, 4:06 PM","Oct 30, 2024, 5:04 PM","","Lat Pulldown (Cable)",,"",1,"failure",61,10,,,
"Back/ Biceps","Oct 30, 2024, 4:06 PM","Oct 30, 2024, 5:04 PM","","Lat Pulldown (Cable)",,"",2,"failure",68,5,,,
"Back/ Biceps","Oct 30, 2024, 4:06 PM","Oct 30, 2024, 5:04 PM","","Hammer Curl (Dumbbell)",,"Maybe go up",0,"normal",10,12,,,
"Back/ Biceps","Oct 30, 2024, 4:06 PM","Oct 30, 2024, 5:04 PM","","Hammer Curl (Dumbbell)",,"Maybe go up",1,"normal",12,12,,,
"Back/ Biceps","Oct 30, 2024, 4:06 PM","Oct 30, 2024, 5:04 PM","","Hammer Curl (Dumbbell)",,"Maybe go up",2,"failure",14,9,,,
"Back/ Biceps","Oct 30, 2024, 4:06 PM","Oct 30, 2024, 5:04 PM","","Iso-Lateral Row (Machine)",,"",0,"warmup",61,12,,,
"Back/ Biceps","Oct 30, 2024, 4:06 PM","Oct 30, 2024, 5:04 PM","","Iso-Lateral Row (Machine)",,"",1,"normal",91,12,,,
"Back/ Biceps","Oct 30, 2024, 4:06 PM","Oct 30, 2024, 5:04 PM","","Iso-Lateral Row (Machine)",,"",2,"failure",121,7,,,
"Back/ Biceps","Oct 30, 2024, 4:06 PM","Oct 30, 2024, 5:04 PM","","Bicep Curl (Cable)",,"Bayesian curls - w is per side",0,"normal",6.25,12,,,
"Back/ Biceps","Oct 30, 2024, 4:06 PM","Oct 30, 2024, 5:04 PM","","Bicep Curl (Cable)",,"Bayesian curls - w is per side",1,"normal",8.75,12,,,
"Back/ Biceps","Oct 30, 2024, 4:06 PM","Oct 30, 2024, 5:04 PM","","Bicep Curl (Cable)",,"Bayesian curls - w is per side",2,"failure",11.25,7,,,
"Back/ Biceps","Oct 30, 2024, 4:06 PM","Oct 30, 2024, 5:04 PM","","Rear Delt Reverse Fly (Machine)",,"",0,"normal",35,12,,,
"Back/ Biceps","Oct 30, 2024, 4:06 PM","Oct 30, 2024, 5:04 PM","","Rear Delt Reverse Fly (Machine)",,"",1,"normal",42.5,12,,,
"Back/ Biceps","Oct 30, 2024, 4:06 PM","Oct 30, 2024, 5:04 PM","","Rear Delt Reverse Fly (Machine)",,"",2,"failure",45,10,,,
"Chest/Shoulder/Tricep","Oct 29, 2024, 4:11 PM","Oct 29, 2024, 5:23 PM","+ bicep","Bench Press (Barbell)",,"",0,"warmup",20,15,,,
"Chest/Shoulder/Tricep","Oct 29, 2024, 4:11 PM","Oct 29, 2024, 5:23 PM","+ bicep","Bench Press (Barbell)",,"",1,"normal",40,12,,,
"Chest/Shoulder/Tricep","Oct 29, 2024, 4:11 PM","Oct 29, 2024, 5:23 PM","+ bicep","Bench Press (Barbell)",,"",2,"failure",60,8,,,
"Chest/Shoulder/Tricep","Oct 29, 2024, 4:11 PM","Oct 29, 2024, 5:23 PM","+ bicep","Shoulder Press (Dumbbell)",,"",0,"normal",16,12,,,
"Chest/Shoulder/Tricep","Oct 29, 2024, 4:11 PM","Oct 29, 2024, 5:23 PM","+ bicep","Shoulder Press (Dumbbell)",,"",1,"normal",18,12,,,
"Chest/Shoulder/Tricep","Oct 29, 2024, 4:11 PM","Oct 29, 2024, 5:23 PM","+ bicep","Shoulder Press (Dumbbell)",,"",2,"failure",24,6,,,
"Chest/Shoulder/Tricep","Oct 29, 2024, 4:11 PM","Oct 29, 2024, 5:23 PM","+ bicep","Chest Fly (Machine)",,"",0,"normal",50,12,,,
"Chest/Shoulder/Tricep","Oct 29, 2024, 4:11 PM","Oct 29, 2024, 5:23 PM","+ bicep","Chest Fly (Machine)",,"",1,"normal",60,12,,,
"Chest/Shoulder/Tricep","Oct 29, 2024, 4:11 PM","Oct 29, 2024, 5:23 PM","+ bicep","Chest Fly (Machine)",,"",2,"failure",70,7,,,
"Chest/Shoulder/Tricep","Oct 29, 2024, 4:11 PM","Oct 29, 2024, 5:23 PM","+ bicep","Lateral Raise (Dumbbell)",,"Form diff again",0,"normal",6,12,,,
"Chest/Shoulder/Tricep","Oct 29, 2024, 4:11 PM","Oct 29, 2024, 5:23 PM","+ bicep","Lateral Raise (Dumbbell)",,"Form diff again",1,"normal",6,12,,,
"Chest/Shoulder/Tricep","Oct 29, 2024, 4:11 PM","Oct 29, 2024, 5:23 PM","+ bicep","Lateral Raise (Dumbbell)",,"Form diff again",2,"failure",8,6,,,
"Chest/Shoulder/Tricep","Oct 29, 2024, 4:11 PM","Oct 29, 2024, 5:23 PM","+ bicep","Triceps Pushdown",,"Diff bar",0,"normal",17.5,12,,,
"Chest/Shoulder/Tricep","Oct 29, 2024, 4:11 PM","Oct 29, 2024, 5:23 PM","+ bicep","Triceps Pushdown",,"Diff bar",1,"normal",21.25,12,,,
"Chest/Shoulder/Tricep","Oct 29, 2024, 4:11 PM","Oct 29, 2024, 5:23 PM","+ bicep","Triceps Pushdown",,"Diff bar",2,"failure",25,11,,,
"Chest/Shoulder/Tricep","Oct 29, 2024, 4:11 PM","Oct 29, 2024, 5:23 PM","+ bicep","Preacher Curl (Machine)",,"Filler",0,"normal",40,12,,,
"Chest/Shoulder/Tricep","Oct 29, 2024, 4:11 PM","Oct 29, 2024, 5:23 PM","+ bicep","Preacher Curl (Machine)",,"Filler",1,"failure",42.5,13,,,
"Chest/Shoulder/Tricep","Oct 29, 2024, 4:11 PM","Oct 29, 2024, 5:23 PM","+ bicep","Preacher Curl (Machine)",,"Filler",2,"failure",45,8,,,
"Chest/Shoulder/Tricep","Oct 29, 2024, 4:11 PM","Oct 29, 2024, 5:23 PM","+ bicep","Lat Pulldown (Cable)",,"Filler",0,"normal",54,12,,,
"Chest/Shoulder/Tricep","Oct 29, 2024, 4:11 PM","Oct 29, 2024, 5:23 PM","+ bicep","Lat Pulldown (Cable)",,"Filler",1,"failure",61,8,,,
"Chest/Shoulder/Tricep","Oct 29, 2024, 4:11 PM","Oct 29, 2024, 5:23 PM","+ bicep","Triceps Extension (Machine)",,"Machine busy as shit",0,"normal",35,12,,,
"Chest/Shoulder/Tricep","Oct 29, 2024, 4:11 PM","Oct 29, 2024, 5:23 PM","+ bicep","Triceps Extension (Machine)",,"Machine busy as shit",1,"normal",40,10,,,
"Random","Oct 24, 2024, 7:24 AM","Oct 24, 2024, 7:56 AM","+ other shit","Incline Bench Press (Smith Machine)",,"Odd order",0,"normal",30,10,,,
"Random","Oct 24, 2024, 7:24 AM","Oct 24, 2024, 7:56 AM","+ other shit","Incline Bench Press (Smith Machine)",,"Odd order",1,"normal",50,10,,,
"Random","Oct 24, 2024, 7:24 AM","Oct 24, 2024, 7:56 AM","+ other shit","Incline Bench Press (Smith Machine)",,"Odd order",2,"failure",70,4,,,
"Random","Oct 24, 2024, 7:24 AM","Oct 24, 2024, 7:56 AM","+ other shit","Incline Bench Press (Smith Machine)",,"Odd order",3,"failure",60,6,,,
"Random","Oct 24, 2024, 7:24 AM","Oct 24, 2024, 7:56 AM","+ other shit","Incline Bench Press (Smith Machine)",,"Odd order",4,"normal",50,8,,,
"Random","Oct 24, 2024, 7:24 AM","Oct 24, 2024, 7:56 AM","+ other shit","Single Arm Lat Pulldown",,"W is per arm (reps is per arm)",0,"normal",50,8,,,
"Random","Oct 24, 2024, 7:24 AM","Oct 24, 2024, 7:56 AM","+ other shit","Single Arm Lat Pulldown",,"W is per arm (reps is per arm)",1,"normal",60,8,,,
"Random","Oct 24, 2024, 7:24 AM","Oct 24, 2024, 7:56 AM","+ other shit","Hammer Curl (Dumbbell)",0,"",0,"normal",10,11,,,
"Random","Oct 24, 2024, 7:24 AM","Oct 24, 2024, 7:56 AM","+ other shit","Hammer Curl (Dumbbell)",0,"",1,"normal",15,6,,,
"Random","Oct 24, 2024, 7:24 AM","Oct 24, 2024, 7:56 AM","+ other shit","Bicep Curl (Dumbbell)",0,"",0,"normal",10,12,,,
"Random","Oct 24, 2024, 7:24 AM","Oct 24, 2024, 7:56 AM","+ other shit","Bicep Curl (Dumbbell)",0,"",1,"failure",15,3,,,
"Random","Oct 24, 2024, 7:24 AM","Oct 24, 2024, 7:56 AM","+ other shit","Bicep Curl (Dumbbell)",0,"",2,"normal",10,8,,,
"Legs","Oct 22, 2024, 8:46 AM","Oct 22, 2024, 9:54 AM","","Leg Press (Machine)",,"",0,"normal",147,12,,,
"Legs","Oct 22, 2024, 8:46 AM","Oct 22, 2024, 9:54 AM","","Leg Press (Machine)",,"",1,"normal",197,12,,,
"Legs","Oct 22, 2024, 8:46 AM","Oct 22, 2024, 9:54 AM","","Leg Press (Machine)",,"",2,"failure",247,6,,,
"Legs","Oct 22, 2024, 8:46 AM","Oct 22, 2024, 9:54 AM","","Seated Calf Raise",,"",0,"normal",63,15,,,
"Legs","Oct 22, 2024, 8:46 AM","Oct 22, 2024, 9:54 AM","","Seated Calf Raise",,"",1,"normal",73,12,,,
"Legs","Oct 22, 2024, 8:46 AM","Oct 22, 2024, 9:54 AM","","Seated Calf Raise",,"",2,"failure",93,12,,,
"Legs","Oct 22, 2024, 8:46 AM","Oct 22, 2024, 9:54 AM","","Leg Extension (Machine)",0,"",0,"normal",50,12,,,
"Legs","Oct 22, 2024, 8:46 AM","Oct 22, 2024, 9:54 AM","","Leg Extension (Machine)",0,"",1,"normal",70,12,,,
"Legs","Oct 22, 2024, 8:46 AM","Oct 22, 2024, 9:54 AM","","Leg Extension (Machine)",0,"",2,"failure",100,11,,,
"Legs","Oct 22, 2024, 8:46 AM","Oct 22, 2024, 9:54 AM","","Lying Leg Curl (Machine)",0,"",0,"normal",40,12,,,
"Legs","Oct 22, 2024, 8:46 AM","Oct 22, 2024, 9:54 AM","","Lying Leg Curl (Machine)",0,"",1,"normal",45,12,,,
"Legs","Oct 22, 2024, 8:46 AM","Oct 22, 2024, 9:54 AM","","Lying Leg Curl (Machine)",0,"",2,"failure",55,11,,,
"Legs","Oct 22, 2024, 8:46 AM","Oct 22, 2024, 9:54 AM","","Hip Abduction (Machine)",1,"",0,"normal",65,12,,,
"Legs","Oct 22, 2024, 8:46 AM","Oct 22, 2024, 9:54 AM","","Hip Abduction (Machine)",1,"",1,"normal",70,12,,,
"Legs","Oct 22, 2024, 8:46 AM","Oct 22, 2024, 9:54 AM","","Hip Abduction (Machine)",1,"",2,"failure",110,6,,,
"Legs","Oct 22, 2024, 8:46 AM","Oct 22, 2024, 9:54 AM","","Hip Adduction (Machine)",1,"",0,"normal",65,12,,,
"Legs","Oct 22, 2024, 8:46 AM","Oct 22, 2024, 9:54 AM","","Hip Adduction (Machine)",1,"",1,"normal",75,12,,,
"Legs","Oct 22, 2024, 8:46 AM","Oct 22, 2024, 9:54 AM","","Hip Adduction (Machine)",1,"",2,"failure",80,10,,,
"Chest/Shoulder/Tricep","Oct 21, 2024, 8:43 AM","Oct 21, 2024, 9:56 AM","Gang","Bench Press (Barbell)",,"Went down (kms)",0,"warmup",20,15,,,
"Chest/Shoulder/Tricep","Oct 21, 2024, 8:43 AM","Oct 21, 2024, 9:56 AM","Gang","Bench Press (Barbell)",,"Went down (kms)",1,"normal",40,12,,,
"Chest/Shoulder/Tricep","Oct 21, 2024, 8:43 AM","Oct 21, 2024, 9:56 AM","Gang","Bench Press (Barbell)",,"Went down (kms)",2,"failure",60,6,,,
"Chest/Shoulder/Tricep","Oct 21, 2024, 8:43 AM","Oct 21, 2024, 9:56 AM","Gang","Shoulder Press (Dumbbell)",,"Per arm",0,"normal",14,15,,,
"Chest/Shoulder/Tricep","Oct 21, 2024, 8:43 AM","Oct 21, 2024, 9:56 AM","Gang","Shoulder Press (Dumbbell)",,"Per arm",1,"normal",16,12,,,
"Chest/Shoulder/Tricep","Oct 21, 2024, 8:43 AM","Oct 21, 2024, 9:56 AM","Gang","Shoulder Press (Dumbbell)",,"Per arm",2,"failure",22,12,,,
"Chest/Shoulder/Tricep","Oct 21, 2024, 8:43 AM","Oct 21, 2024, 9:56 AM","Gang","Chest Fly (Machine)",,"",0,"normal",45,12,,,
"Chest/Shoulder/Tricep","Oct 21, 2024, 8:43 AM","Oct 21, 2024, 9:56 AM","Gang","Chest Fly (Machine)",,"",1,"normal",55,12,,,
"Chest/Shoulder/Tricep","Oct 21, 2024, 8:43 AM","Oct 21, 2024, 9:56 AM","Gang","Chest Fly (Machine)",,"",2,"failure",70,10,,,
"Chest/Shoulder/Tricep","Oct 21, 2024, 8:43 AM","Oct 21, 2024, 9:56 AM","Gang","Triceps Pushdown",,"Odd",0,"normal",21.25,12,,,
"Chest/Shoulder/Tricep","Oct 21, 2024, 8:43 AM","Oct 21, 2024, 9:56 AM","Gang","Triceps Pushdown",,"Odd",1,"normal",25,12,,,
"Chest/Shoulder/Tricep","Oct 21, 2024, 8:43 AM","Oct 21, 2024, 9:56 AM","Gang","Triceps Pushdown",,"Odd",2,"failure",28.75,7,,,
"Chest/Shoulder/Tricep","Oct 21, 2024, 8:43 AM","Oct 21, 2024, 9:56 AM","Gang","Triceps Pushdown",,"Odd",3,"failure",26.25,5,,,
"Chest/Shoulder/Tricep","Oct 21, 2024, 8:43 AM","Oct 21, 2024, 9:56 AM","Gang","Incline Chest Press (Machine)",,"",0,"normal",50,12,,,
"Chest/Shoulder/Tricep","Oct 21, 2024, 8:43 AM","Oct 21, 2024, 9:56 AM","Gang","Incline Chest Press (Machine)",,"",1,"failure",60,8,,,
"Chest/Shoulder/Tricep","Oct 21, 2024, 8:43 AM","Oct 21, 2024, 9:56 AM","Gang","Incline Chest Press (Machine)",,"",2,"failure",70,5,,,
"Chest/Shoulder/Tricep","Oct 21, 2024, 8:43 AM","Oct 21, 2024, 9:56 AM","Gang","Lateral Raise (Dumbbell)",,"Diff form",0,"normal",6,12,,,
"Chest/Shoulder/Tricep","Oct 21, 2024, 8:43 AM","Oct 21, 2024, 9:56 AM","Gang","Lateral Raise (Dumbbell)",,"Diff form",1,"failure",8,8,,,
"Chest/Shoulder/Tricep","Oct 21, 2024, 8:43 AM","Oct 21, 2024, 9:56 AM","Gang","Lateral Raise (Dumbbell)",,"Diff form",2,"failure",8,9,,,
"Back/ Biceps","Oct 20, 2024, 11:11 AM","Oct 20, 2024, 12:18 PM","","Lat Pulldown (Cable)",,"",0,"normal",47,12,,,
"Back/ Biceps","Oct 20, 2024, 11:11 AM","Oct 20, 2024, 12:18 PM","","Lat Pulldown (Cable)",,"",1,"normal",54,12,,,
"Back/ Biceps","Oct 20, 2024, 11:11 AM","Oct 20, 2024, 12:18 PM","","Lat Pulldown (Cable)",,"",2,"failure",61,7,,,
"Back/ Biceps","Oct 20, 2024, 11:11 AM","Oct 20, 2024, 12:18 PM","","Hammer Curl (Dumbbell)",,"",0,"normal",8,12,,,
"Back/ Biceps","Oct 20, 2024, 11:11 AM","Oct 20, 2024, 12:18 PM","","Hammer Curl (Dumbbell)",,"",1,"normal",12,12,,,
"Back/ Biceps","Oct 20, 2024, 11:11 AM","Oct 20, 2024, 12:18 PM","","Hammer Curl (Dumbbell)",,"",2,"failure",14,8,,,
"Back/ Biceps","Oct 20, 2024, 11:11 AM","Oct 20, 2024, 12:18 PM","","Iso-Lateral Row (Machine)",,"",0,"warmup",51,12,,,
"Back/ Biceps","Oct 20, 2024, 11:11 AM","Oct 20, 2024, 12:18 PM","","Iso-Lateral Row (Machine)",,"",1,"normal",91,12,,,
"Back/ Biceps","Oct 20, 2024, 11:11 AM","Oct 20, 2024, 12:18 PM","","Iso-Lateral Row (Machine)",,"",2,"failure",111,13,,,
"Back/ Biceps","Oct 20, 2024, 11:11 AM","Oct 20, 2024, 12:18 PM","","Rear Delt Reverse Fly (Machine)",,"",0,"normal",30,12,,,
"Back/ Biceps","Oct 20, 2024, 11:11 AM","Oct 20, 2024, 12:18 PM","","Rear Delt Reverse Fly (Machine)",,"",1,"normal",40,12,,,
"Back/ Biceps","Oct 20, 2024, 11:11 AM","Oct 20, 2024, 12:18 PM","","Rear Delt Reverse Fly (Machine)",,"",2,"failure",45,8,,,
"Back/ Biceps","Oct 20, 2024, 11:11 AM","Oct 20, 2024, 12:18 PM","","Preacher Curl (Machine)",,"My biceps are finished",0,"normal",40,12,,,
"Back/ Biceps","Oct 20, 2024, 11:11 AM","Oct 20, 2024, 12:18 PM","","Preacher Curl (Machine)",,"My biceps are finished",1,"failure",45,9,,,
"Back/ Biceps","Oct 20, 2024, 11:11 AM","Oct 20, 2024, 12:18 PM","","Preacher Curl (Machine)",,"My biceps are finished",2,"failure",45,7,,,
"Back/ Biceps","Oct 20, 2024, 11:11 AM","Oct 20, 2024, 12:18 PM","","Seated Cable Row - V Grip (Cable)",,"",0,"normal",50,12,,,
"Back/ Biceps","Oct 20, 2024, 11:11 AM","Oct 20, 2024, 12:18 PM","","Seated Cable Row - V Grip (Cable)",,"",1,"failure",60,9,,,
"Back/ Biceps","Oct 20, 2024, 11:11 AM","Oct 20, 2024, 12:18 PM","","Seated Cable Row - V Grip (Cable)",,"",2,"failure",60,7,,,
"Chest/Shoulder/Tricep","Oct 18, 2024, 4:15 PM","Oct 18, 2024, 5:31 PM","","Bench Press (Barbell)",,"Change up routine?",0,"warmup",20,15,,,
"Chest/Shoulder/Tricep","Oct 18, 2024, 4:15 PM","Oct 18, 2024, 5:31 PM","","Bench Press (Barbell)",,"Change up routine?",1,"normal",40,12,,,
"Chest/Shoulder/Tricep","Oct 18, 2024, 4:15 PM","Oct 18, 2024, 5:31 PM","","Bench Press (Barbell)",,"Change up routine?",2,"normal",40,12,,,
"Chest/Shoulder/Tricep","Oct 18, 2024, 4:15 PM","Oct 18, 2024, 5:31 PM","","Bench Press (Barbell)",,"Change up routine?",3,"failure",60,7,,,
"Chest/Shoulder/Tricep","Oct 18, 2024, 4:15 PM","Oct 18, 2024, 5:31 PM","","Shoulder Press (Dumbbell)",,"",0,"normal",14,15,,,
"Chest/Shoulder/Tricep","Oct 18, 2024, 4:15 PM","Oct 18, 2024, 5:31 PM","","Shoulder Press (Dumbbell)",,"",1,"normal",18,12,,,
"Chest/Shoulder/Tricep","Oct 18, 2024, 4:15 PM","Oct 18, 2024, 5:31 PM","","Shoulder Press (Dumbbell)",,"",2,"failure",22,8,,,
"Chest/Shoulder/Tricep","Oct 18, 2024, 4:15 PM","Oct 18, 2024, 5:31 PM","","Incline Bench Press (Smith Machine)",,"",0,"normal",40,12,,,
"Chest/Shoulder/Tricep","Oct 18, 2024, 4:15 PM","Oct 18, 2024, 5:31 PM","","Incline Bench Press (Smith Machine)",,"",1,"failure",40,8,,,
"Chest/Shoulder/Tricep","Oct 18, 2024, 4:15 PM","Oct 18, 2024, 5:31 PM","","Incline Bench Press (Smith Machine)",,"",2,"failure",45,5,,,
"Chest/Shoulder/Tricep","Oct 18, 2024, 4:15 PM","Oct 18, 2024, 5:31 PM","","Lateral Raise (Dumbbell)",,"Many partials happened",0,"normal",8,12,,,
"Chest/Shoulder/Tricep","Oct 18, 2024, 4:15 PM","Oct 18, 2024, 5:31 PM","","Lateral Raise (Dumbbell)",,"Many partials happened",1,"failure",10,7,,,
"Chest/Shoulder/Tricep","Oct 18, 2024, 4:15 PM","Oct 18, 2024, 5:31 PM","","Lateral Raise (Dumbbell)",,"Many partials happened",2,"failure",10,9,,,
"Chest/Shoulder/Tricep","Oct 18, 2024, 4:15 PM","Oct 18, 2024, 5:31 PM","","Triceps Extension (Machine)",,"",0,"normal",35,12,,,
"Chest/Shoulder/Tricep","Oct 18, 2024, 4:15 PM","Oct 18, 2024, 5:31 PM","","Triceps Extension (Machine)",,"",1,"failure",40,8,,,
"Chest/Shoulder/Tricep","Oct 18, 2024, 4:15 PM","Oct 18, 2024, 5:31 PM","","Triceps Extension (Machine)",,"",2,"failure",45,6,,,
"Chest/Shoulder/Tricep","Oct 18, 2024, 4:15 PM","Oct 18, 2024, 5:31 PM","","Triceps Dip (Assisted)",0,"",0,"normal",37.5,12,,,
"Chest/Shoulder/Tricep","Oct 18, 2024, 4:15 PM","Oct 18, 2024, 5:31 PM","","Triceps Dip (Assisted)",0,"",1,"normal",37.5,12,,,
"Chest/Shoulder/Tricep","Oct 18, 2024, 4:15 PM","Oct 18, 2024, 5:31 PM","","Triceps Dip (Assisted)",0,"",2,"failure",34.38,8,,,
"Chest/Shoulder/Tricep","Oct 18, 2024, 4:15 PM","Oct 18, 2024, 5:31 PM","","Pull Up (Assisted)",0,"",0,"normal",37.5,12,,,
"Chest/Shoulder/Tricep","Oct 18, 2024, 4:15 PM","Oct 18, 2024, 5:31 PM","","Pull Up (Assisted)",0,"",1,"normal",37.5,12,,,
"Chest/Shoulder/Tricep","Oct 18, 2024, 4:15 PM","Oct 18, 2024, 5:31 PM","","Pull Up (Assisted)",0,"",2,"failure",34.38,8,,,
"Legs","Oct 17, 2024, 4:11 PM","Oct 17, 2024, 5:11 PM","","Lying Leg Curl (Machine)",,"",0,"normal",35,12,,,
"Legs","Oct 17, 2024, 4:11 PM","Oct 17, 2024, 5:11 PM","","Lying Leg Curl (Machine)",,"",1,"normal",40,12,,,
"Legs","Oct 17, 2024, 4:11 PM","Oct 17, 2024, 5:11 PM","","Lying Leg Curl (Machine)",,"",2,"failure",55,5,,,
"Legs","Oct 17, 2024, 4:11 PM","Oct 17, 2024, 5:11 PM","","Seated Calf Raise",,"",0,"normal",63,15,,,
"Legs","Oct 17, 2024, 4:11 PM","Oct 17, 2024, 5:11 PM","","Seated Calf Raise",,"",1,"normal",73,15,,,
"Legs","Oct 17, 2024, 4:11 PM","Oct 17, 2024, 5:11 PM","","Seated Calf Raise",,"",2,"failure",93,8,,,
"Legs","Oct 17, 2024, 4:11 PM","Oct 17, 2024, 5:11 PM","","Squat (Barbell)",,"Suspicious form",0,"normal",30,12,,,
"Legs","Oct 17, 2024, 4:11 PM","Oct 17, 2024, 5:11 PM","","Squat (Barbell)",,"Suspicious form",1,"normal",40,12,,,
"Legs","Oct 17, 2024, 4:11 PM","Oct 17, 2024, 5:11 PM","","Squat (Barbell)",,"Suspicious form",2,"failure",50,10,,,
"Legs","Oct 17, 2024, 4:11 PM","Oct 17, 2024, 5:11 PM","","Bench Press (Barbell)",,"Cheeky",0,"failure",60,5,,,
"Legs","Oct 17, 2024, 4:11 PM","Oct 17, 2024, 5:11 PM","","Leg Press (Machine)",,"",0,"normal",147,12,,,
"Legs","Oct 17, 2024, 4:11 PM","Oct 17, 2024, 5:11 PM","","Leg Press (Machine)",,"",1,"failure",247,8,,,
"Back/ Biceps","Oct 16, 2024, 2:53 PM","Oct 16, 2024, 3:55 PM","","Hammer Curl (Dumbbell)",,"",0,"normal",8,12,,,
"Back/ Biceps","Oct 16, 2024, 2:53 PM","Oct 16, 2024, 3:55 PM","","Hammer Curl (Dumbbell)",,"",1,"normal",10,12,,,
"Back/ Biceps","Oct 16, 2024, 2:53 PM","Oct 16, 2024, 3:55 PM","","Hammer Curl (Dumbbell)",,"",2,"failure",12,13,,,
"Back/ Biceps","Oct 16, 2024, 2:53 PM","Oct 16, 2024, 3:55 PM","","Iso-Lateral Row (Machine)",,"",0,"normal",51,12,,,
"Back/ Biceps","Oct 16, 2024, 2:53 PM","Oct 16, 2024, 3:55 PM","","Iso-Lateral Row (Machine)",,"",1,"normal",91,12,,,
"Back/ Biceps","Oct 16, 2024, 2:53 PM","Oct 16, 2024, 3:55 PM","","Iso-Lateral Row (Machine)",,"",2,"failure",111,10,,,
"Back/ Biceps","Oct 16, 2024, 2:53 PM","Oct 16, 2024, 3:55 PM","","Preacher Curl (Barbell)",,"",0,"normal",18,12,,,
"Back/ Biceps","Oct 16, 2024, 2:53 PM","Oct 16, 2024, 3:55 PM","","Preacher Curl (Barbell)",,"",1,"failure",23,10,,,
"Back/ Biceps","Oct 16, 2024, 2:53 PM","Oct 16, 2024, 3:55 PM","","Pull Up (Assisted)",,"",0,"normal",37.5,12,,,
"Back/ Biceps","Oct 16, 2024, 2:53 PM","Oct 16, 2024, 3:55 PM","","Pull Up (Assisted)",,"",1,"normal",37.5,12,,,
"Back/ Biceps","Oct 16, 2024, 2:53 PM","Oct 16, 2024, 3:55 PM","","Pull Up (Assisted)",,"",2,"failure",34.38,8,,,
"Back/ Biceps","Oct 16, 2024, 2:53 PM","Oct 16, 2024, 3:55 PM","","Rear Delt Reverse Fly (Machine)",,"",0,"normal",30,12,,,
"Back/ Biceps","Oct 16, 2024, 2:53 PM","Oct 16, 2024, 3:55 PM","","Rear Delt Reverse Fly (Machine)",,"",1,"normal",35,12,,,
"Back/ Biceps","Oct 16, 2024, 2:53 PM","Oct 16, 2024, 3:55 PM","","Rear Delt Reverse Fly (Machine)",,"",2,"failure",40,8,,,
"Back/ Biceps","Oct 16, 2024, 2:53 PM","Oct 16, 2024, 3:55 PM","","Seated Cable Row - V Grip (Cable)",,"",0,"normal",42.5,12,,,
"Back/ Biceps","Oct 16, 2024, 2:53 PM","Oct 16, 2024, 3:55 PM","","Seated Cable Row - V Grip (Cable)",,"",1,"normal",50,12,,,
"Back/ Biceps","Oct 16, 2024, 2:53 PM","Oct 16, 2024, 3:55 PM","","Seated Cable Row - V Grip (Cable)",,"",2,"failure",60,8,,,
"Chest/Shoulder/Tricep","Oct 15, 2024, 4:08 PM","Oct 15, 2024, 4:56 PM","","Bench Press (Barbell)",,"",0,"warmup",20,15,,,
"Chest/Shoulder/Tricep","Oct 15, 2024, 4:08 PM","Oct 15, 2024, 4:56 PM","","Bench Press (Barbell)",,"",1,"normal",30,12,,,
"Chest/Shoulder/Tricep","Oct 15, 2024, 4:08 PM","Oct 15, 2024, 4:56 PM","","Bench Press (Barbell)",,"",2,"normal",40,12,,,
"Chest/Shoulder/Tricep","Oct 15, 2024, 4:08 PM","Oct 15, 2024, 4:56 PM","","Bench Press (Barbell)",,"",3,"failure",60,4,,,
"Chest/Shoulder/Tricep","Oct 15, 2024, 4:08 PM","Oct 15, 2024, 4:56 PM","","Shoulder Press (Dumbbell)",,"",0,"normal",12,15,,,
"Chest/Shoulder/Tricep","Oct 15, 2024, 4:08 PM","Oct 15, 2024, 4:56 PM","","Shoulder Press (Dumbbell)",,"",1,"normal",14,12,,,
"Chest/Shoulder/Tricep","Oct 15, 2024, 4:08 PM","Oct 15, 2024, 4:56 PM","","Shoulder Press (Dumbbell)",,"",2,"normal",20,12,,,
"Chest/Shoulder/Tricep","Oct 15, 2024, 4:08 PM","Oct 15, 2024, 4:56 PM","","Lateral Raise (Dumbbell)",,"",0,"normal",8,12,,,
"Chest/Shoulder/Tricep","Oct 15, 2024, 4:08 PM","Oct 15, 2024, 4:56 PM","","Lateral Raise (Dumbbell)",,"",1,"failure",8,11,,,
"Chest/Shoulder/Tricep","Oct 15, 2024, 4:08 PM","Oct 15, 2024, 4:56 PM","","Lateral Raise (Dumbbell)",,"",2,"failure",10,5,,,
"Chest/Shoulder/Tricep","Oct 15, 2024, 4:08 PM","Oct 15, 2024, 4:56 PM","","Triceps Pushdown",,"",0,"normal",21.25,12,,,
"Chest/Shoulder/Tricep","Oct 15, 2024, 4:08 PM","Oct 15, 2024, 4:56 PM","","Triceps Pushdown",,"",1,"normal",23.75,12,,,
"Chest/Shoulder/Tricep","Oct 15, 2024, 4:08 PM","Oct 15, 2024, 4:56 PM","","Triceps Pushdown",,"",2,"failure",25,8,,,
"Chest/Shoulder/Tricep","Oct 15, 2024, 4:08 PM","Oct 15, 2024, 4:56 PM","","Chest Fly (Machine)",,"",0,"normal",45,12,,,
"Chest/Shoulder/Tricep","Oct 15, 2024, 4:08 PM","Oct 15, 2024, 4:56 PM","","Chest Fly (Machine)",,"",1,"normal",50,12,,,
"Chest/Shoulder/Tricep","Oct 15, 2024, 4:08 PM","Oct 15, 2024, 4:56 PM","","Chest Fly (Machine)",,"",2,"failure",70,7,,,
"Back/ Biceps","Oct 13, 2024, 11:13 AM","Oct 13, 2024, 12:12 PM","","Hammer Curl (Dumbbell)",,"",0,"normal",8,12,,,
"Back/ Biceps","Oct 13, 2024, 11:13 AM","Oct 13, 2024, 12:12 PM","","Hammer Curl (Dumbbell)",,"",1,"normal",10,12,,,
"Back/ Biceps","Oct 13, 2024, 11:13 AM","Oct 13, 2024, 12:12 PM","","Hammer Curl (Dumbbell)",,"",2,"failure",12,12,,,
"Back/ Biceps","Oct 13, 2024, 11:13 AM","Oct 13, 2024, 12:12 PM","","Rear Delt Reverse Fly (Machine)",,"",0,"normal",30,12,,,
"Back/ Biceps","Oct 13, 2024, 11:13 AM","Oct 13, 2024, 12:12 PM","","Rear Delt Reverse Fly (Machine)",,"",1,"normal",35,12,,,
"Back/ Biceps","Oct 13, 2024, 11:13 AM","Oct 13, 2024, 12:12 PM","","Rear Delt Reverse Fly (Machine)",,"",2,"failure",40,8,,,
"Back/ Biceps","Oct 13, 2024, 11:13 AM","Oct 13, 2024, 12:12 PM","","Preacher Curl (Machine)",,"",0,"normal",42.5,12,,,
"Back/ Biceps","Oct 13, 2024, 11:13 AM","Oct 13, 2024, 12:12 PM","","Preacher Curl (Machine)",,"",1,"normal",45,8,,,
"Back/ Biceps","Oct 13, 2024, 11:13 AM","Oct 13, 2024, 12:12 PM","","Lat Pulldown (Cable)",,"",0,"normal",40,12,,,
"Back/ Biceps","Oct 13, 2024, 11:13 AM","Oct 13, 2024, 12:12 PM","","Lat Pulldown (Cable)",,"",1,"normal",47,12,,,
"Back/ Biceps","Oct 13, 2024, 11:13 AM","Oct 13, 2024, 12:12 PM","","Lat Pulldown (Cable)",,"",2,"failure",54,13,,,
"Back/ Biceps","Oct 13, 2024, 11:13 AM","Oct 13, 2024, 12:12 PM","","Seated Incline Curl (Dumbbell)",,"Per db",0,"normal",8,12,,,
"Back/ Biceps","Oct 13, 2024, 11:13 AM","Oct 13, 2024, 12:12 PM","","Seated Incline Curl (Dumbbell)",,"Per db",1,"normal",10,12,,,
"Back/ Biceps","Oct 13, 2024, 11:13 AM","Oct 13, 2024, 12:12 PM","","Seated Incline Curl (Dumbbell)",,"Per db",2,"failure",12,7,,,
"Back/ Biceps","Oct 13, 2024, 11:13 AM","Oct 13, 2024, 12:12 PM","","Iso-Lateral Row (Machine)",,"Total weight",0,"normal",51,12,,,
"Back/ Biceps","Oct 13, 2024, 11:13 AM","Oct 13, 2024, 12:12 PM","","Iso-Lateral Row (Machine)",,"Total weight",1,"normal",91,12,,,
"Back/ Biceps","Oct 13, 2024, 11:13 AM","Oct 13, 2024, 12:12 PM","","Iso-Lateral Row (Machine)",,"Total weight",2,"failure",111,7,,,
"Back/ Biceps","Oct 13, 2024, 11:13 AM","Oct 13, 2024, 12:12 PM","","Deadlift (Barbell)",,"Form better?",0,"warmup",30,12,,,
"Back/ Biceps","Oct 13, 2024, 11:13 AM","Oct 13, 2024, 12:12 PM","","Deadlift (Barbell)",,"Form better?",1,"normal",50,6,,,
"Back/ Biceps","Oct 13, 2024, 11:13 AM","Oct 13, 2024, 12:12 PM","","Deadlift (Barbell)",,"Form better?",2,"normal",70,6,,,
"Chest/Shoulder/Tricep","Oct 11, 2024, 5:03 PM","Oct 11, 2024, 6:21 PM","+ cheeky biceps","Shoulder Press (Dumbbell)",,"weight is per arm",0,"normal",12,15,,,
"Chest/Shoulder/Tricep","Oct 11, 2024, 5:03 PM","Oct 11, 2024, 6:21 PM","+ cheeky biceps","Shoulder Press (Dumbbell)",,"weight is per arm",1,"normal",14,12,,,
"Chest/Shoulder/Tricep","Oct 11, 2024, 5:03 PM","Oct 11, 2024, 6:21 PM","+ cheeky biceps","Shoulder Press (Dumbbell)",,"weight is per arm",2,"normal",16,12,,,
"Chest/Shoulder/Tricep","Oct 11, 2024, 5:03 PM","Oct 11, 2024, 6:21 PM","+ cheeky biceps","Shoulder Press (Dumbbell)",,"weight is per arm",3,"normal",20,12,,,
"Chest/Shoulder/Tricep","Oct 11, 2024, 5:03 PM","Oct 11, 2024, 6:21 PM","+ cheeky biceps","Bench Press (Barbell)",,"No spotter (bit scary)",0,"warmup",20,15,,,
"Chest/Shoulder/Tricep","Oct 11, 2024, 5:03 PM","Oct 11, 2024, 6:21 PM","+ cheeky biceps","Bench Press (Barbell)",,"No spotter (bit scary)",1,"normal",30,12,,,
"Chest/Shoulder/Tricep","Oct 11, 2024, 5:03 PM","Oct 11, 2024, 6:21 PM","+ cheeky biceps","Bench Press (Barbell)",,"No spotter (bit scary)",2,"normal",40,12,,,
"Chest/Shoulder/Tricep","Oct 11, 2024, 5:03 PM","Oct 11, 2024, 6:21 PM","+ cheeky biceps","Bench Press (Barbell)",,"No spotter (bit scary)",3,"failure",55,7,,,
"Chest/Shoulder/Tricep","Oct 11, 2024, 5:03 PM","Oct 11, 2024, 6:21 PM","+ cheeky biceps","JM Press (Barbell)",,"On smith machine, w is total (bar is 10kg)",0,"warmup",10,12,,,
"Chest/Shoulder/Tricep","Oct 11, 2024, 5:03 PM","Oct 11, 2024, 6:21 PM","+ cheeky biceps","JM Press (Barbell)",,"On smith machine, w is total (bar is 10kg)",1,"normal",15,12,,,
"Chest/Shoulder/Tricep","Oct 11, 2024, 5:03 PM","Oct 11, 2024, 6:21 PM","+ cheeky biceps","JM Press (Barbell)",,"On smith machine, w is total (bar is 10kg)",2,"normal",20,12,,,
"Chest/Shoulder/Tricep","Oct 11, 2024, 5:03 PM","Oct 11, 2024, 6:21 PM","+ cheeky biceps","JM Press (Barbell)",,"On smith machine, w is total (bar is 10kg)",3,"failure",30,13,,,
"Chest/Shoulder/Tricep","Oct 11, 2024, 5:03 PM","Oct 11, 2024, 6:21 PM","+ cheeky biceps","Incline Chest Press (Machine)",,"",0,"normal",40,12,,,
"Chest/Shoulder/Tricep","Oct 11, 2024, 5:03 PM","Oct 11, 2024, 6:21 PM","+ cheeky biceps","Incline Chest Press (Machine)",,"",1,"normal",60,8,,,
"Chest/Shoulder/Tricep","Oct 11, 2024, 5:03 PM","Oct 11, 2024, 6:21 PM","+ cheeky biceps","Incline Chest Press (Machine)",,"",2,"failure",70,5,,,
"Chest/Shoulder/Tricep","Oct 11, 2024, 5:03 PM","Oct 11, 2024, 6:21 PM","+ cheeky biceps","Lateral Raise (Dumbbell)",,"Stance a lil diff",0,"normal",8,12,,,
"Chest/Shoulder/Tricep","Oct 11, 2024, 5:03 PM","Oct 11, 2024, 6:21 PM","+ cheeky biceps","Lateral Raise (Dumbbell)",,"Stance a lil diff",1,"failure",8,10,,,
"Chest/Shoulder/Tricep","Oct 11, 2024, 5:03 PM","Oct 11, 2024, 6:21 PM","+ cheeky biceps","Lateral Raise (Dumbbell)",,"Stance a lil diff",2,"failure",10,6,,,
"Chest/Shoulder/Tricep","Oct 11, 2024, 5:03 PM","Oct 11, 2024, 6:21 PM","+ cheeky biceps","Preacher Curl (Machine)",,"Filler",0,"normal",42.5,12,,,
"Chest/Shoulder/Tricep","Oct 11, 2024, 5:03 PM","Oct 11, 2024, 6:21 PM","+ cheeky biceps","Preacher Curl (Machine)",,"Filler",1,"normal",45,12,,,
"Chest/Shoulder/Tricep","Oct 11, 2024, 5:03 PM","Oct 11, 2024, 6:21 PM","+ cheeky biceps","Triceps Extension (Machine)",0,"",0,"normal",35,12,,,
"Chest/Shoulder/Tricep","Oct 11, 2024, 5:03 PM","Oct 11, 2024, 6:21 PM","+ cheeky biceps","Triceps Extension (Machine)",0,"",1,"normal",37.5,12,,,
"Chest/Shoulder/Tricep","Oct 11, 2024, 5:03 PM","Oct 11, 2024, 6:21 PM","+ cheeky biceps","Triceps Extension (Machine)",0,"",2,"failure",40,6,,,
"Chest/Shoulder/Tricep","Oct 11, 2024, 5:03 PM","Oct 11, 2024, 6:21 PM","+ cheeky biceps","Chest Fly (Machine)",0,"",0,"normal",45,12,,,
"Chest/Shoulder/Tricep","Oct 11, 2024, 5:03 PM","Oct 11, 2024, 6:21 PM","+ cheeky biceps","Chest Fly (Machine)",0,"",1,"normal",50,12,,,
"Chest/Shoulder/Tricep","Oct 11, 2024, 5:03 PM","Oct 11, 2024, 6:21 PM","+ cheeky biceps","Chest Fly (Machine)",0,"",2,"failure",65,11,,,
"Legs + Bench","Oct 10, 2024, 4:11 PM","Oct 10, 2024, 5:36 PM","","Leg Press (Machine)",,"",0,"normal",147,12,,,
"Legs + Bench","Oct 10, 2024, 4:11 PM","Oct 10, 2024, 5:36 PM","","Leg Press (Machine)",,"",1,"normal",197,12,,,
"Legs + Bench","Oct 10, 2024, 4:11 PM","Oct 10, 2024, 5:36 PM","","Leg Press (Machine)",,"",2,"failure",247,6,,,
"Legs + Bench","Oct 10, 2024, 4:11 PM","Oct 10, 2024, 5:36 PM","","Seated Calf Raise",,"",0,"normal",63,15,,,
"Legs + Bench","Oct 10, 2024, 4:11 PM","Oct 10, 2024, 5:36 PM","","Seated Calf Raise",,"",1,"normal",73,15,,,
"Legs + Bench","Oct 10, 2024, 4:11 PM","Oct 10, 2024, 5:36 PM","","Seated Calf Raise",,"",2,"failure",83,12,,,
"Legs + Bench","Oct 10, 2024, 4:11 PM","Oct 10, 2024, 5:36 PM","","Lying Leg Curl (Machine)",,"",0,"normal",40,12,,,
"Legs + Bench","Oct 10, 2024, 4:11 PM","Oct 10, 2024, 5:36 PM","","Lying Leg Curl (Machine)",,"",1,"normal",45,12,,,
"Legs + Bench","Oct 10, 2024, 4:11 PM","Oct 10, 2024, 5:36 PM","","Lying Leg Curl (Machine)",,"",2,"failure",50,12,,,
"Legs + Bench","Oct 10, 2024, 4:11 PM","Oct 10, 2024, 5:36 PM","","Leg Extension (Machine)",,"",0,"normal",50,12,,,
"Legs + Bench","Oct 10, 2024, 4:11 PM","Oct 10, 2024, 5:36 PM","","Leg Extension (Machine)",,"",1,"normal",65,12,,,
"Legs + Bench","Oct 10, 2024, 4:11 PM","Oct 10, 2024, 5:36 PM","","Leg Extension (Machine)",,"",2,"failure",95,12,,,
"Legs + Bench","Oct 10, 2024, 4:11 PM","Oct 10, 2024, 5:36 PM","","Chest Fly (Machine)",,"Filler",0,"normal",42.5,12,,,
"Legs + Bench","Oct 10, 2024, 4:11 PM","Oct 10, 2024, 5:36 PM","","Bench Press (Barbell)",,"Got 70 pr (sigma)",0,"warmup",20,12,,,
"Legs + Bench","Oct 10, 2024, 4:11 PM","Oct 10, 2024, 5:36 PM","","Bench Press (Barbell)",,"Got 70 pr (sigma)",1,"normal",30,12,,,
"Legs + Bench","Oct 10, 2024, 4:11 PM","Oct 10, 2024, 5:36 PM","","Bench Press (Barbell)",,"Got 70 pr (sigma)",2,"normal",40,12,,,
"Legs + Bench","Oct 10, 2024, 4:11 PM","Oct 10, 2024, 5:36 PM","","Bench Press (Barbell)",,"Got 70 pr (sigma)",3,"normal",70,1,,,
"Back/ Biceps","Oct 9, 2024, 3:58 PM","Oct 9, 2024, 4:52 PM","","Lat Pulldown (Cable)",,"",0,"normal",40,12,,,
"Back/ Biceps","Oct 9, 2024, 3:58 PM","Oct 9, 2024, 4:52 PM","","Lat Pulldown (Cable)",,"",1,"normal",47,12,,,
"Back/ Biceps","Oct 9, 2024, 3:58 PM","Oct 9, 2024, 4:52 PM","","Lat Pulldown (Cable)",,"",2,"failure",54,8,,,
"Back/ Biceps","Oct 9, 2024, 3:58 PM","Oct 9, 2024, 4:52 PM","","Hammer Curl (Dumbbell)",,"",0,"normal",8,12,,,
"Back/ Biceps","Oct 9, 2024, 3:58 PM","Oct 9, 2024, 4:52 PM","","Hammer Curl (Dumbbell)",,"",1,"normal",10,12,,,
"Back/ Biceps","Oct 9, 2024, 3:58 PM","Oct 9, 2024, 4:52 PM","","Hammer Curl (Dumbbell)",,"",2,"failure",12,8,,,
"Back/ Biceps","Oct 9, 2024, 3:58 PM","Oct 9, 2024, 4:52 PM","","Lat Pulldown (Machine)",,"Overall w",0,"normal",30,12,,,
"Back/ Biceps","Oct 9, 2024, 3:58 PM","Oct 9, 2024, 4:52 PM","","Lat Pulldown (Machine)",,"Overall w",1,"normal",50,12,,,
"Back/ Biceps","Oct 9, 2024, 3:58 PM","Oct 9, 2024, 4:52 PM","","Lat Pulldown (Machine)",,"Overall w",2,"failure",70,9,,,
"Back/ Biceps","Oct 9, 2024, 3:58 PM","Oct 9, 2024, 4:52 PM","","Seated Incline Curl (Dumbbell)",,"",0,"normal",8,12,,,
"Back/ Biceps","Oct 9, 2024, 3:58 PM","Oct 9, 2024, 4:52 PM","","Seated Incline Curl (Dumbbell)",,"",1,"normal",10,12,,,
"Back/ Biceps","Oct 9, 2024, 3:58 PM","Oct 9, 2024, 4:52 PM","","Seated Incline Curl (Dumbbell)",,"",2,"failure",12,6,,,
"Back/ Biceps","Oct 9, 2024, 3:58 PM","Oct 9, 2024, 4:52 PM","","Behind the Back Bicep Wrist Curl (Barbell)",,"Cable (filler)",0,"normal",16.25,20,,,
"Back/ Biceps","Oct 9, 2024, 3:58 PM","Oct 9, 2024, 4:52 PM","","Behind the Back Bicep Wrist Curl (Barbell)",,"Cable (filler)",1,"normal",21.25,15,,,
"Back/ Biceps","Oct 9, 2024, 3:58 PM","Oct 9, 2024, 4:52 PM","","Rear Delt Reverse Fly (Machine)",,"",0,"normal",30,12,,,
"Back/ Biceps","Oct 9, 2024, 3:58 PM","Oct 9, 2024, 4:52 PM","","Rear Delt Reverse Fly (Machine)",,"",1,"normal",32.5,12,,,
"Back/ Biceps","Oct 9, 2024, 3:58 PM","Oct 9, 2024, 4:52 PM","","Rear Delt Reverse Fly (Machine)",,"",2,"failure",35,12,,,
"Chest/Shoulder/Tricep","Oct 8, 2024, 4:01 PM","Oct 8, 2024, 5:31 PM","Tried out JM","Bench Press (Barbell)",,"Same as last time - kms",0,"warmup",20,15,,,
"Chest/Shoulder/Tricep","Oct 8, 2024, 4:01 PM","Oct 8, 2024, 5:31 PM","Tried out JM","Bench Press (Barbell)",,"Same as last time - kms",1,"normal",30,12,,,
"Chest/Shoulder/Tricep","Oct 8, 2024, 4:01 PM","Oct 8, 2024, 5:31 PM","Tried out JM","Bench Press (Barbell)",,"Same as last time - kms",2,"normal",40,12,,,
"Chest/Shoulder/Tricep","Oct 8, 2024, 4:01 PM","Oct 8, 2024, 5:31 PM","Tried out JM","Bench Press (Barbell)",,"Same as last time - kms",3,"failure",55,10,,,
"Chest/Shoulder/Tricep","Oct 8, 2024, 4:01 PM","Oct 8, 2024, 5:31 PM","Tried out JM","Shoulder Press (Dumbbell)",,"Per db",0,"normal",12,12,,,
"Chest/Shoulder/Tricep","Oct 8, 2024, 4:01 PM","Oct 8, 2024, 5:31 PM","Tried out JM","Shoulder Press (Dumbbell)",,"Per db",1,"normal",14,12,,,
"Chest/Shoulder/Tricep","Oct 8, 2024, 4:01 PM","Oct 8, 2024, 5:31 PM","Tried out JM","Shoulder Press (Dumbbell)",,"Per db",2,"normal",16,12,,,
"Chest/Shoulder/Tricep","Oct 8, 2024, 4:01 PM","Oct 8, 2024, 5:31 PM","Tried out JM","Shoulder Press (Dumbbell)",,"Per db",3,"normal",18,12,,,
"Chest/Shoulder/Tricep","Oct 8, 2024, 4:01 PM","Oct 8, 2024, 5:31 PM","Tried out JM","Incline Chest Press (Machine)",,"Total weight",0,"normal",40,12,,,
"Chest/Shoulder/Tricep","Oct 8, 2024, 4:01 PM","Oct 8, 2024, 5:31 PM","Tried out JM","Incline Chest Press (Machine)",,"Total weight",1,"normal",50,12,,,
"Chest/Shoulder/Tricep","Oct 8, 2024, 4:01 PM","Oct 8, 2024, 5:31 PM","Tried out JM","Incline Chest Press (Machine)",,"Total weight",2,"failure",60,9,,,
"Chest/Shoulder/Tricep","Oct 8, 2024, 4:01 PM","Oct 8, 2024, 5:31 PM","Tried out JM","Lateral Raise (Dumbbell)",,"Different stance",0,"normal",8,12,,,
"Chest/Shoulder/Tricep","Oct 8, 2024, 4:01 PM","Oct 8, 2024, 5:31 PM","Tried out JM","Lateral Raise (Dumbbell)",,"Different stance",1,"failure",8,10,,,
"Chest/Shoulder/Tricep","Oct 8, 2024, 4:01 PM","Oct 8, 2024, 5:31 PM","Tried out JM","Lateral Raise (Dumbbell)",,"Different stance",2,"failure",10,6,,,
"Chest/Shoulder/Tricep","Oct 8, 2024, 4:01 PM","Oct 8, 2024, 5:31 PM","Tried out JM","JM Press (Barbell)",,"Trial",0,"warmup",10,12,,,
"Chest/Shoulder/Tricep","Oct 8, 2024, 4:01 PM","Oct 8, 2024, 5:31 PM","Tried out JM","JM Press (Barbell)",,"Trial",1,"normal",15,15,,,
"Chest/Shoulder/Tricep","Oct 8, 2024, 4:01 PM","Oct 8, 2024, 5:31 PM","Tried out JM","JM Press (Barbell)",,"Trial",2,"normal",20,15,,,
"Chest/Shoulder/Tricep","Oct 8, 2024, 4:01 PM","Oct 8, 2024, 5:31 PM","Tried out JM","Triceps Pushdown",,"",0,"normal",17.5,12,,,
"Chest/Shoulder/Tricep","Oct 8, 2024, 4:01 PM","Oct 8, 2024, 5:31 PM","Tried out JM","Triceps Pushdown",,"",1,"normal",21.25,12,,,
"Chest/Shoulder/Tricep","Oct 8, 2024, 4:01 PM","Oct 8, 2024, 5:31 PM","Tried out JM","Triceps Pushdown",,"",2,"normal",25,10,,,
"Chest/Shoulder/Tricep","Oct 8, 2024, 4:01 PM","Oct 8, 2024, 5:31 PM","Tried out JM","Chest Fly (Machine)",,"Reverse drop set on last 2 sets",0,"normal",35,12,,,
"Chest/Shoulder/Tricep","Oct 8, 2024, 4:01 PM","Oct 8, 2024, 5:31 PM","Tried out JM","Chest Fly (Machine)",,"Reverse drop set on last 2 sets",1,"normal",40,12,,,
"Chest/Shoulder/Tricep","Oct 8, 2024, 4:01 PM","Oct 8, 2024, 5:31 PM","Tried out JM","Chest Fly (Machine)",,"Reverse drop set on last 2 sets",2,"normal",50,21,,,
"Chest/Shoulder/Tricep","Oct 8, 2024, 4:01 PM","Oct 8, 2024, 5:31 PM","Tried out JM","Chest Fly (Machine)",,"Reverse drop set on last 2 sets",3,"failure",57.5,5,,,
"Back/ Biceps","Oct 6, 2024, 11:10 AM","Oct 6, 2024, 12:11 PM","Weak day","Pull Up (Assisted)",,"Fucked up the order",0,"normal",34.38,12,,,
"Back/ Biceps","Oct 6, 2024, 11:10 AM","Oct 6, 2024, 12:11 PM","Weak day","Pull Up (Assisted)",,"Fucked up the order",1,"failure",34.38,7,,,
"Back/ Biceps","Oct 6, 2024, 11:10 AM","Oct 6, 2024, 12:11 PM","Weak day","Pull Up (Assisted)",,"Fucked up the order",2,"normal",37.5,8,,,
"Back/ Biceps","Oct 6, 2024, 11:10 AM","Oct 6, 2024, 12:11 PM","Weak day","Hammer Curl (Dumbbell)",,"",0,"normal",8,12,,,
"Back/ Biceps","Oct 6, 2024, 11:10 AM","Oct 6, 2024, 12:11 PM","Weak day","Hammer Curl (Dumbbell)",,"",1,"normal",10,12,,,
"Back/ Biceps","Oct 6, 2024, 11:10 AM","Oct 6, 2024, 12:11 PM","Weak day","Hammer Curl (Dumbbell)",,"",2,"normal",10,9,,,
"Back/ Biceps","Oct 6, 2024, 11:10 AM","Oct 6, 2024, 12:11 PM","Weak day","Iso-Lateral Row (Machine)",,"Include base w",0,"warmup",51,12,,,
"Back/ Biceps","Oct 6, 2024, 11:10 AM","Oct 6, 2024, 12:11 PM","Weak day","Iso-Lateral Row (Machine)",,"Include base w",1,"normal",91,12,,,
"Back/ Biceps","Oct 6, 2024, 11:10 AM","Oct 6, 2024, 12:11 PM","Weak day","Iso-Lateral Row (Machine)",,"Include base w",2,"failure",91,13,,,
"Back/ Biceps","Oct 6, 2024, 11:10 AM","Oct 6, 2024, 12:11 PM","Weak day","Seated Incline Curl (Dumbbell)",,"Per dumbell",0,"normal",8,12,,,
"Back/ Biceps","Oct 6, 2024, 11:10 AM","Oct 6, 2024, 12:11 PM","Weak day","Seated Incline Curl (Dumbbell)",,"Per dumbell",1,"normal",10,12,,,
"Back/ Biceps","Oct 6, 2024, 11:10 AM","Oct 6, 2024, 12:11 PM","Weak day","Seated Incline Curl (Dumbbell)",,"Per dumbell",2,"failure",12,5,,,
"Back/ Biceps","Oct 6, 2024, 11:10 AM","Oct 6, 2024, 12:11 PM","Weak day","Deadlift (Barbell)",,"Form is questionable",0,"warmup",30,6,,,
"Back/ Biceps","Oct 6, 2024, 11:10 AM","Oct 6, 2024, 12:11 PM","Weak day","Deadlift (Barbell)",,"Form is questionable",1,"normal",50,6,,,
"Back/ Biceps","Oct 6, 2024, 11:10 AM","Oct 6, 2024, 12:11 PM","Weak day","Deadlift (Barbell)",,"Form is questionable",2,"normal",70,6,,,
"Back/ Biceps","Oct 6, 2024, 11:10 AM","Oct 6, 2024, 12:11 PM","Weak day","Rear Delt Reverse Fly (Machine)",,"",0,"normal",27.5,12,,,
"Back/ Biceps","Oct 6, 2024, 11:10 AM","Oct 6, 2024, 12:11 PM","Weak day","Rear Delt Reverse Fly (Machine)",,"",1,"normal",30,12,,,
"Back/ Biceps","Oct 6, 2024, 11:10 AM","Oct 6, 2024, 12:11 PM","Weak day","Rear Delt Reverse Fly (Machine)",,"",2,"normal",35,10,,,
"Chest/Shoulder/Tricep","Oct 5, 2024, 10:13 AM","Oct 5, 2024, 11:53 AM","","Shoulder Press (Dumbbell)",,"Per dumbell",0,"normal",12,12,,,
"Chest/Shoulder/Tricep","Oct 5, 2024, 10:13 AM","Oct 5, 2024, 11:53 AM","","Shoulder Press (Dumbbell)",,"Per dumbell",1,"normal",14,12,,,
"Chest/Shoulder/Tricep","Oct 5, 2024, 10:13 AM","Oct 5, 2024, 11:53 AM","","Shoulder Press (Dumbbell)",,"Per dumbell",2,"normal",16,12,,,
"Chest/Shoulder/Tricep","Oct 5, 2024, 10:13 AM","Oct 5, 2024, 11:53 AM","","Bench Press (Barbell)",,"Upped my 55 reps to 10",0,"warmup",20,15,,,
"Chest/Shoulder/Tricep","Oct 5, 2024, 10:13 AM","Oct 5, 2024, 11:53 AM","","Bench Press (Barbell)",,"Upped my 55 reps to 10",1,"normal",30,12,,,
"Chest/Shoulder/Tricep","Oct 5, 2024, 10:13 AM","Oct 5, 2024, 11:53 AM","","Bench Press (Barbell)",,"Upped my 55 reps to 10",2,"normal",40,12,,,
"Chest/Shoulder/Tricep","Oct 5, 2024, 10:13 AM","Oct 5, 2024, 11:53 AM","","Bench Press (Barbell)",,"Upped my 55 reps to 10",3,"normal",55,10,,,
"Chest/Shoulder/Tricep","Oct 5, 2024, 10:13 AM","Oct 5, 2024, 11:53 AM","","Lateral Raise (Dumbbell)",,"",0,"normal",8,12,,,
"Chest/Shoulder/Tricep","Oct 5, 2024, 10:13 AM","Oct 5, 2024, 11:53 AM","","Lateral Raise (Dumbbell)",,"",1,"failure",10,9,,,
"Chest/Shoulder/Tricep","Oct 5, 2024, 10:13 AM","Oct 5, 2024, 11:53 AM","","Lateral Raise (Dumbbell)",,"",2,"failure",10,8,,,
"Chest/Shoulder/Tricep","Oct 5, 2024, 10:13 AM","Oct 5, 2024, 11:53 AM","","Triceps Dip (Assisted)",,"Trial (kinda shit)",0,"normal",37.5,12,,,
"Chest/Shoulder/Tricep","Oct 5, 2024, 10:13 AM","Oct 5, 2024, 11:53 AM","","Triceps Dip (Assisted)",,"Trial (kinda shit)",1,"normal",34.38,12,,,
"Chest/Shoulder/Tricep","Oct 5, 2024, 10:13 AM","Oct 5, 2024, 11:53 AM","","Triceps Extension (Machine)",,"Closest machine to",0,"normal",25,12,,,
"Chest/Shoulder/Tricep","Oct 5, 2024, 10:13 AM","Oct 5, 2024, 11:53 AM","","Triceps Extension (Machine)",,"Closest machine to",1,"normal",30,12,,,
"Chest/Shoulder/Tricep","Oct 5, 2024, 10:13 AM","Oct 5, 2024, 11:53 AM","","Incline Chest Press (Machine)",,"",0,"normal",41,12,,,
"Chest/Shoulder/Tricep","Oct 5, 2024, 10:13 AM","Oct 5, 2024, 11:53 AM","","Incline Chest Press (Machine)",,"",1,"normal",51,12,,,
"Chest/Shoulder/Tricep","Oct 5, 2024, 10:13 AM","Oct 5, 2024, 11:53 AM","","Incline Chest Press (Machine)",,"",2,"failure",61,8,,,
"Chest/Shoulder/Tricep","Oct 5, 2024, 10:13 AM","Oct 5, 2024, 11:53 AM","","Chest Fly (Machine)",,"",0,"normal",35,12,,,
"Chest/Shoulder/Tricep","Oct 5, 2024, 10:13 AM","Oct 5, 2024, 11:53 AM","","Chest Fly (Machine)",,"",1,"normal",40,12,,,
"Chest/Shoulder/Tricep","Oct 5, 2024, 10:13 AM","Oct 5, 2024, 11:53 AM","","Chest Fly (Machine)",,"",2,"failure",50,20,,,
"Chest/Shoulder/Tricep","Oct 5, 2024, 10:13 AM","Oct 5, 2024, 11:53 AM","","Triceps Pushdown",,"",0,"normal",18.75,12,,,
"Chest/Shoulder/Tricep","Oct 5, 2024, 10:13 AM","Oct 5, 2024, 11:53 AM","","Triceps Pushdown",,"",1,"normal",23.75,12,,,
"Chest/Shoulder/Tricep","Oct 5, 2024, 10:13 AM","Oct 5, 2024, 11:53 AM","","Triceps Pushdown",,"",2,"failure",26.25,7,,,
"Legs","Oct 3, 2024, 4:15 PM","Oct 3, 2024, 5:27 PM","","Leg Press (Machine)",,"",0,"warmup",87,12,,,
"Legs","Oct 3, 2024, 4:15 PM","Oct 3, 2024, 5:27 PM","","Leg Press (Machine)",,"",1,"normal",197,12,,,
"Legs","Oct 3, 2024, 4:15 PM","Oct 3, 2024, 5:27 PM","","Leg Press (Machine)",,"",2,"failure",247,5,,,
"Legs","Oct 3, 2024, 4:15 PM","Oct 3, 2024, 5:27 PM","","Seated Calf Raise",,"Base w included",0,"normal",53,20,,,
"Legs","Oct 3, 2024, 4:15 PM","Oct 3, 2024, 5:27 PM","","Seated Calf Raise",,"Base w included",1,"normal",73,12,,,
"Legs","Oct 3, 2024, 4:15 PM","Oct 3, 2024, 5:27 PM","","Seated Calf Raise",,"Base w included",2,"failure",83,15,,,
"Legs","Oct 3, 2024, 4:15 PM","Oct 3, 2024, 5:27 PM","","Chest Dip (Assisted)",,"Busy as shit - never done before",0,"normal",40,12,,,
"Legs","Oct 3, 2024, 4:15 PM","Oct 3, 2024, 5:27 PM","","Chest Dip (Assisted)",,"Busy as shit - never done before",1,"normal",34,12,,,
"Legs","Oct 3, 2024, 4:15 PM","Oct 3, 2024, 5:27 PM","","Leg Extension (Machine)",0,"Sigma",0,"normal",50,12,,,
"Legs","Oct 3, 2024, 4:15 PM","Oct 3, 2024, 5:27 PM","","Leg Extension (Machine)",0,"Sigma",1,"normal",65,12,,,
"Legs","Oct 3, 2024, 4:15 PM","Oct 3, 2024, 5:27 PM","","Leg Extension (Machine)",0,"Sigma",2,"failure",90,8,,,
"Legs","Oct 3, 2024, 4:15 PM","Oct 3, 2024, 5:27 PM","","Hip Adduction (Machine)",0,"Leg extension ss",0,"normal",50,12,,,
"Legs","Oct 3, 2024, 4:15 PM","Oct 3, 2024, 5:27 PM","","Hip Adduction (Machine)",0,"Leg extension ss",1,"normal",65,12,,,
"Legs","Oct 3, 2024, 4:15 PM","Oct 3, 2024, 5:27 PM","","Hip Adduction (Machine)",0,"Leg extension ss",0,"normal",50,12,,,
"Legs","Oct 3, 2024, 4:15 PM","Oct 3, 2024, 5:27 PM","","Hip Adduction (Machine)",0,"Leg extension ss",1,"normal",65,12,,,
"Legs","Oct 3, 2024, 4:15 PM","Oct 3, 2024, 5:27 PM","","Lying Leg Curl (Machine)",,"",0,"normal",42.5,12,,,
"Legs","Oct 3, 2024, 4:15 PM","Oct 3, 2024, 5:27 PM","","Lying Leg Curl (Machine)",,"",1,"normal",45,12,,,
"Legs","Oct 3, 2024, 4:15 PM","Oct 3, 2024, 5:27 PM","","Lying Leg Curl (Machine)",,"",2,"failure",50,9,,,
"Back/ Biceps","Oct 2, 2024, 2:48 PM","Oct 2, 2024, 3:41 PM","","Lat Pulldown (Cable)",,"Pass",0,"normal",40,12,,,
"Back/ Biceps","Oct 2, 2024, 2:48 PM","Oct 2, 2024, 3:41 PM","","Lat Pulldown (Cable)",,"Pass",1,"normal",47,12,,,
"Back/ Biceps","Oct 2, 2024, 2:48 PM","Oct 2, 2024, 3:41 PM","","Lat Pulldown (Cable)",,"Pass",2,"failure",54,8,,,
"Back/ Biceps","Oct 2, 2024, 2:48 PM","Oct 2, 2024, 3:41 PM","","Hammer Curl (Dumbbell)",,"",0,"normal",8,12,,,
"Back/ Biceps","Oct 2, 2024, 2:48 PM","Oct 2, 2024, 3:41 PM","","Hammer Curl (Dumbbell)",,"",1,"normal",10,12,,,
"Back/ Biceps","Oct 2, 2024, 2:48 PM","Oct 2, 2024, 3:41 PM","","Hammer Curl (Dumbbell)",,"",2,"failure",12,11,,,
"Back/ Biceps","Oct 2, 2024, 2:48 PM","Oct 2, 2024, 3:41 PM","","Iso-Lateral Row (Machine)",,"",0,"warmup",40,12,,,
"Back/ Biceps","Oct 2, 2024, 2:48 PM","Oct 2, 2024, 3:41 PM","","Iso-Lateral Row (Machine)",,"",1,"normal",80,12,,,
"Back/ Biceps","Oct 2, 2024, 2:48 PM","Oct 2, 2024, 3:41 PM","","Iso-Lateral Row (Machine)",,"",2,"failure",100,8,,,
"Back/ Biceps","Oct 2, 2024, 2:48 PM","Oct 2, 2024, 3:41 PM","","Seated Incline Curl (Dumbbell)",,"Mega strict reps",0,"normal",8,12,,,
"Back/ Biceps","Oct 2, 2024, 2:48 PM","Oct 2, 2024, 3:41 PM","","Seated Incline Curl (Dumbbell)",,"Mega strict reps",1,"normal",10,12,,,
"Back/ Biceps","Oct 2, 2024, 2:48 PM","Oct 2, 2024, 3:41 PM","","Seated Incline Curl (Dumbbell)",,"Mega strict reps",2,"failure",12,4,,,
"Back/ Biceps","Oct 2, 2024, 2:48 PM","Oct 2, 2024, 3:41 PM","","Seated Cable Row - V Grip (Cable)",,"",0,"normal",42.5,12,,,
"Back/ Biceps","Oct 2, 2024, 2:48 PM","Oct 2, 2024, 3:41 PM","","Seated Cable Row - V Grip (Cable)",,"",1,"normal",50,12,,,
"Back/ Biceps","Oct 2, 2024, 2:48 PM","Oct 2, 2024, 3:41 PM","","Seated Cable Row - V Grip (Cable)",,"",2,"failure",60,5,,,
"Back/ Biceps","Oct 2, 2024, 2:48 PM","Oct 2, 2024, 3:41 PM","","Rear Delt Reverse Fly (Machine)",,"",0,"normal",27.5,12,,,
"Back/ Biceps","Oct 2, 2024, 2:48 PM","Oct 2, 2024, 3:41 PM","","Rear Delt Reverse Fly (Machine)",,"",1,"normal",30,12,,,
"Back/ Biceps","Oct 2, 2024, 2:48 PM","Oct 2, 2024, 3:41 PM","","Rear Delt Reverse Fly (Machine)",,"",2,"failure",35,10,,,
"Chest/Shoulder/Tricep","Oct 1, 2024, 4:08 PM","Oct 1, 2024, 5:20 PM","Sigma rizz","Bench Press (Barbell)",,"Kms",0,"warmup",20,15,,,
"Chest/Shoulder/Tricep","Oct 1, 2024, 4:08 PM","Oct 1, 2024, 5:20 PM","Sigma rizz","Bench Press (Barbell)",,"Kms",1,"normal",30,12,,,
"Chest/Shoulder/Tricep","Oct 1, 2024, 4:08 PM","Oct 1, 2024, 5:20 PM","Sigma rizz","Bench Press (Barbell)",,"Kms",2,"normal",40,12,,,
"Chest/Shoulder/Tricep","Oct 1, 2024, 4:08 PM","Oct 1, 2024, 5:20 PM","Sigma rizz","Bench Press (Barbell)",,"Kms",3,"failure",55,8,,,
"Chest/Shoulder/Tricep","Oct 1, 2024, 4:08 PM","Oct 1, 2024, 5:20 PM","Sigma rizz","Shoulder Press (Dumbbell)",,"",0,"normal",12,12,,,
"Chest/Shoulder/Tricep","Oct 1, 2024, 4:08 PM","Oct 1, 2024, 5:20 PM","Sigma rizz","Shoulder Press (Dumbbell)",,"",1,"normal",14,12,,,
"Chest/Shoulder/Tricep","Oct 1, 2024, 4:08 PM","Oct 1, 2024, 5:20 PM","Sigma rizz","Shoulder Press (Dumbbell)",,"",2,"normal",16,12,,,
"Chest/Shoulder/Tricep","Oct 1, 2024, 4:08 PM","Oct 1, 2024, 5:20 PM","Sigma rizz","Incline Chest Press (Machine)",,"Total w",0,"normal",31,12,,,
"Chest/Shoulder/Tricep","Oct 1, 2024, 4:08 PM","Oct 1, 2024, 5:20 PM","Sigma rizz","Incline Chest Press (Machine)",,"Total w",1,"normal",41,12,,,
"Chest/Shoulder/Tricep","Oct 1, 2024, 4:08 PM","Oct 1, 2024, 5:20 PM","Sigma rizz","Incline Chest Press (Machine)",,"Total w",2,"failure",51,12,,,
"Chest/Shoulder/Tricep","Oct 1, 2024, 4:08 PM","Oct 1, 2024, 5:20 PM","Sigma rizz","Lateral Raise (Dumbbell)",,"Per dumbell",0,"normal",8,12,,,
"Chest/Shoulder/Tricep","Oct 1, 2024, 4:08 PM","Oct 1, 2024, 5:20 PM","Sigma rizz","Lateral Raise (Dumbbell)",,"Per dumbell",1,"normal",8,12,,,
"Chest/Shoulder/Tricep","Oct 1, 2024, 4:08 PM","Oct 1, 2024, 5:20 PM","Sigma rizz","Lateral Raise (Dumbbell)",,"Per dumbell",2,"failure",10,10,,,
"Chest/Shoulder/Tricep","Oct 1, 2024, 4:08 PM","Oct 1, 2024, 5:20 PM","Sigma rizz","Chest Fly (Machine)",,"",0,"normal",27.5,12,,,
"Chest/Shoulder/Tricep","Oct 1, 2024, 4:08 PM","Oct 1, 2024, 5:20 PM","Sigma rizz","Chest Fly (Machine)",,"",1,"normal",35,12,,,
"Chest/Shoulder/Tricep","Oct 1, 2024, 4:08 PM","Oct 1, 2024, 5:20 PM","Sigma rizz","Chest Fly (Machine)",,"",2,"failure",45,13,,,
"Chest/Shoulder/Tricep","Oct 1, 2024, 4:08 PM","Oct 1, 2024, 5:20 PM","Sigma rizz","Triceps Pushdown",,"",0,"normal",18.75,12,,,
"Chest/Shoulder/Tricep","Oct 1, 2024, 4:08 PM","Oct 1, 2024, 5:20 PM","Sigma rizz","Triceps Pushdown",,"",1,"normal",21.25,12,,,
"Chest/Shoulder/Tricep","Oct 1, 2024, 4:08 PM","Oct 1, 2024, 5:20 PM","Sigma rizz","Triceps Pushdown",,"",2,"normal",23.75,12,,,
"Back/ Biceps","Sep 29, 2024, 11:10 AM","Sep 29, 2024, 12:21 PM","","Pull Up (Assisted)",,"Weight taking off my bw",0,"normal",37.5,12,,,
"Back/ Biceps","Sep 29, 2024, 11:10 AM","Sep 29, 2024, 12:21 PM","","Pull Up (Assisted)",,"Weight taking off my bw",1,"normal",34.38,12,,,
"Back/ Biceps","Sep 29, 2024, 11:10 AM","Sep 29, 2024, 12:21 PM","","Pull Up (Assisted)",,"Weight taking off my bw",2,"failure",31.25,6,,,
"Back/ Biceps","Sep 29, 2024, 11:10 AM","Sep 29, 2024, 12:21 PM","","Hammer Curl (Dumbbell)",,"Per dumbell",0,"normal",8,12,,,
"Back/ Biceps","Sep 29, 2024, 11:10 AM","Sep 29, 2024, 12:21 PM","","Hammer Curl (Dumbbell)",,"Per dumbell",1,"normal",10,12,,,
"Back/ Biceps","Sep 29, 2024, 11:10 AM","Sep 29, 2024, 12:21 PM","","Hammer Curl (Dumbbell)",,"Per dumbell",2,"failure",12,11,,,
"Back/ Biceps","Sep 29, 2024, 11:10 AM","Sep 29, 2024, 12:21 PM","","Rear Delt Reverse Fly (Machine)",,"",0,"normal",27.5,12,,,
"Back/ Biceps","Sep 29, 2024, 11:10 AM","Sep 29, 2024, 12:21 PM","","Rear Delt Reverse Fly (Machine)",,"",1,"normal",30,12,,,
"Back/ Biceps","Sep 29, 2024, 11:10 AM","Sep 29, 2024, 12:21 PM","","Rear Delt Reverse Fly (Machine)",,"",2,"failure",35,9,,,
"Back/ Biceps","Sep 29, 2024, 11:10 AM","Sep 29, 2024, 12:21 PM","","Seated Incline Curl (Dumbbell)",,"",0,"normal",8,12,,,
"Back/ Biceps","Sep 29, 2024, 11:10 AM","Sep 29, 2024, 12:21 PM","","Seated Incline Curl (Dumbbell)",,"",1,"normal",10,12,,,
"Back/ Biceps","Sep 29, 2024, 11:10 AM","Sep 29, 2024, 12:21 PM","","Seated Incline Curl (Dumbbell)",,"",2,"failure",12,7,,,
"Back/ Biceps","Sep 29, 2024, 11:10 AM","Sep 29, 2024, 12:21 PM","","Iso-Lateral Row (Machine)",,"",0,"warmup",40,12,,,
"Back/ Biceps","Sep 29, 2024, 11:10 AM","Sep 29, 2024, 12:21 PM","","Iso-Lateral Row (Machine)",,"",1,"normal",80,12,,,
"Back/ Biceps","Sep 29, 2024, 11:10 AM","Sep 29, 2024, 12:21 PM","","Iso-Lateral Row (Machine)",,"",2,"failure",90,7,,,
"Back/ Biceps","Sep 29, 2024, 11:10 AM","Sep 29, 2024, 12:21 PM","","Concentration Curl",,"Per arm",0,"normal",6,12,,,
"Back/ Biceps","Sep 29, 2024, 11:10 AM","Sep 29, 2024, 12:21 PM","","Concentration Curl",,"Per arm",1,"normal",8,12,,,
"Back/ Biceps","Sep 29, 2024, 11:10 AM","Sep 29, 2024, 12:21 PM","","Concentration Curl",,"Per arm",2,"failure",8,11,,,
"Back/ Biceps","Sep 29, 2024, 11:10 AM","Sep 29, 2024, 12:21 PM","","Seated Cable Row - V Grip (Cable)",,"",0,"normal",42.5,12,,,
"Back/ Biceps","Sep 29, 2024, 11:10 AM","Sep 29, 2024, 12:21 PM","","Seated Cable Row - V Grip (Cable)",,"",1,"normal",50,12,,,
"Back/ Biceps","Sep 29, 2024, 11:10 AM","Sep 29, 2024, 12:21 PM","","Seated Cable Row - V Grip (Cable)",,"",2,"failure",60,3,,,
"Back/ Biceps","Sep 29, 2024, 11:10 AM","Sep 29, 2024, 12:21 PM","","Deadlift (Barbell)",,"Ive got shit form",0,"warmup",30,10,,,
"Back/ Biceps","Sep 29, 2024, 11:10 AM","Sep 29, 2024, 12:21 PM","","Deadlift (Barbell)",,"Ive got shit form",1,"normal",50,6,,,
"Back/ Biceps","Sep 29, 2024, 11:10 AM","Sep 29, 2024, 12:21 PM","","Deadlift (Barbell)",,"Ive got shit form",2,"normal",60,6,,,
"Push AND Legs","Sep 28, 2024, 9:05 AM","Sep 28, 2024, 11:19 AM","What the fuck","Bench Press (Barbell)",,"Total weighy",0,"warmup",20,12,,,
"Push AND Legs","Sep 28, 2024, 9:05 AM","Sep 28, 2024, 11:19 AM","What the fuck","Bench Press (Barbell)",,"Total weighy",1,"normal",30,12,,,
"Push AND Legs","Sep 28, 2024, 9:05 AM","Sep 28, 2024, 11:19 AM","What the fuck","Bench Press (Barbell)",,"Total weighy",2,"normal",40,12,,,
"Push AND Legs","Sep 28, 2024, 9:05 AM","Sep 28, 2024, 11:19 AM","What the fuck","Bench Press (Barbell)",,"Total weighy",3,"normal",55,9,,,
"Push AND Legs","Sep 28, 2024, 9:05 AM","Sep 28, 2024, 11:19 AM","What the fuck","Shoulder Press (Dumbbell)",,"Per dumbell",0,"normal",12,12,,,
"Push AND Legs","Sep 28, 2024, 9:05 AM","Sep 28, 2024, 11:19 AM","What the fuck","Shoulder Press (Dumbbell)",,"Per dumbell",1,"normal",14,12,,,
"Push AND Legs","Sep 28, 2024, 9:05 AM","Sep 28, 2024, 11:19 AM","What the fuck","Shoulder Press (Dumbbell)",,"Per dumbell",2,"normal",16,12,,,
"Push AND Legs","Sep 28, 2024, 9:05 AM","Sep 28, 2024, 11:19 AM","What the fuck","Shoulder Press (Dumbbell)",,"Per dumbell",3,"failure",20,9,,,
"Push AND Legs","Sep 28, 2024, 9:05 AM","Sep 28, 2024, 11:19 AM","What the fuck","Chest Press (Machine)",,"",0,"normal",27.5,12,,,
"Push AND Legs","Sep 28, 2024, 9:05 AM","Sep 28, 2024, 11:19 AM","What the fuck","Chest Press (Machine)",,"",1,"normal",30,12,,,
"Push AND Legs","Sep 28, 2024, 9:05 AM","Sep 28, 2024, 11:19 AM","What the fuck","Chest Press (Machine)",,"",2,"normal",35,12,,,
"Push AND Legs","Sep 28, 2024, 9:05 AM","Sep 28, 2024, 11:19 AM","What the fuck","Lateral Raise (Dumbbell)",,"",0,"normal",8,12,,,
"Push AND Legs","Sep 28, 2024, 9:05 AM","Sep 28, 2024, 11:19 AM","What the fuck","Lateral Raise (Dumbbell)",,"",1,"normal",8,12,,,
"Push AND Legs","Sep 28, 2024, 9:05 AM","Sep 28, 2024, 11:19 AM","What the fuck","Lateral Raise (Dumbbell)",,"",2,"failure",10,9,,,
"Push AND Legs","Sep 28, 2024, 9:05 AM","Sep 28, 2024, 11:19 AM","What the fuck","Chest Fly (Machine)",,"",0,"normal",30,12,,,
"Push AND Legs","Sep 28, 2024, 9:05 AM","Sep 28, 2024, 11:19 AM","What the fuck","Chest Fly (Machine)",,"",1,"normal",35,12,,,
"Push AND Legs","Sep 28, 2024, 9:05 AM","Sep 28, 2024, 11:19 AM","What the fuck","Chest Fly (Machine)",,"",2,"failure",45,11,,,
"Push AND Legs","Sep 28, 2024, 9:05 AM","Sep 28, 2024, 11:19 AM","What the fuck","Triceps Pushdown",,"",0,"normal",18.75,12,,,
"Push AND Legs","Sep 28, 2024, 9:05 AM","Sep 28, 2024, 11:19 AM","What the fuck","Triceps Pushdown",,"",1,"normal",21.25,12,,,
"Push AND Legs","Sep 28, 2024, 9:05 AM","Sep 28, 2024, 11:19 AM","What the fuck","Triceps Pushdown",,"",2,"normal",23.75,12,,,
"Push AND Legs","Sep 28, 2024, 9:05 AM","Sep 28, 2024, 11:19 AM","What the fuck","Leg Press (Machine)",,"Total weight (including base)",0,"normal",147,12,,,
"Push AND Legs","Sep 28, 2024, 9:05 AM","Sep 28, 2024, 11:19 AM","What the fuck","Leg Press (Machine)",,"Total weight (including base)",1,"normal",197,12,,,
"Push AND Legs","Sep 28, 2024, 9:05 AM","Sep 28, 2024, 11:19 AM","What the fuck","Leg Press (Machine)",,"Total weight (including base)",2,"failure",247,5,,,
"Push AND Legs","Sep 28, 2024, 9:05 AM","Sep 28, 2024, 11:19 AM","What the fuck","Seated Calf Raise",,"",0,"warmup",53,12,,,
"Push AND Legs","Sep 28, 2024, 9:05 AM","Sep 28, 2024, 11:19 AM","What the fuck","Seated Calf Raise",,"",1,"normal",73,12,,,
"Push AND Legs","Sep 28, 2024, 9:05 AM","Sep 28, 2024, 11:19 AM","What the fuck","Seated Calf Raise",,"",2,"normal",83,12,,,
"Push AND Legs","Sep 28, 2024, 9:05 AM","Sep 28, 2024, 11:19 AM","What the fuck","Seated Calf Raise",,"",3,"failure",93,14,,,
"Push AND Legs","Sep 28, 2024, 9:05 AM","Sep 28, 2024, 11:19 AM","What the fuck","Lying Leg Curl (Machine)",0,"Ss with extensions",0,"normal",35,12,,,
"Push AND Legs","Sep 28, 2024, 9:05 AM","Sep 28, 2024, 11:19 AM","What the fuck","Lying Leg Curl (Machine)",0,"Ss with extensions",1,"normal",42.5,12,,,
"Push AND Legs","Sep 28, 2024, 9:05 AM","Sep 28, 2024, 11:19 AM","What the fuck","Lying Leg Curl (Machine)",0,"Ss with extensions",2,"failure",50,9,,,
"Push AND Legs","Sep 28, 2024, 9:05 AM","Sep 28, 2024, 11:19 AM","What the fuck","Leg Extension (Machine)",0,"",0,"normal",50,12,,,
"Push AND Legs","Sep 28, 2024, 9:05 AM","Sep 28, 2024, 11:19 AM","What the fuck","Leg Extension (Machine)",0,"",1,"normal",65,12,,,
"Push AND Legs","Sep 28, 2024, 9:05 AM","Sep 28, 2024, 11:19 AM","What the fuck","Leg Extension (Machine)",0,"",2,"failure",85,8,,,
"Chest/Shoulder/Tricep + Forearms","Sep 26, 2024, 3:53 PM","Sep 26, 2024, 5:25 PM","","Bench Press (Barbell)",,"",0,"warmup",20,12,,,
"Chest/Shoulder/Tricep + Forearms","Sep 26, 2024, 3:53 PM","Sep 26, 2024, 5:25 PM","","Bench Press (Barbell)",,"",1,"normal",30,12,,,
"Chest/Shoulder/Tricep + Forearms","Sep 26, 2024, 3:53 PM","Sep 26, 2024, 5:25 PM","","Bench Press (Barbell)",,"",2,"normal",40,12,,,
"Chest/Shoulder/Tricep + Forearms","Sep 26, 2024, 3:53 PM","Sep 26, 2024, 5:25 PM","","Bench Press (Barbell)",,"",3,"failure",55,8,,,
"Chest/Shoulder/Tricep + Forearms","Sep 26, 2024, 3:53 PM","Sep 26, 2024, 5:25 PM","","Shoulder Press (Dumbbell)",,"",0,"warmup",12,12,,,
"Chest/Shoulder/Tricep + Forearms","Sep 26, 2024, 3:53 PM","Sep 26, 2024, 5:25 PM","","Shoulder Press (Dumbbell)",,"",1,"normal",14,12,,,
"Chest/Shoulder/Tricep + Forearms","Sep 26, 2024, 3:53 PM","Sep 26, 2024, 5:25 PM","","Shoulder Press (Dumbbell)",,"",2,"normal",16,12,,,
"Chest/Shoulder/Tricep + Forearms","Sep 26, 2024, 3:53 PM","Sep 26, 2024, 5:25 PM","","Shoulder Press (Dumbbell)",,"",3,"failure",20,6,,,
"Chest/Shoulder/Tricep + Forearms","Sep 26, 2024, 3:53 PM","Sep 26, 2024, 5:25 PM","","Triceps Pushdown",,"",0,"normal",18.75,12,,,
"Chest/Shoulder/Tricep + Forearms","Sep 26, 2024, 3:53 PM","Sep 26, 2024, 5:25 PM","","Triceps Pushdown",,"",1,"normal",21.25,12,,,
"Chest/Shoulder/Tricep + Forearms","Sep 26, 2024, 3:53 PM","Sep 26, 2024, 5:25 PM","","Triceps Pushdown",,"",2,"normal",23.75,12,,,
"Chest/Shoulder/Tricep + Forearms","Sep 26, 2024, 3:53 PM","Sep 26, 2024, 5:25 PM","","Triceps Pushdown",,"",3,"failure",26.25,6,,,
"Chest/Shoulder/Tricep + Forearms","Sep 26, 2024, 3:53 PM","Sep 26, 2024, 5:25 PM","","Incline Bench Press (Dumbbell)",,"Try summin new",0,"warmup",10,12,,,
"Chest/Shoulder/Tricep + Forearms","Sep 26, 2024, 3:53 PM","Sep 26, 2024, 5:25 PM","","Incline Bench Press (Dumbbell)",,"Try summin new",1,"normal",14,12,,,
"Chest/Shoulder/Tricep + Forearms","Sep 26, 2024, 3:53 PM","Sep 26, 2024, 5:25 PM","","Incline Bench Press (Dumbbell)",,"Try summin new",2,"normal",16,12,,,
"Chest/Shoulder/Tricep + Forearms","Sep 26, 2024, 3:53 PM","Sep 26, 2024, 5:25 PM","","Incline Bench Press (Dumbbell)",,"Try summin new",3,"failure",18,11,,,
"Chest/Shoulder/Tricep + Forearms","Sep 26, 2024, 3:53 PM","Sep 26, 2024, 5:25 PM","","Lateral Raise (Dumbbell)",,"",0,"normal",8,12,,,
"Chest/Shoulder/Tricep + Forearms","Sep 26, 2024, 3:53 PM","Sep 26, 2024, 5:25 PM","","Lateral Raise (Dumbbell)",,"",1,"normal",8,12,,,
"Chest/Shoulder/Tricep + Forearms","Sep 26, 2024, 3:53 PM","Sep 26, 2024, 5:25 PM","","Lateral Raise (Dumbbell)",,"",2,"failure",10,8,,,
"Chest/Shoulder/Tricep + Forearms","Sep 26, 2024, 3:53 PM","Sep 26, 2024, 5:25 PM","","Behind the Back Bicep Wrist Curl (Barbell)",,"Filler",0,"normal",25,15,,,
"Chest/Shoulder/Tricep + Forearms","Sep 26, 2024, 3:53 PM","Sep 26, 2024, 5:25 PM","","Behind the Back Bicep Wrist Curl (Barbell)",,"Filler",1,"normal",17.25,15,,,
"Chest/Shoulder/Tricep + Forearms","Sep 26, 2024, 3:53 PM","Sep 26, 2024, 5:25 PM","","Behind the Back Bicep Wrist Curl (Barbell)",,"Filler",2,"normal",25,13,,,
"Chest/Shoulder/Tricep + Forearms","Sep 26, 2024, 3:53 PM","Sep 26, 2024, 5:25 PM","","Chest Fly (Machine)",,"",0,"normal",27.5,12,,,
"Chest/Shoulder/Tricep + Forearms","Sep 26, 2024, 3:53 PM","Sep 26, 2024, 5:25 PM","","Chest Fly (Machine)",,"",1,"normal",35,12,,,
"Chest/Shoulder/Tricep + Forearms","Sep 26, 2024, 3:53 PM","Sep 26, 2024, 5:25 PM","","Chest Fly (Machine)",,"",2,"failure",45,11,,,
"Back/ Biceps + Forearms","Sep 25, 2024, 7:28 PM","Sep 25, 2024, 8:32 PM","","Iso-Lateral Row (Machine)",,"",0,"warmup",40,12,,,
"Back/ Biceps + Forearms","Sep 25, 2024, 7:28 PM","Sep 25, 2024, 8:32 PM","","Iso-Lateral Row (Machine)",,"",1,"normal",80,12,,,
"Back/ Biceps + Forearms","Sep 25, 2024, 7:28 PM","Sep 25, 2024, 8:32 PM","","Iso-Lateral Row (Machine)",,"",2,"failure",100,9,,,
"Back/ Biceps + Forearms","Sep 25, 2024, 7:28 PM","Sep 25, 2024, 8:32 PM","","Seated Cable Row - V Grip (Cable)",,"Sigma",0,"normal",35,12,,,
"Back/ Biceps + Forearms","Sep 25, 2024, 7:28 PM","Sep 25, 2024, 8:32 PM","","Seated Cable Row - V Grip (Cable)",,"Sigma",1,"normal",42.5,12,,,
"Back/ Biceps + Forearms","Sep 25, 2024, 7:28 PM","Sep 25, 2024, 8:32 PM","","Seated Cable Row - V Grip (Cable)",,"Sigma",2,"failure",50,13,,,
"Back/ Biceps + Forearms","Sep 25, 2024, 7:28 PM","Sep 25, 2024, 8:32 PM","","Hammer Curl (Dumbbell)",,"",0,"normal",8,12,,,
"Back/ Biceps + Forearms","Sep 25, 2024, 7:28 PM","Sep 25, 2024, 8:32 PM","","Hammer Curl (Dumbbell)",,"",1,"normal",10,12,,,
"Back/ Biceps + Forearms","Sep 25, 2024, 7:28 PM","Sep 25, 2024, 8:32 PM","","Hammer Curl (Dumbbell)",,"",2,"failure",12,11,,,
"Back/ Biceps + Forearms","Sep 25, 2024, 7:28 PM","Sep 25, 2024, 8:32 PM","","Lat Pulldown (Cable)",,"Bar a lil’ different",0,"normal",40,12,,,
"Back/ Biceps + Forearms","Sep 25, 2024, 7:28 PM","Sep 25, 2024, 8:32 PM","","Lat Pulldown (Cable)",,"Bar a lil’ different",1,"normal",47,12,,,
"Back/ Biceps + Forearms","Sep 25, 2024, 7:28 PM","Sep 25, 2024, 8:32 PM","","Lat Pulldown (Cable)",,"Bar a lil’ different",2,"failure",54,8,,,
"Back/ Biceps + Forearms","Sep 25, 2024, 7:28 PM","Sep 25, 2024, 8:32 PM","","Seated Incline Curl (Dumbbell)",,"",0,"normal",8,12,,,
"Back/ Biceps + Forearms","Sep 25, 2024, 7:28 PM","Sep 25, 2024, 8:32 PM","","Seated Incline Curl (Dumbbell)",,"",1,"normal",10,12,,,
"Back/ Biceps + Forearms","Sep 25, 2024, 7:28 PM","Sep 25, 2024, 8:32 PM","","Seated Incline Curl (Dumbbell)",,"",2,"failure",10,11,,,
"Back/ Biceps + Forearms","Sep 25, 2024, 7:28 PM","Sep 25, 2024, 8:32 PM","","Rear Delt Reverse Fly (Machine)",,"",0,"normal",27.5,12,,,
"Back/ Biceps + Forearms","Sep 25, 2024, 7:28 PM","Sep 25, 2024, 8:32 PM","","Rear Delt Reverse Fly (Machine)",,"",1,"normal",30,12,,,
"Back/ Biceps + Forearms","Sep 25, 2024, 7:28 PM","Sep 25, 2024, 8:32 PM","","Rear Delt Reverse Fly (Machine)",,"",2,"failure",35,10,,,
"Back/ Biceps + Forearms","Sep 25, 2024, 7:28 PM","Sep 25, 2024, 8:32 PM","","Behind the Back Bicep Wrist Curl (Barbell)",,"Finisher (pause",0,"normal",16.25,20,,,
"Back/ Biceps + Forearms","Sep 25, 2024, 7:28 PM","Sep 25, 2024, 8:32 PM","","Behind the Back Bicep Wrist Curl (Barbell)",,"Finisher (pause",1,"failure",18.75,19,,,
"Chest/Shoulder/Tricep","Sep 24, 2024, 4:08 PM","Sep 24, 2024, 5:14 PM","","Shoulder Press (Dumbbell)",,"",0,"normal",12,12,,,
"Chest/Shoulder/Tricep","Sep 24, 2024, 4:08 PM","Sep 24, 2024, 5:14 PM","","Shoulder Press (Dumbbell)",,"",1,"normal",14,12,,,
"Chest/Shoulder/Tricep","Sep 24, 2024, 4:08 PM","Sep 24, 2024, 5:14 PM","","Shoulder Press (Dumbbell)",,"",2,"normal",16,12,,,
"Chest/Shoulder/Tricep","Sep 24, 2024, 4:08 PM","Sep 24, 2024, 5:14 PM","","Shoulder Press (Dumbbell)",,"",3,"failure",20,9,,,
"Chest/Shoulder/Tricep","Sep 24, 2024, 4:08 PM","Sep 24, 2024, 5:14 PM","","Bench Press (Barbell)",,"",0,"warmup",20,12,,,
"Chest/Shoulder/Tricep","Sep 24, 2024, 4:08 PM","Sep 24, 2024, 5:14 PM","","Bench Press (Barbell)",,"",1,"normal",30,12,,,
"Chest/Shoulder/Tricep","Sep 24, 2024, 4:08 PM","Sep 24, 2024, 5:14 PM","","Bench Press (Barbell)",,"",2,"normal",40,12,,,
"Chest/Shoulder/Tricep","Sep 24, 2024, 4:08 PM","Sep 24, 2024, 5:14 PM","","Bench Press (Barbell)",,"",3,"normal",55,7,,,
"Chest/Shoulder/Tricep","Sep 24, 2024, 4:08 PM","Sep 24, 2024, 5:14 PM","","Lateral Raise (Dumbbell)",,"",0,"normal",6,12,,,
"Chest/Shoulder/Tricep","Sep 24, 2024, 4:08 PM","Sep 24, 2024, 5:14 PM","","Lateral Raise (Dumbbell)",,"",1,"normal",8,12,,,
"Chest/Shoulder/Tricep","Sep 24, 2024, 4:08 PM","Sep 24, 2024, 5:14 PM","","Lateral Raise (Dumbbell)",,"",2,"normal",10,8,,,
"Chest/Shoulder/Tricep","Sep 24, 2024, 4:08 PM","Sep 24, 2024, 5:14 PM","","Triceps Pushdown",,"Bar a lil different - filler cuz nothing to do",0,"normal",15,12,,,
"Chest/Shoulder/Tricep","Sep 24, 2024, 4:08 PM","Sep 24, 2024, 5:14 PM","","Triceps Pushdown",,"Bar a lil different - filler cuz nothing to do",1,"normal",17.5,12,,,
"Chest/Shoulder/Tricep","Sep 24, 2024, 4:08 PM","Sep 24, 2024, 5:14 PM","","Triceps Pushdown",,"Bar a lil different - filler cuz nothing to do",2,"normal",21.25,12,,,
"Chest/Shoulder/Tricep","Sep 24, 2024, 4:08 PM","Sep 24, 2024, 5:14 PM","","Triceps Pushdown",,"Bar a lil different - filler cuz nothing to do",3,"normal",25,12,,,
"Chest/Shoulder/Tricep","Sep 24, 2024, 4:08 PM","Sep 24, 2024, 5:14 PM","","Triceps Pushdown",,"Bar a lil different - filler cuz nothing to do",4,"failure",28.75,4,,,
"Back/ bicep","Sep 22, 2024, 3:08 PM","Sep 22, 2024, 4:13 PM","","Lat Pulldown (Cable)",,"",0,"normal",40,12,,,
"Back/ bicep","Sep 22, 2024, 3:08 PM","Sep 22, 2024, 4:13 PM","","Lat Pulldown (Cable)",,"",1,"normal",47,12,,,
"Back/ bicep","Sep 22, 2024, 3:08 PM","Sep 22, 2024, 4:13 PM","","Lat Pulldown (Cable)",,"",2,"failure",54,8,,,
"Back/ bicep","Sep 22, 2024, 3:08 PM","Sep 22, 2024, 4:13 PM","","Hammer Curl (Dumbbell)",,"Per dumbell",0,"normal",8,12,,,
"Back/ bicep","Sep 22, 2024, 3:08 PM","Sep 22, 2024, 4:13 PM","","Hammer Curl (Dumbbell)",,"Per dumbell",1,"normal",8,12,,,
"Back/ bicep","Sep 22, 2024, 3:08 PM","Sep 22, 2024, 4:13 PM","","Hammer Curl (Dumbbell)",,"Per dumbell",2,"failure",10,15,,,
"Back/ bicep","Sep 22, 2024, 3:08 PM","Sep 22, 2024, 4:13 PM","","Seated Cable Row - V Grip (Cable)",,"Might have to start higher or something",0,"normal",35,12,,,
"Back/ bicep","Sep 22, 2024, 3:08 PM","Sep 22, 2024, 4:13 PM","","Seated Cable Row - V Grip (Cable)",,"Might have to start higher or something",1,"normal",42.5,12,,,
"Back/ bicep","Sep 22, 2024, 3:08 PM","Sep 22, 2024, 4:13 PM","","Seated Cable Row - V Grip (Cable)",,"Might have to start higher or something",2,"failure",50,11,,,
"Back/ bicep","Sep 22, 2024, 3:08 PM","Sep 22, 2024, 4:13 PM","","Seated Incline Curl (Dumbbell)",,"Actually the right exercises",0,"normal",8,12,,,
"Back/ bicep","Sep 22, 2024, 3:08 PM","Sep 22, 2024, 4:13 PM","","Seated Incline Curl (Dumbbell)",,"Actually the right exercises",1,"normal",10,12,,,
"Back/ bicep","Sep 22, 2024, 3:08 PM","Sep 22, 2024, 4:13 PM","","Seated Incline Curl (Dumbbell)",,"Actually the right exercises",2,"failure",12,7,,,
"Back/ bicep","Sep 22, 2024, 3:08 PM","Sep 22, 2024, 4:13 PM","","Iso-Lateral Row (Machine)",,"Weight is total added, base w is 11kg",0,"warmup",40,12,,,
"Back/ bicep","Sep 22, 2024, 3:08 PM","Sep 22, 2024, 4:13 PM","","Iso-Lateral Row (Machine)",,"Weight is total added, base w is 11kg",1,"normal",80,12,,,
"Back/ bicep","Sep 22, 2024, 3:08 PM","Sep 22, 2024, 4:13 PM","","Iso-Lateral Row (Machine)",,"Weight is total added, base w is 11kg",2,"failure",100,7,,,
"Back/ bicep","Sep 22, 2024, 3:08 PM","Sep 22, 2024, 4:13 PM","","Rear Delt Reverse Fly (Machine)",,"Cool down",0,"normal",25,12,,,
"Back/ bicep","Sep 22, 2024, 3:08 PM","Sep 22, 2024, 4:13 PM","","Rear Delt Reverse Fly (Machine)",,"Cool down",1,"normal",27.5,12,,,
"Leg day","Sep 19, 2024, 3:57 PM","Sep 19, 2024, 5:14 PM","Fuck leg day","Leg Extension (Machine)",,"I fell off",0,"normal",50,12,,,
"Leg day","Sep 19, 2024, 3:57 PM","Sep 19, 2024, 5:14 PM","Fuck leg day","Leg Extension (Machine)",,"I fell off",1,"normal",65,12,,,
"Leg day","Sep 19, 2024, 3:57 PM","Sep 19, 2024, 5:14 PM","Fuck leg day","Leg Extension (Machine)",,"I fell off",2,"failure",85,10,,,
"Leg day","Sep 19, 2024, 3:57 PM","Sep 19, 2024, 5:14 PM","Fuck leg day","Lying Leg Curl (Machine)",,"Why am i sell",0,"normal",35,12,,,
"Leg day","Sep 19, 2024, 3:57 PM","Sep 19, 2024, 5:14 PM","Fuck leg day","Lying Leg Curl (Machine)",,"Why am i sell",1,"normal",42.5,12,,,
"Leg day","Sep 19, 2024, 3:57 PM","Sep 19, 2024, 5:14 PM","Fuck leg day","Lying Leg Curl (Machine)",,"Why am i sell",2,"failure",50,8,,,
"Leg day","Sep 19, 2024, 3:57 PM","Sep 19, 2024, 5:14 PM","Fuck leg day","Leg Press (Machine)",,"Including base weight of 47kg - shouldn’t of done 200 on set 2",0,"warmup",87,12,,,
"Leg day","Sep 19, 2024, 3:57 PM","Sep 19, 2024, 5:14 PM","Fuck leg day","Leg Press (Machine)",,"Including base weight of 47kg - shouldn’t of done 200 on set 2",1,"normal",147,12,,,
"Leg day","Sep 19, 2024, 3:57 PM","Sep 19, 2024, 5:14 PM","Fuck leg day","Leg Press (Machine)",,"Including base weight of 47kg - shouldn’t of done 200 on set 2",2,"failure",197,8,,,
"Leg day","Sep 19, 2024, 3:57 PM","Sep 19, 2024, 5:14 PM","Fuck leg day","Leg Press (Machine)",,"Including base weight of 47kg - shouldn’t of done 200 on set 2",3,"normal",147,12,,,
"Leg day","Sep 19, 2024, 3:57 PM","Sep 19, 2024, 5:14 PM","Fuck leg day","Seated Calf Raise",,"Base weight is 43kg",0,"normal",53,12,,,
"Leg day","Sep 19, 2024, 3:57 PM","Sep 19, 2024, 5:14 PM","Fuck leg day","Seated Calf Raise",,"Base weight is 43kg",1,"normal",58,12,,,
"Leg day","Sep 19, 2024, 3:57 PM","Sep 19, 2024, 5:14 PM","Fuck leg day","Seated Calf Raise",,"Base weight is 43kg",2,"failure",63,15,,,
"Leg day","Sep 19, 2024, 3:57 PM","Sep 19, 2024, 5:14 PM","Fuck leg day","Hack Squat (Machine)",,"Fuck this machine (57kg base)",0,"normal",87,12,,,
"Leg day","Sep 19, 2024, 3:57 PM","Sep 19, 2024, 5:14 PM","Fuck leg day","Squat (Barbell)",,"Leg day sucks",0,"normal",30,12,,,
"Leg day","Sep 19, 2024, 3:57 PM","Sep 19, 2024, 5:14 PM","Fuck leg day","Squat (Barbell)",,"Leg day sucks",1,"normal",30,12,,,
"Leg day","Sep 19, 2024, 3:57 PM","Sep 19, 2024, 5:14 PM","Fuck leg day","Squat (Barbell)",,"Leg day sucks",2,"normal",40,8,,,
"Back/ bicep","Sep 18, 2024, 2:54 PM","Sep 18, 2024, 4:06 PM","","Lat Pulldown (Cable)",,"",0,"normal",40,12,,,
"Back/ bicep","Sep 18, 2024, 2:54 PM","Sep 18, 2024, 4:06 PM","","Lat Pulldown (Cable)",,"",1,"normal",47,12,,,
"Back/ bicep","Sep 18, 2024, 2:54 PM","Sep 18, 2024, 4:06 PM","","Lat Pulldown (Cable)",,"",2,"failure",54,9,,,
"Back/ bicep","Sep 18, 2024, 2:54 PM","Sep 18, 2024, 4:06 PM","","Hammer Curl (Dumbbell)",,"",0,"normal",8,12,,,
"Back/ bicep","Sep 18, 2024, 2:54 PM","Sep 18, 2024, 4:06 PM","","Hammer Curl (Dumbbell)",,"",1,"normal",8,12,,,
"Back/ bicep","Sep 18, 2024, 2:54 PM","Sep 18, 2024, 4:06 PM","","Hammer Curl (Dumbbell)",,"",2,"failure",10,12,,,
"Back/ bicep","Sep 18, 2024, 2:54 PM","Sep 18, 2024, 4:06 PM","","Behind the Back Bicep Wrist Curl (Barbell)",,"Filler cuz waiting for rows",0,"normal",15,20,,,
"Back/ bicep","Sep 18, 2024, 2:54 PM","Sep 18, 2024, 4:06 PM","","Behind the Back Bicep Wrist Curl (Barbell)",,"Filler cuz waiting for rows",1,"normal",15,20,,,
"Back/ bicep","Sep 18, 2024, 2:54 PM","Sep 18, 2024, 4:06 PM","","Behind the Back Bicep Wrist Curl (Barbell)",,"Filler cuz waiting for rows",2,"normal",15,20,,,
"Back/ bicep","Sep 18, 2024, 2:54 PM","Sep 18, 2024, 4:06 PM","","Iso-Lateral Row (Machine)",,"",0,"warmup",40,12,,,
"Back/ bicep","Sep 18, 2024, 2:54 PM","Sep 18, 2024, 4:06 PM","","Iso-Lateral Row (Machine)",,"",1,"normal",80,12,,,
"Back/ bicep","Sep 18, 2024, 2:54 PM","Sep 18, 2024, 4:06 PM","","Iso-Lateral Row (Machine)",,"",2,"failure",80,14,,,
"Back/ bicep","Sep 18, 2024, 2:54 PM","Sep 18, 2024, 4:06 PM","","Bicep Curl (Dumbbell)",,"",0,"normal",10,12,,,
"Back/ bicep","Sep 18, 2024, 2:54 PM","Sep 18, 2024, 4:06 PM","","Bicep Curl (Dumbbell)",,"",1,"normal",10,12,,,
"Back/ bicep","Sep 18, 2024, 2:54 PM","Sep 18, 2024, 4:06 PM","","Bicep Curl (Dumbbell)",,"",2,"failure",12,6,,,
"Back/ bicep","Sep 18, 2024, 2:54 PM","Sep 18, 2024, 4:06 PM","","Seated Cable Row - V Grip (Cable)",,"",0,"normal",27.5,12,,,
"Back/ bicep","Sep 18, 2024, 2:54 PM","Sep 18, 2024, 4:06 PM","","Seated Cable Row - V Grip (Cable)",,"",1,"normal",35,12,,,
"Back/ bicep","Sep 18, 2024, 2:54 PM","Sep 18, 2024, 4:06 PM","","Seated Cable Row - V Grip (Cable)",,"",2,"normal",42.5,13,,,
"Back/ bicep","Sep 18, 2024, 2:54 PM","Sep 18, 2024, 4:06 PM","","Rear Delt Reverse Fly (Machine)",,"Drop thingy",0,"normal",25,12,,,
"Back/ bicep","Sep 18, 2024, 2:54 PM","Sep 18, 2024, 4:06 PM","","Rear Delt Reverse Fly (Machine)",,"Drop thingy",1,"normal",27.5,12,,,
"Back/ bicep","Sep 18, 2024, 2:54 PM","Sep 18, 2024, 4:06 PM","","Rear Delt Reverse Fly (Machine)",,"Drop thingy",2,"normal",30,12,,,
"Chest/Shoulder/Tricep","Sep 17, 2024, 4:39 PM","Sep 17, 2024, 5:49 PM","","Bench Press (Barbell)",,"",0,"warmup",20,12,,,
"Chest/Shoulder/Tricep","Sep 17, 2024, 4:39 PM","Sep 17, 2024, 5:49 PM","","Bench Press (Barbell)",,"",1,"normal",30,12,,,
"Chest/Shoulder/Tricep","Sep 17, 2024, 4:39 PM","Sep 17, 2024, 5:49 PM","","Bench Press (Barbell)",,"",2,"normal",40,12,,,
"Chest/Shoulder/Tricep","Sep 17, 2024, 4:39 PM","Sep 17, 2024, 5:49 PM","","Bench Press (Barbell)",,"",3,"normal",60,3,,,
"Chest/Shoulder/Tricep","Sep 17, 2024, 4:39 PM","Sep 17, 2024, 5:49 PM","","Shoulder Press (Dumbbell)",,"",0,"normal",12,12,,,
"Chest/Shoulder/Tricep","Sep 17, 2024, 4:39 PM","Sep 17, 2024, 5:49 PM","","Shoulder Press (Dumbbell)",,"",1,"normal",14,12,,,
"Chest/Shoulder/Tricep","Sep 17, 2024, 4:39 PM","Sep 17, 2024, 5:49 PM","","Shoulder Press (Dumbbell)",,"",2,"normal",16,12,,,
"Chest/Shoulder/Tricep","Sep 17, 2024, 4:39 PM","Sep 17, 2024, 5:49 PM","","Shoulder Press (Dumbbell)",,"",3,"normal",18,12,,,
"Chest/Shoulder/Tricep","Sep 17, 2024, 4:39 PM","Sep 17, 2024, 5:49 PM","","Chest Press (Machine)",,"",0,"normal",27.5,12,,,
"Chest/Shoulder/Tricep","Sep 17, 2024, 4:39 PM","Sep 17, 2024, 5:49 PM","","Chest Press (Machine)",,"",1,"normal",30,12,,,
"Chest/Shoulder/Tricep","Sep 17, 2024, 4:39 PM","Sep 17, 2024, 5:49 PM","","Chest Press (Machine)",,"",2,"normal",30,12,,,
"Chest/Shoulder/Tricep","Sep 17, 2024, 4:39 PM","Sep 17, 2024, 5:49 PM","","Lateral Raise (Dumbbell)",,"",0,"normal",6,12,,,
"Chest/Shoulder/Tricep","Sep 17, 2024, 4:39 PM","Sep 17, 2024, 5:49 PM","","Lateral Raise (Dumbbell)",,"",1,"normal",8,12,,,
"Chest/Shoulder/Tricep","Sep 17, 2024, 4:39 PM","Sep 17, 2024, 5:49 PM","","Lateral Raise (Dumbbell)",,"",2,"normal",8,12,,,
"Chest/Shoulder/Tricep","Sep 17, 2024, 4:39 PM","Sep 17, 2024, 5:49 PM","","Chest Fly (Machine)",,"",0,"normal",27.5,12,,,
"Chest/Shoulder/Tricep","Sep 17, 2024, 4:39 PM","Sep 17, 2024, 5:49 PM","","Chest Fly (Machine)",,"",1,"normal",35,12,,,
"Chest/Shoulder/Tricep","Sep 17, 2024, 4:39 PM","Sep 17, 2024, 5:49 PM","","Chest Fly (Machine)",,"",2,"normal",42.5,13,,,
"Chest/Shoulder/Tricep","Sep 17, 2024, 4:39 PM","Sep 17, 2024, 5:49 PM","","Triceps Pushdown",,"",0,"normal",16,12,,,
"Chest/Shoulder/Tricep","Sep 17, 2024, 4:39 PM","Sep 17, 2024, 5:49 PM","","Triceps Pushdown",,"",1,"normal",18,12,,,
"Chest/Shoulder/Tricep","Sep 17, 2024, 4:39 PM","Sep 17, 2024, 5:49 PM","","Triceps Pushdown",,"",2,"normal",22,12,,,